{"type":"FeatureCollection","name":"australia_states","crs":{"type":"name","properties":{"name":"urn:ogc:def:crs:OGC:1.3:CRS84"}},"features":[{"type":"Feature","properties":{"STE_CODE21":"1","STE_NAME21":"New South Wales","AUS_CODE21":"AUS","AUS_NAME21":"Australia"},"geometry":{"type":"MultiPolygon","coordinates":[[[[151.11801545348962,-33.86414029831738],[151.1283524724216,-33.8610672892577],[151.12698846487413,-33.84418229901232],[151.14227839146275,-33.85334530050001],[151.15401649129575,-33.84205227151417],[151.16613543782228,-33.855058302734854],[151.14170237927993,-33.8702742905651],[151.18543050628026,-33.845981324470586],[151.1965124528597,-33.85968131560086],[151.1752764241875,-33.87243030370899],[151.1940874328474,-33.86235831539329],[151.20154346033183,-33.87316231616505],[151.20805043203964,-33.85349931663469],[151.24456943408646,-33.87384732019044],[151.26921040127542,-33.8685553224592],[151.2803823945045,-33.83269031325375],[151.28785343108348,-33.8501893240765],[151.285924405746,-33.8918733141882],[151.25768741572637,-33.92202931175551],[151.26597038834163,-33.968017322852894],[151.25189143081482,-33.964658331511735],[151.2492164161915,-34.001801311521405],[151.22602939290192,-33.97672431917782],[151.2126574037428,-33.98474430798454],[151.20890641462523,-33.98219130761634],[151.2207084348211,-33.96814331862052],[151.2020792470696,-33.971310866902684],[151.19910342903717,-33.95985649654468],[151.2057509774558,-33.96452033719799],[151.2080743970795,-33.96483830741719],[151.21246640662918,-33.96349931781802],[151.19282641069861,-33.954198305919185],[151.19201643821194,-33.97356231597913],[151.18519145211314,-33.95182531519013],[151.18268941031073,-33.96791332506931],[151.1620914452229,-33.95335631304672],[151.1494774115537,-33.994187312157024],[151.12849144298522,-34.00600931028555],[151.12987742579435,-33.983585310257745],[151.11518544551694,-34.00140733901528],[151.09019842164895,-33.982465306559725],[151.07166832273668,-33.994249284920926],[151.07476433365983,-33.98402329513691],[151.0544664264338,-33.98511031326043],[151.0618287666968,-33.97522489387448],[151.03653554823717,-33.99091830163802],[151.04651836952684,-33.970520332421074],[151.04467760284055,-33.94769201209065],[151.04116611993646,-33.973214131943564],[151.02452738179917,-33.97718330042899],[151.02565242282515,-33.96828627047101],[151.02248426383036,-33.96416732014864],[151.0153726323112,-33.98321307962302],[151.03434139036113,-33.97738229133998],[151.03281531855689,-33.99253226130443],[151.06627154377028,-33.99232733440646],[151.0430033050685,-34.00765928235476],[151.04282153222147,-34.029142282488024],[151.04684343460173,-34.00701533270641],[151.0695345728203,-33.995918334734505],[151.091757408886,-34.00142030683714],[151.08560248957397,-34.00289631627557],[151.0777184894135,-34.01256735561081],[151.09047651766966,-34.011874346791174],[151.09485446893086,-33.99775928709936],[151.1157654246685,-34.00711127910911],[151.1104044132102,-34.02373630872667],[151.12696249268495,-34.00988634017036],[151.14501038623013,-34.0386022820514],[151.16125357524936,-34.02849736349422],[151.14178944994086,-34.014433321582516],[151.1621244389523,-34.00001531337626],[151.17862940485563,-34.01283032500479],[151.1583204375533,-34.01449831312299],[151.15956344619875,-34.02324532329998],[151.19632343118158,-34.02121531671443],[151.206435430694,-34.01403232760829],[151.19985641151175,-34.014987317000696],[151.19887442230066,-34.01017631687537],[151.18700641424195,-34.008434315755544],[151.1867564244013,-34.00751730572582],[151.2219364301933,-34.00120131896657],[151.2303003955959,-34.026388309924414],[151.2145253957728,-34.04191731855883],[151.16554842298896,-34.04070630397989],[151.1534124303748,-34.07313932307537],[151.14891143352173,-34.05456831252633],[151.14034641217307,-34.07378131186275],[151.13444940327878,-34.07188431130044],[151.13827839483608,-34.05619232154736],[151.13393942554956,-34.0555373111388],[151.11164241649396,-34.072442309182016],[151.11213944035657,-34.04314030902361],[151.10523641149385,-34.042078318374244],[151.10177544972385,-34.05898631817053],[151.10131040078437,-34.05158329807561],[151.09698344201763,-34.04704030764164],[151.0770272839736,-34.05391028583546],[151.0888424807107,-34.065533337014195],[151.08229047232783,-34.0605233163705],[151.06113325486865,-34.064338304432646],[151.05888831465353,-34.0683613142524],[151.0608316140717,-34.070610324448445],[151.05681938433668,-34.07295427409247],[151.05747014415672,-34.07359622415733],[151.10198542883882,-34.065354318234526],[151.10556158642365,-34.079499268665785],[151.09813548708334,-34.08256826799679],[151.09816358662707,-34.0859363380229],[151.0892705078848,-34.08613127719776],[151.087051457915,-34.08829334700664],[151.08337152857897,-34.08730531665786],[151.07911452902658,-34.08855029627112],[151.07858750900166,-34.089303316227436],[151.0992284759789,-34.08961831814759],[151.13220041305374,-34.07597132111958],[151.13284844210915,-34.08230131122411],[151.12161757235592,-34.092523360250176],[151.12419626202703,-34.092200350487886],[151.12966031159345,-34.08955831097797],[151.13516640178193,-34.082247311439524],[151.13315544324615,-34.073515311191336],[151.16897941789185,-34.074905314538626],[151.17176640592962,-34.08649030487937],[151.1278874253447,-34.13790630115023],[150.9887013929006,-34.23184928888771],[150.92802843036932,-34.31661129386994],[150.91941741600556,-34.35852929336618],[150.93130539289797,-34.368739294533995],[150.90209039194528,-34.407683292108885],[150.90981542314776,-34.46475030321621],[150.89490141718107,-34.45101924174626],[150.88408989787118,-34.45769312079628],[150.90794140197767,-34.47549930311775],[150.91364938258013,-34.46478730357006],[150.92191140745885,-34.493838294533184],[150.89136938026402,-34.50635228180344],[150.87484620786208,-34.54229253052967],[150.8627472514193,-34.529080509324594],[150.88661029294897,-34.49158225126285],[150.83240014162627,-34.4862867662377],[150.83791451895186,-34.50018526684068],[150.8153702220213,-34.50202026478173],[150.8135111279846,-34.53417300483307],[150.79693862887484,-34.54574219339145],[150.81038139647129,-34.5488940446473],[150.79531171808762,-34.553403213295034],[150.80470966563806,-34.56133812421241],[150.86318335016563,-34.53793151942586],[150.875133731489,-34.58933858088086],[150.90446129613616,-34.5969554236358],[150.85588235092482,-34.614635909283265],[150.8646847219073,-34.67190412048792],[150.82514035285277,-34.782492287611554],[150.811499366167,-34.772961286292926],[150.78212635806165,-34.79131029372306],[150.74954338431235,-34.85514728117448],[150.75147236924673,-34.89057328159395],[150.77090036563797,-34.895802283410205],[150.7686263418934,-34.926035283408744],[150.78575815873808,-34.93041628500985],[150.78472337129372,-34.986561295299],[150.81024336395714,-35.01244328781837],[150.84972033797507,-35.01287829145001],[150.8316513368421,-35.041171299981656],[150.842988343854,-35.050623301088635],[150.8337633320145,-35.074342300402286],[150.80582630348724,-35.094425287972435],[150.78626431940552,-35.07252929602753],[150.7761593295049,-35.08299929517206],[150.787064334265,-35.035828285850414],[150.76035433418514,-34.99219827310313],[150.6794303420549,-35.02386926591638],[150.6748503471955,-35.06496428577863],[150.69796433288397,-35.071122287932134],[150.70195618526006,-35.12301691865082],[150.66135525208918,-35.11780707490708],[150.63375089205007,-35.148932232601595],[150.59389605875361,-35.143875728937786],[150.60616165539935,-35.1550002201298],[150.5972493419788,-35.19032226955895],[150.54054834714796,-35.21566227457774],[150.5302053361015,-35.235061263770845],[150.54523136201976,-35.24842325522544],[150.47802935638038,-35.29181126942717],[150.47190633398188,-35.31653425904056],[150.48729936050202,-35.32496426049131],[150.4748873581348,-35.35654126958143],[150.4923813241028,-35.36665126123403],[150.45209839710563,-35.38995520774579],[150.3928522861053,-35.464596322899666],[150.40633632468436,-35.53391524458405],[150.32261032682422,-35.61352625757774],[150.32605333309917,-35.63720225804662],[150.2992593458628,-35.647375235706726],[150.30653933950873,-35.68613323662124],[150.298613321012,-35.68407624589533],[150.26560031039696,-35.72650225321683],[150.23414932844017,-35.70296124023973],[150.17726825723426,-35.70306270515192],[150.21448531678092,-35.737913228713666],[150.23715830466182,-35.80170323117134],[150.22419631572726,-35.808736250057564],[150.23528333038738,-35.835514241229724],[150.19914132694672,-35.82858322794834],[150.18670431827283,-35.833103236866584],[150.17766531737743,-35.850186236173066],[150.19136431385346,-35.860492237466374],[150.1692203070323,-35.86250723550103],[150.15024833613327,-35.89112623399848],[150.16455828743634,-36.01301124608919],[150.13447429499814,-36.06592723375668],[150.14150729003535,-36.09442223457355],[150.1243392963046,-36.141911233358094],[150.14857425549604,-36.26695623634907],[150.14581627580583,-36.26788824610912],[150.13876527591077,-36.27532222552924],[150.130778235335,-36.28885323490645],[150.13422427292778,-36.302527235304254],[150.13972825173357,-36.304889245810855],[150.13791825208386,-36.30442424564631],[150.13644428211768,-36.305892235524546],[150.12744224155267,-36.32052823481854],[150.089793262978,-36.353979231685535],[150.06683626057043,-36.39851221993712],[150.0653342490668,-36.41131923988806],[150.06764523759904,-36.41939722014685],[150.08476527353824,-36.42918123173444],[150.075365243906,-36.43747824095276],[150.05482326028516,-36.48810222945976],[150.05554222306452,-36.54019322986649],[150.06829323912032,-36.55412423109179],[149.99988621495504,-36.66498923574512],[149.9971212316811,-36.692204235678325],[149.98276205261922,-36.70226821447162],[149.9793112304494,-36.722215224296534],[149.99187420796588,-36.72555923543162],[149.98185524800826,-36.73706723461911],[149.97720324430617,-36.76961822441992],[149.94062623446828,-36.811670221457426],[149.9343572010448,-36.84411322111491],[149.95001620696382,-36.85537722257331],[149.93017721763448,-36.87397522094019],[149.92959719488957,-36.894701211024056],[149.93033522449207,-36.89672722110249],[149.93324219368753,-36.89915222137526],[149.93631221322084,-36.89891921164517],[149.9381072424466,-36.90244023182685],[149.91970219639705,-36.89542823015433],[149.90479322618927,-36.91463521896266],[149.91344120067976,-36.94457922992136],[149.94592323477127,-36.94911722282212],[149.926670172011,-36.99204721139903],[149.94773720507047,-37.017543233427624],[149.94465718055764,-37.05398322339185],[149.9234192250855,-37.04629323146419],[149.90992119512146,-37.062070210374124],[149.9148521923845,-37.07610622090075],[149.8725192083354,-37.08319520721066],[149.8783101849366,-37.101031207836975],[149.91139016803953,-37.111787220826336],[149.95379418260123,-37.100875224504534],[149.95232517176038,-37.10871423442537],[149.98762117150477,-37.14111122776115],[149.9922621814115,-37.13628722814127],[149.99910818956374,-37.141536228782265],[150.0030101488628,-37.14198122913118],[150.00487416865772,-37.14125623929182],[150.00305317518314,-37.168510229306854],[150.0234941558029,-37.21197123140196],[150.01522215683596,-37.21431923068294],[150.01313914759643,-37.21130423047858],[150.01209713778232,-37.21119822038544],[150.01086113789933,-37.211818230279796],[150.05193713413874,-37.26226022425375],[149.98687516794266,-37.23993722833461],[149.94401313976292,-37.27771622478347],[149.96973115109026,-37.30968422726613],[149.94983615535327,-37.374656225923786],[149.95655912744962,-37.42349622683317],[149.97541516126938,-37.44543722864403],[149.97678011272632,-37.50506422914808],[148.19495121078052,-36.79624011307024],[148.10889407430176,-36.80085304610627],[148.09798897780652,-36.78714925513335],[148.13265956668198,-36.75083485771047],[148.13070806902726,-36.734670157447184],[148.17024794531102,-36.71278642051821],[148.2111764164529,-36.65050603344594],[148.2195523289753,-36.619545303927296],[148.2027862026609,-36.61190302251106],[148.21759002195236,-36.59835604362935],[148.19013928913728,-36.5766079012512],[148.1607186135225,-36.57976253887816],[148.15049359786144,-36.55832286790742],[148.13341566956336,-36.56690830657624],[148.12466773371426,-36.46470048519952],[148.08760677130314,-36.45188240211111],[148.08028552618254,-36.422088261323545],[148.03754817704203,-36.39012593765791],[148.05894617225215,-36.3200337789289],[148.03501710727278,-36.31056500693266],[148.02610148948608,-36.22302892563854],[148.04062608913583,-36.206939066706084],[148.0218248858961,-36.17644952498732],[148.03773208773018,-36.14078454603742],[148.00437203315207,-36.14007897333996],[147.99062110767915,-36.12107400210626],[147.99922372905107,-36.09864219265213],[147.98023577355286,-36.086627361042744],[147.99969713539252,-36.046190642344804],[147.9336987757468,-36.04755818704106],[147.91149536183988,-36.026584255119474],[147.9125709154762,-35.99527415499937],[147.8828855194109,-36.00178538266102],[147.8061588560724,-35.96504398628032],[147.7768551803055,-35.968601053965706],[147.70854934598967,-35.928561108265065],[147.6467826937226,-35.94599549348032],[147.60144308698025,-35.97910562011165],[147.54912079705883,-35.9645365958867],[147.54765939561304,-35.97861243586425],[147.58403296909455,-35.98463493877293],[147.5518792719005,-36.0040823163645],[147.5211157589197,-35.98638427382511],[147.52551896097984,-35.96319558401896],[147.49411754832178,-35.94353586141975],[147.4640780430372,-35.9441239590648],[147.4506905831933,-35.960790998124516],[147.39184543413356,-35.94762720343081],[147.39250587098817,-35.97333128365163],[147.35819871434492,-35.991262631090024],[147.35283044041887,-36.03173614093723],[147.31926350231993,-36.06111386851367],[147.28518255033651,-36.039426005719356],[147.20630471171123,-36.05012310967001],[147.16446185068153,-36.03078529630705],[147.14436711308517,-36.03775158480121],[147.12336301150393,-35.99448452289713],[147.0980794937128,-36.01023307105286],[147.09545002917955,-36.052697471129065],[147.06181765300659,-36.06614200863068],[147.05296902956235,-36.10786842822427],[147.03414635173078,-36.11522562682751],[147.0074499496895,-36.083719024574314],[146.98130432259563,-36.094863312645444],[146.9568297984801,-36.07804849066394],[146.9437106061908,-36.115976989910095],[146.92680950108988,-36.097165508497014],[146.90776845251946,-36.11127141713737],[146.90691554570424,-36.08493397690001],[146.88056201964332,-36.087511064909876],[146.87295795246413,-36.0736684142407],[146.82546851835474,-36.088803670731714],[146.8039419656841,-36.055181768879194],[146.74985687367848,-36.06126399482578],[146.7529338153804,-36.042100214932894],[146.7308483085708,-36.045225793285056],[146.73165091090388,-36.023711493204786],[146.68581728634,-36.040563549859115],[146.6802047093188,-36.022363599317366],[146.65600189276435,-36.02623931752177],[146.65087346569706,-36.00772285701501],[146.61430513284714,-35.99646655419529],[146.61132495603303,-35.972621403815545],[146.58397271914663,-35.983850791839075],[146.56295262434912,-35.96769252015987],[146.54958646369204,-35.99244420932243],[146.50181306523268,-35.958150965531246],[146.49249334365297,-35.98541172501507],[146.50410220147,-35.98823862589896],[146.49271136294942,-35.991336745070086],[146.46681366796318,-35.98375294309185],[146.4619595908551,-35.96499188260787],[146.4423568327384,-35.97621604122373],[146.42606096674436,-35.96384909993226],[146.3806112085411,-36.012881716882504],[146.3875622348693,-36.0356257475461],[146.36958443606852,-36.05072692631328],[146.3388952437397,-36.026382023884466],[146.32907759344482,-36.04313122326855],[146.28302928104804,-36.04147433986098],[146.293110270763,-36.029490510525605],[146.28290106446713,-36.01103529965273],[146.27286490434378,-36.02661757901537],[146.2571888284931,-36.01204001776645],[146.185982216623,-36.04205724273442],[146.17311006122597,-36.01928024164289],[146.1312497079663,-36.019310118581544],[146.13476680925658,-36.00253365872899],[146.11872396012927,-36.018001347658306],[146.09147634546267,-36.00946357561501],[146.09220540404326,-36.021252875745084],[146.0314935667518,-35.99470041115394],[145.9718216040661,-36.0156596769631],[145.9457498017592,-35.98379610486905],[145.95372165291096,-35.961542405300264],[145.92800595569565,-35.9739338035226],[145.90293931028825,-35.96884264168034],[145.9026993421119,-35.952482651556274],[145.85404776913396,-35.959913818101015],[145.85800298682537,-35.975271598485676],[145.8100410628071,-35.99135417514508],[145.7782172413127,-35.96023045266125],[145.7167713222547,-35.95058146820603],[145.726306601613,-35.942298688832615],[145.6973333569053,-35.936488626727886],[145.69818665844073,-35.92096440668745],[145.67387059182533,-35.925879864987486],[145.6790590819655,-35.916815955297736],[145.6203272049498,-35.88387164090811],[145.62635313624483,-35.86274516119788],[145.60114103898457,-35.874994969489485],[145.59323663302763,-35.84906417876008],[145.5580027009093,-35.828217396130256],[145.56284137170874,-35.81343590637584],[145.53876964467946,-35.82180003472927],[145.53570214727984,-35.80199174438325],[145.5216598077611,-35.818642263500884],[145.4721342767087,-35.809217399950164],[145.46253216637982,-35.82685621939001],[145.4198798930914,-35.82816069640329],[145.410631202416,-35.84859980588813],[145.35518341938322,-35.86707108212792],[145.32445919605368,-35.85067310987617],[145.25835871669227,-35.85062970527449],[145.24635953074875,-35.83033052430885],[145.15364464433432,-35.843066717972526],[145.15881066478414,-35.83076627824916],[145.11423095302126,-35.820517915107466],[144.96825244188904,-35.865400845387406],[144.9749609389064,-35.88383179596539],[144.94891382817997,-35.93166867449797],[144.95742910378755,-35.960884815268514],[144.93101140728336,-35.96845650351609],[144.92361703637758,-35.98885779314459],[144.98309904046644,-36.04941778759548],[144.98064926840328,-36.073155637581664],[144.94829604265487,-36.0828907154355],[144.93262005684397,-36.06703601426412],[144.86326526893265,-36.05913972949637],[144.84192792814073,-36.10056352831695],[144.81019243313582,-36.10224986617889],[144.80849721125276,-36.12326585619989],[144.7985575239082,-36.113186515462694],[144.7779804655466,-36.129906184180406],[144.77156097801904,-36.11600398365734],[144.71840848693486,-36.11355194005997],[144.71903101965876,-36.08589168992333],[144.6842463443434,-36.09551827764783],[144.68871508710492,-36.06127215772676],[144.65497146116695,-36.075335905554056],[144.653197533703,-36.05322719529244],[144.6327502275523,-36.04808412389007],[144.61767630705438,-36.07717823306963],[144.61547869203503,-36.03158060262831],[144.5832814665198,-36.03901214052616],[144.56339120290826,-36.00779291899836],[144.51579175198984,-35.994426465745065],[144.51516668500494,-35.96545266551628],[144.49396868813167,-35.968578374129194],[144.46655868608676,-35.933589442086024],[144.44698000906854,-35.93551795080259],[144.41698540643395,-35.910458978658255],[144.4243873962603,-35.90018074908058],[144.4079338685447,-35.90399975801901],[144.41139448246943,-35.858990277956046],[144.3814394779684,-35.85241028593825],[144.373082560824,-35.83726578528979],[144.38661365875203,-35.83610967617358],[144.3721958414964,-35.83193749519689],[144.38412478079914,-35.81955211590228],[144.36481254378225,-35.82092379463953],[144.3768557346117,-35.79296593525111],[144.36233529667163,-35.795820854313824],[144.34892367169323,-35.766962403244605],[144.29528250158432,-35.75436552964256],[144.29606707316222,-35.7370775995818],[144.2678276960743,-35.7537098178411],[144.24815587245791,-35.721020626343226],[144.21595852906927,-35.706463564147725],[144.21348836140686,-35.68665782385815],[144.1623563511096,-35.671512950432586],[144.15263535548453,-35.642664839613886],[144.1314939490668,-35.64074828822977],[144.10502150817092,-35.59076754619003],[144.0622915663781,-35.57675534333696],[144.03922172273187,-35.54924376167001],[144.00965165611385,-35.563293849857324],[143.98987128011535,-35.554650808529445],[143.99673630081682,-35.53593177884887],[143.9746659546757,-35.53254369740923],[143.97010738852322,-35.50006487690532],[143.93336060377382,-35.50659697459278],[143.8587904582411,-35.47996489965748],[143.85544181050275,-35.46182556932613],[143.81302657875676,-35.44625224652705],[143.8180234787862,-35.437531856787686],[143.76285797896188,-35.423053433194816],[143.76380568172223,-35.392227713054034],[143.70918117040253,-35.39252558960395],[143.68423069666807,-35.36816886787263],[143.64661918975006,-35.399241905709154],[143.63124723255297,-35.395499084719546],[143.5984546018364,-35.3520979923811],[143.56217411897438,-35.33750179001676],[143.59086650960916,-35.28164602144681],[143.57115593411578,-35.26685029011742],[143.56391137805176,-35.236848449468894],[143.58100922697716,-35.219225110422606],[143.56393330122432,-35.20261368924667],[143.5291614551322,-35.219908367189795],[143.47148791433472,-35.219280253597745],[143.44949254060057,-35.18909881203597],[143.3910585398803,-35.18886124841858],[143.39065370395286,-35.14509373810776],[143.34086420633312,-35.09570106471542],[143.33906473912384,-35.06817763442467],[143.3508437475835,-35.064688865126975],[143.32208759466224,-35.03671366317465],[143.335993522412,-35.03736235403404],[143.33812419448444,-35.0108785539917],[143.3186458991774,-34.992955132676556],[143.31722647299262,-34.95334556232972],[143.34269676085148,-34.93286118376159],[143.32130011820692,-34.888721902155964],[143.35256945607352,-34.8582219238792],[143.35496364680426,-34.84602642394647],[143.34119713893287,-34.846296083100746],[143.35956504872524,-34.816886444038275],[143.34788313283605,-34.79162234315259],[143.3088508999833,-34.77992571067594],[143.27674199388443,-34.79224754878773],[143.27301165589287,-34.776399348454945],[143.25213609947457,-34.77278976715349],[143.2740223878693,-34.752671848360656],[143.2489326913165,-34.75784280685921],[143.24066711371745,-34.74544759627233],[143.22439531506515,-34.75871199536576],[143.21885401854954,-34.72945697483497],[143.200919750988,-34.73343373376741],[143.18099335623288,-34.70946826239598],[143.1653669678943,-34.71812258150235],[143.16169598026838,-34.697902621146035],[143.14740578099304,-34.71474416038873],[143.1180302966144,-34.70297907852923],[143.12761473603297,-34.69273249904279],[143.10706605844967,-34.701537347855506],[143.12109494751502,-34.687472788612865],[143.1123486794605,-34.680889958039515],[143.0928347606903,-34.701259756992286],[143.07076937615338,-34.67836693550765],[143.05482884682303,-34.69884140468004],[143.04042825021145,-34.685875093726196],[143.0394744388824,-34.702597573778746],[143.03250819170577,-34.682914993229396],[143.01018602423446,-34.69364464195617],[143.0172870148924,-34.67364706225183],[142.9893200502197,-34.66256627049734],[142.97271488993442,-34.69519370971515],[142.95926991468386,-34.66496879870997],[142.92385032169548,-34.647843276476706],[142.88682199466345,-34.679794904475564],[142.86055760003188,-34.66514871281418],[142.87187299956787,-34.65027891339029],[142.85538810314492,-34.63866183233227],[142.8683482121076,-34.62744167303003],[142.84068594655608,-34.625738431372724],[142.8237836313779,-34.60048104020225],[142.8033501439795,-34.60707846903323],[142.81064472438925,-34.58929240934878],[142.78690269807115,-34.589343817941845],[142.810110186939,-34.5608417991297],[142.7914349010874,-34.54637560792732],[142.77020711251396,-34.56794613681275],[142.78376422944842,-34.579063477688315],[142.748297515154,-34.576746525575636],[142.75917981144448,-34.60012279637248],[142.69998735070735,-34.5993662928759],[142.70397271887126,-34.61349378320343],[142.68951038070773,-34.61828445238379],[142.70879573733222,-34.622650133547666],[142.68921303780513,-34.65253315259137],[142.7107600724456,-34.67575673401232],[142.6789060769734,-34.68083419217113],[142.699412160011,-34.724460263663666],[142.6786528434366,-34.72233170242851],[142.67896093193465,-34.73918837255717],[142.6614187461831,-34.72169340141189],[142.6183225823096,-34.728738538931715],[142.62050418953075,-34.757114289245344],[142.64637067495192,-34.76330243080156],[142.6393290245938,-34.78025832049972],[142.52422146440304,-34.759367573642685],[142.49956537998858,-34.73910398207772],[142.5189562300395,-34.70293266296703],[142.49975074302262,-34.703124801852866],[142.51367532177795,-34.69220377258986],[142.49743456583755,-34.674281671529414],[142.5158622238659,-34.663670132529845],[142.47559243938775,-34.672604940251986],[142.48365113120215,-34.636421710481734],[142.45233359633025,-34.63348498864909],[142.46826370559089,-34.612920519436045],[142.46797443975348,-34.564282069099924],[142.44885412313084,-34.55947000796201],[142.4516285906052,-34.58425175828522],[142.42606891642913,-34.5623352066645],[142.40769953880994,-34.56795863564175],[142.4055647213701,-34.541495435344885],[142.3902173831133,-34.54910580451076],[142.36770162817848,-34.530432943092826],[142.39995257385831,-34.52227686489519],[142.37494881832637,-34.51527074340988],[142.39468759709612,-34.49347106440254],[142.35958227209395,-34.49876597241817],[142.38416951001835,-34.4780777836958],[142.35334101550666,-34.469568731867746],[142.36794310610705,-34.43540149248179],[142.35097559197314,-34.39661603125177],[142.37393403913705,-34.3881374525149],[142.37827605042455,-34.364737442610355],[142.3635372229143,-34.36214568174601],[142.3897580588171,-34.362786073258164],[142.3965723098635,-34.33773628348528],[142.2838799781566,-34.32655413694796],[142.2988933875766,-34.3056899876684],[142.28613892030037,-34.29652305687893],[142.2359004371695,-34.306960324082944],[142.24957152837626,-34.26691491459731],[142.23242617190985,-34.256039413549274],[142.2441863037774,-34.21152822392479],[142.22796855808434,-34.18945080285585],[142.16615456809689,-34.18291005930454],[142.16663590046448,-34.1531210591349],[142.14871073356724,-34.14874313809164],[142.12011918728058,-34.156877586530264],[142.11961979588557,-34.17489512662113],[142.08277731164404,-34.17353194453596],[142.06535247618058,-34.150597233404504],[142.07564482616553,-34.13140528385635],[142.0295863136431,-34.12612531123536],[142.03777761452335,-34.099803791520664],[142.01331830781277,-34.10536789018689],[142.0222522948391,-34.12521751081838],[141.97765740267604,-34.1126885482415],[141.9704435218913,-34.13609420799341],[141.9450103671259,-34.11946440646561],[141.9340591872909,-34.138243315979864],[141.92259818095098,-34.11455742518593],[141.9035113241469,-34.11113716410276],[141.88475084671092,-34.114971423087106],[141.8766334861561,-34.137404412785195],[141.7768933330754,-34.11686483714333],[141.77790439412124,-34.10176135709933],[141.75695373650925,-34.112083096015986],[141.76184326691626,-34.09752398618851],[141.73146555208731,-34.09094445447825],[141.7190179120983,-34.11488113395418],[141.70829153520782,-34.09633814324482],[141.67745631954446,-34.10121139159189],[141.63265944481265,-34.121471629284386],[141.62798919364656,-34.145403949187966],[141.61182460662928,-34.1390102582674],[141.61854491424117,-34.15627408874612],[141.5839089798977,-34.151952546838054],[141.6029657061643,-34.1622407279393],[141.5893901070641,-34.177340527302185],[141.60329152383753,-34.19121555814757],[141.53355317454478,-34.19142116437372],[141.53386995298968,-34.210683344517385],[141.5100772562002,-34.216465993271974],[141.51875026764318,-34.18089689350585],[141.49680058299586,-34.155510182156355],[141.44454630005384,-34.16800193943114],[141.43390769340314,-34.14589086871571],[141.40741076743447,-34.14638735730101],[141.40825403873887,-34.127842677224216],[141.38812499129807,-34.134716986194114],[141.3589858676211,-34.110710234482745],[141.32494416068963,-34.1387685728566],[141.31745816386345,-34.11240024228591],[141.259572025365,-34.078121198995035],[141.2425493172729,-34.08732820815668],[141.24181414936882,-34.06130124794688],[141.22847520047367,-34.07363756732452],[141.2059143048384,-34.061709496058086],[141.18495731575678,-34.09193805515492],[141.17467520874575,-34.073320084492806],[141.1536770313007,-34.082104853449366],[141.1531181934742,-34.05450776323886],[141.12034472771595,-34.064852791591974],[141.0942448427872,-34.05064373013627],[141.08922427159692,-34.07668325004542],[141.06560759722058,-34.05004885864078],[141.04247059993926,-34.06108807751062],[141.03615244278464,-34.0360365470182],[141.02433028281047,-34.05989361656145],[141.00194138778448,-34.039270645266264],[141.01237207727337,-34.02472245571088],[140.9992722830937,-28.99908688040498],[148.95809518385585,-28.999051081236935],[148.97172331450304,-28.978277582227598],[149.0318848097392,-28.95658558714157],[149.0805353165169,-28.84198559038697],[149.1278798116476,-28.835522094353873],[149.13957381342613,-28.80672109512768],[149.17919980917364,-28.80301759846959],[149.18862531112958,-28.77510059905918],[149.2246253080535,-28.76464360204794],[149.24535330844793,-28.738946603620896],[149.2693253051665,-28.743249105701953],[149.29675630564552,-28.709735107792454],[149.31842580265396,-28.713885109680003],[149.35858180125265,-28.684053112895956],[149.38749779653827,-28.696159115472575],[149.4524908001745,-28.594842620292393],[149.5033062965416,-28.57436212452197],[149.58724778691257,-28.57336413178309],[149.61096928107162,-28.60107713405486],[149.6254507802309,-28.593542635255353],[149.66179827412606,-28.610421638546637],[149.66673627112584,-28.63211863914295],[149.7039712665991,-28.633900142401927],[149.7211937673438,-28.6094121437171],[149.97725573718384,-28.61355166623489],[150.0153687365193,-28.580534169350628],[150.08004922861534,-28.584267175110597],[150.0922162295126,-28.56404617603515],[150.1384712240122,-28.565437180156962],[150.15253772413027,-28.55018268129156],[150.21259271444234,-28.57428568683077],[150.29007070976476,-28.53717519347355],[150.35058119843305,-28.57504319919277],[150.37015169085777,-28.621123201305902],[150.4148186841812,-28.634227205426253],[150.41289168253041,-28.65041470537716],[150.4421621775379,-28.66428170812195],[150.52457916914625,-28.654472715493235],[150.53929216679822,-28.660035216868256],[150.52747216708437,-28.6693177158693],[150.55102966409578,-28.67158671802052],[150.55390466589606,-28.653280718140284],[150.63223565406577,-28.67707722543518],[150.67342715242359,-28.65044922897997],[150.68137765019253,-28.661661229790763],[150.75126514534645,-28.634237235959194],[150.87407062409153,-28.69438074767957],[150.9074426209335,-28.688511750703924],[150.93842661229192,-28.731234253886672],[151.00992910287454,-28.740934260561914],[151.02823109825397,-28.76196226241653],[151.02409309497733,-28.793470762276062],[151.0427095918529,-28.80158376406143],[151.0444085866063,-28.84387876454388],[151.10333458064312,-28.83657126995088],[151.27417254860976,-28.937899286646587],[151.28410853911714,-29.0068087881049],[151.2716820377146,-29.030378787123464],[151.2905510330017,-29.051082789047264],[151.27513753173506,-29.07641128779948],[151.28047352799058,-29.10214428849572],[151.31801451922996,-29.13804429228512],[151.31560251610455,-29.166079792273763],[151.39412200542685,-29.178015299733246],[151.50278150591566,-29.069853809141076],[151.4900975090223,-29.056561807841774],[151.4978045124858,-29.020866808295274],[151.54483451527545,-28.953273312220055],[151.60978751138822,-28.923444818142624],[151.63519050769233,-28.929564820600238],[151.70637350655542,-28.87170582692318],[151.73386800340998,-28.871442329540738],[151.74244499662535,-28.91849033072078],[151.77334499063275,-28.93806333382013],[151.7769034876373,-28.958988334320946],[151.80690598585218,-28.945284837082657],[151.830665481064,-28.961734339482266],[151.8497809855477,-28.907610840896062],[151.9163219751602,-28.929328847446076],[151.99631647020993,-28.89477685487635],[152.0107024670682,-28.9066718563548],[152.0375494692435,-28.86434235861868],[152.037567970825,-28.8516278585224],[152.0149209736089,-28.850218856326407],[152.03660847514948,-28.817778858168634],[152.0422964851871,-28.73181535805389],[152.07604098424355,-28.708331861132525],[152.066451488716,-28.681177859995614],[152.0105004971203,-28.66497385446934],[151.9859435101773,-28.5821178514615],[151.9573385155806,-28.564733848573248],[151.95535752142627,-28.519177848029678],[151.98263152028727,-28.503315350531842],[151.98880001683537,-28.525603851298776],[152.0167135137132,-28.525220353986246],[152.06968801472158,-28.46852185866081],[152.12124500961667,-28.46263636360322],[152.16008150887322,-28.43325136713935],[152.21724050044705,-28.449100872813528],[152.30937300081362,-28.362826881117453],[152.38797699140002,-28.367450888836586],[152.4163674922751,-28.334989891364913],[152.4151789970301,-28.298060390960803],[152.44295099387537,-28.298414893686882],[152.46345899649165,-28.25920789539425],[152.50753649284846,-28.248986899646532],[152.5339809881756,-28.262681402356],[152.52592448363808,-28.305964901900204],[152.5795114734554,-28.339185407439896],[152.61424797835667,-28.269463910325637],[152.6397529701182,-28.31217341317953],[152.66752246707327,-28.311689915923395],[152.75095495112535,-28.363866924603474],[152.77739095044046,-28.345953927091074],[152.8042649464666,-28.353557429823876],[152.83137494774812,-28.319656932259445],[152.88042994352563,-28.309799937075248],[152.93427143395985,-28.337641942673386],[153.04490742143292,-28.338998953776755],[153.10766041192386,-28.35848146024192],[153.12501041523154,-28.31775146167228],[153.1677419133441,-28.2954639658089],[153.17667241826166,-28.24959046635226],[153.23284391002906,-28.265062972152393],[153.27960390892147,-28.23348047664256],[153.35728939826677,-28.249260984654885],[153.47695239703583,-28.15687949612952],[153.5346548879691,-28.177630002193887],[153.54145038834704,-28.16898500282207],[153.55217713776298,-28.164395983884955],[153.5443597479342,-28.169690503125587],[153.54761587570763,-28.18400450357126],[153.54234337706,-28.178097042984913],[153.50878202921172,-28.19000151964289],[153.493044947499,-28.21648851824097],[153.5201479439109,-28.221028481048712],[153.51674701782792,-28.19387151048808],[153.5379330068003,-28.18381852257804],[153.56179992112314,-28.20712752520581],[153.53734655948608,-28.240359282960643],[153.55310195809218,-28.237688474553657],[153.56520876103227,-28.204941535538122],[153.5486487567012,-28.175516483610583],[153.55007400709707,-28.1712774637234],[153.55642989656053,-28.170018504364798],[153.57143690106523,-28.19942551613347],[153.57003288551434,-28.243084496331296],[153.58630188173808,-28.258193508118143],[153.55205383264985,-28.509156516566353],[153.58059984608428,-28.610752500284175],[153.61118982876886,-28.640137513652594],[153.63860179656456,-28.633471506417482],[153.59581878266624,-28.7751765131236],[153.60885581218594,-28.84319052498971],[153.592044859806,-28.875579473514854],[153.57704869245765,-28.86843647192084],[153.57487522644772,-28.840152301478682],[153.5634486468308,-28.847070470360606],[153.57679490230262,-28.869825521905575],[153.52695076756967,-28.872878496821418],[153.5707519609737,-28.88505750140382],[153.5729177218047,-28.87691852156287],[153.58217872100715,-28.874984512497836],[153.58438588069743,-28.87542749272772],[153.59009180976062,-28.877599523330073],[153.46400445548514,-29.018701361512996],[153.4328055682095,-29.100817458962453],[153.45666455025224,-29.140178221701216],[153.34432747254107,-29.296566691459255],[153.34444685619016,-29.344433621839325],[153.35393375332853,-29.357696502906002],[153.37668754963317,-29.365583385281983],[153.36259580005623,-29.52534065507335],[153.33852845768945,-29.564373702924513],[153.3427896413467,-29.608268673693654],[153.32108071788886,-29.653451501832798],[153.3339799935571,-29.67453856330475],[153.29589650972287,-29.73710140991443],[153.29201560767729,-29.75590033966402],[153.29727350514574,-29.770212270306835],[153.30394943377877,-29.774524231017434],[153.26765396598918,-29.865237978026354],[153.27689799114225,-29.8932859291773],[153.26013429530838,-29.951926777923717],[153.1970896010198,-30.040564862214588],[153.19964678224738,-30.10388969295361],[153.2137196497735,-30.1097115944213],[153.19957005725584,-30.141259583229132],[153.20668105429093,-30.156993504067568],[153.16699292359291,-30.198016620366584],[153.1401908590936,-30.255873588098623],[153.13983111327292,-30.29965654839328],[153.14865199148977,-30.304963489323534],[153.15457787074664,-30.30513548992302],[153.1401301518679,-30.309869528500617],[153.14813204063537,-30.31180746932277],[153.15004800045108,-30.31144548951342],[153.15270995044798,-30.309055469764065],[153.1529349703638,-30.309479449789983],[153.11345701099407,-30.340604536042797],[153.0758126562094,-30.41058046277909],[153.0720906447307,-30.425010462513278],[153.07632464329285,-30.431877482991165],[153.0360346210112,-30.48570845934451],[153.012381631065,-30.581578477689714],[153.02036763122157,-30.647570478987394],[153.00041662033857,-30.672487477171316],[152.98989363693758,-30.707491476377992],[153.01146861421054,-30.856396479658486],[153.0371895774854,-30.882469472437357],[153.06029458403677,-30.88667447479213],[153.07601750322416,-30.87819653631095],[153.08173160874102,-30.90605348709448],[153.08867755716653,-30.91128047783297],[153.0389636009337,-31.00316847351709],[153.04101256549322,-31.041413464008272],[153.06474256045323,-31.056606486508162],[153.0599556206501,-31.059583636048732],[153.0535705700537,-31.069884465483206],[153.05352391927218,-31.07568467552173],[153.0552859585431,-31.07942365572682],[152.9773652758734,-31.17141933858569],[152.98424829293876,-31.18664230938921],[152.96020238846071,-31.242038517389897],[152.97642370660617,-31.31412850955108],[152.9149845214699,-31.409379474102927],[152.9147528595492,-31.42371697418586],[152.91941952824058,-31.42895547469154],[152.9239175375065,-31.43012946515035],[152.92684486535316,-31.44319991554004],[152.93340676391736,-31.447586876229362],[152.93784865946037,-31.476126566885167],[152.8453342981374,-31.572915288352828],[152.83396107196273,-31.629006357631955],[152.84952850827645,-31.641334469275854],[152.80492218851015,-31.681847485126763],[152.79276468614913,-31.710709534128377],[152.8056355018126,-31.73030732555445],[152.73609755981738,-31.81109158923004],[152.73665552628117,-31.836505439472038],[152.75456279278453,-31.845064521314658],[152.60880000789584,-31.947127127611772],[152.54792964486728,-32.02809070219384],[152.54789554868776,-32.07357484252277],[152.51282309740805,-32.11694427938286],[152.5088912803849,-32.17238250939992],[152.57087771629415,-32.21562021582627],[152.5237001817873,-32.29439792174681],[152.5234464694558,-32.31171300184769],[152.551695162572,-32.334597764798914],[152.51632140716944,-32.40849247184856],[152.53995955923787,-32.44335530443098],[152.3356351751561,-32.52706617497306],[152.28503146273837,-32.59476241051847],[152.19568347755953,-32.64790940219734],[152.18667648368464,-32.68538041159177],[152.20504845904583,-32.70120740349256],[152.17310848647847,-32.678327390222265],[152.12949548138383,-32.685664396041325],[152.13765746227273,-32.67096738672716],[152.1219039161965,-32.65773868510382],[152.11439046404814,-32.68109239454376],[152.0614284602757,-32.68805937946579],[152.05030348339534,-32.67612837830403],[152.0611394554689,-32.64993639916307],[152.04298643390737,-32.67967047762224],[152.02980800780702,-32.664008136236006],[151.9940184819971,-32.6688633928163],[151.96992034729388,-32.65376542038418],[151.94450565780522,-32.67553642809331],[151.96008848274695,-32.697414379751415],[151.97886449030574,-32.69663738155511],[151.96926749915934,-32.71479439076088],[151.9432504922419,-32.71812136827913],[151.9433064793858,-32.73926337843666],[151.98808949601096,-32.71920039260702],[152.0401943675266,-32.72966539771246],[152.05857342686332,-32.716141029391935],[152.06955036269062,-32.73596310059649],[152.06348048858672,-32.69848938973943],[152.09107846082688,-32.72816339262424],[152.188192579878,-32.71186440193002],[152.17262046521617,-32.76164340077498],[152.12511247094366,-32.766956396201635],[152.11560746871533,-32.79286338546641],[152.0533494682133,-32.785254389384086],[151.90945348199946,-32.828237385819754],[151.81011563883817,-32.878207506648536],[151.78522435659613,-32.920227324567925],[151.79027807390514,-32.860686054624416],[151.81727851513068,-32.82410491694616],[151.77507226093243,-32.82379890290558],[151.75674764957157,-32.85261535136123],[151.72994639538757,-32.836544328687076],[151.68612721319118,-32.82295783441209],[151.69029773011974,-32.841676054943676],[151.70923954391785,-32.868670376942504],[151.7282282299778,-32.87868606882541],[151.6964604604467,-32.83292933546808],[151.7465189608357,-32.85361608039149],[151.77476963650807,-32.85708836311555],[151.7773083501074,-32.90217034368153],[151.77461443216933,-32.88956541333363],[151.74445094803556,-32.87661307035896],[151.73383714935218,-32.87762609935305],[151.76803454235844,-32.894865142742674],[151.77697746728,-32.9235473338031],[151.76147049154096,-32.90764740220703],[151.76351455900473,-32.92444534252271],[151.78551956584502,-32.92551239463402],[151.79116757562102,-32.92142235514496],[151.7937513352594,-32.92147831539255],[151.79751152519816,-32.91810332572816],[151.80297032475096,-32.91586835623455],[151.80297324470726,-32.916190356237145],[151.73788724734524,-32.96297363035105],[151.7287104521887,-33.010737349816964],[151.66886147489953,-33.05193235440759],[151.6611254816867,-33.08381735389905],[151.64029734440717,-33.08497834192627],[151.64955042610097,-33.062830332648026],[151.6388995086049,-33.05511535158015],[151.657501398592,-33.036082323213286],[151.62827950537803,-33.01548439028758],[151.64390351866916,-32.97483436148204],[151.6142574943857,-32.9625643985771],[151.61664141827976,-33.00577833911258],[151.58906150428706,-32.989242356376344],[151.58408648405435,-32.99611134595352],[151.59771149202876,-32.99723233725424],[151.6195534522042,-33.04816933969209],[151.5935686686569,-33.0267242970719],[151.5773294200741,-33.03287031557542],[151.60004865583693,-33.04112736778976],[151.6000695333979,-33.05933130792175],[151.5859424269708,-33.04719680649463],[151.58076238484313,-33.06844938615507],[151.61116436015183,-33.07213534906648],[151.61379235845112,-33.08212038938732],[151.55341461962288,-33.06094230350932],[151.50995936133847,-33.093065369625755],[151.5241874974481,-33.10746134107424],[151.54817157665545,-33.08856933320989],[151.56514662270334,-33.100573354903815],[151.5649633903856,-33.11808331501135],[151.5387784444943,-33.114456312505084],[151.54183955252066,-33.12604830287758],[151.50983660542306,-33.13749431993095],[151.52727933279905,-33.139046381592],[151.53018739948533,-33.160810352022295],[151.5411854302387,-33.14378532294208],[151.56760018235437,-33.175318425669204],[151.57194163450342,-33.15479134593452],[151.55281950836664,-33.14572932405776],[151.5839065971195,-33.122898306841776],[151.57920930039677,-33.103278296256335],[151.59713156010312,-33.16157436837226],[151.6337943272267,-33.0706503312058],[151.64155549270413,-33.09637536212724],[151.6657544406332,-33.08690234436159],[151.64704545989977,-33.111613352758006],[151.64304246657215,-33.14051135258346],[151.63016847657505,-33.153759341454084],[151.63867344243192,-33.17582235241975],[151.6251474613241,-33.1980173612923],[151.5642494729479,-33.24891235587547],[151.57903042641667,-33.282214347513616],[151.50192450888514,-33.34391634065105],[151.54564253166905,-33.27773331431755],[151.52049261720845,-33.262548331829024],[151.55796643341446,-33.251948315301654],[151.58583042543117,-33.20807034763115],[151.56248551042796,-33.19498335532451],[151.56191850454343,-33.239440385587194],[151.50858957420934,-33.22264638041943],[151.51904250753017,-33.26165437168549],[151.49458339065094,-33.263783309387975],[151.4650115596669,-33.30192333686606],[151.44162054224543,-33.30704729469572],[151.46858636561115,-33.328484297392116],[151.44180055916237,-33.329905324874986],[151.44879643487658,-33.35461536571012],[151.47409650983352,-33.36584429817747],[151.49401964098502,-33.33649529985122],[151.50444844603808,-33.36249835102152],[151.44500242458025,-33.43539034592488],[151.45259443140188,-33.451134346752504],[151.43548644153918,-33.468008335258524],[151.44688643745965,-33.48645933646408],[151.41897945667736,-33.52151533408136],[151.34496746369302,-33.54696832729929],[151.33592958826594,-33.522329366276516],[151.36340584459313,-33.52085017884712],[151.34696645892697,-33.505774307195914],[151.34116545194772,-33.48929935653462],[151.37569852558065,-33.50056109985937],[151.38281920842113,-33.471880030326204],[151.36705245032186,-33.474238168860246],[151.36980954756407,-33.491940139244676],[151.3419839229282,-33.48110736655352],[151.36947152473306,-33.43872934883635],[151.34192176700952,-33.450642286332126],[151.33877934021098,-33.429981335890794],[151.3228416527369,-33.42781953437956],[151.32942438878564,-33.4504903651578],[151.3134724296754,-33.46061635373279],[151.3241554260091,-33.47681932484963],[151.30712347959795,-33.467883323188794],[151.3180055456234,-33.48618130433885],[151.29960363692445,-33.49583268268145],[151.33645552326809,-33.48438131605761],[151.33044532225514,-33.49828234559171],[151.3503993971245,-33.51562830758805],[151.31271147054014,-33.52979031415054],[151.30974532763884,-33.55461028404768],[151.273898503189,-33.550933980662535],[151.25866749270998,-33.5706233493758],[151.2372723336947,-33.51090428695282],[151.26572456314807,-33.4849343394309],[151.23140645499055,-33.50738233637958],[151.22701342253825,-33.53044132613193],[151.19756647138556,-33.495161323132486],[151.23768847834086,-33.47557731674198],[151.23748364127607,-33.45373936656838],[151.2320163394642,-33.47313535619448],[151.19191843302954,-33.488780322560295],[151.1994503756714,-33.53611832359769],[151.18194754283488,-33.50081727171514],[151.15980919460483,-33.51098976972308],[151.15350813871353,-33.486728758964546],[151.17214780838242,-33.4694416605795],[151.15174851256836,-33.45953431860837],[151.17288748244403,-33.43804756042641],[151.1664389948561,-33.42669394974493],[151.14031642292235,-33.46900433761067],[151.1148496471942,-33.463828345204206],[151.10162433682476,-33.48069227409371],[151.08124760414034,-33.4470803319628],[151.07353968515955,-33.447578291250586],[151.06845347422254,-33.460091490866894],[151.0797665841173,-33.44883228183765],[151.09762007701374,-33.48352818374157],[151.15562543097863,-33.467406309025215],[151.13129957124357,-33.49125091692853],[151.15528053684355,-33.49893734921595],[151.1539366437188,-33.523900289267104],[151.11145448195063,-33.507029345193764],[151.13130850752643,-33.519270327127316],[151.1263759266555,-33.5310830667517],[151.14335554442872,-33.529800328323226],[151.13758858362965,-33.54195206787207],[151.1270936256876,-33.53761430686459],[151.1169563759811,-33.54619426598202],[151.14490854258148,-33.54206031855441],[151.15146955897865,-33.56220131930767],[151.13098051112402,-33.567853307439734],[151.1200595602599,-33.585990306551466],[151.1074815220182,-33.586153285382785],[151.10278353246912,-33.58776528495738],[151.12571840755487,-33.60032334717906],[151.1191016200361,-33.588696336481426],[151.13211057916212,-33.581419287640614],[151.14426055668795,-33.5871023388119],[151.1461703769912,-33.58278926895933],[151.13364238033054,-33.57099333770966],[151.16225443565094,-33.57576234040825],[151.15175864037158,-33.55141230925846],[151.16958655691096,-33.55849727096985],[151.14886854272208,-33.536791348886034],[151.17006463948647,-33.538620340874104],[151.17564034197457,-33.51398229121996],[151.19853557395774,-33.54996132361004],[151.2309283809198,-33.53844133655433],[151.21289956890374,-33.57266833511147],[151.23102848784265,-33.56141633672591],[151.2469393833385,-33.57832635833294],[151.23276439324613,-33.5940302871183],[151.19233637962515,-33.58907128330749],[151.1863175600726,-33.59210328276729],[151.2131105641836,-33.607842305379314],[151.16393130874673,-33.625852290917756],[151.149454606857,-33.65545030977741],[151.1640224044279,-33.65817129115395],[151.1733143673561,-33.62631228179573],[151.21850836325368,-33.609086285892296],[151.22359157147451,-33.617026356423224],[151.22888035057403,-33.618163326925476],[151.21979649436645,-33.59938033594419],[151.25673356833317,-33.60543227944045],[151.24954545160338,-33.588562328648926],[151.2730163282343,-33.588946360848276],[151.28480345880743,-33.57220132183405],[151.3108314540743,-33.58010032432951],[151.2925234632866,-33.60531632279108],[151.30443344188868,-33.6031783238924],[151.30279144977817,-33.62067132386185],[151.27042446290665,-33.63152331090589],[151.2826674704942,-33.63659533208823],[151.27219229898444,-33.65895530126475],[151.28477643917805,-33.64419369233934],[151.3010515637794,-33.667270494027214],[151.31210446229383,-33.66666532505939],[151.30468747755106,-33.6352913241427],[151.3160904487683,-33.61416632506315],[151.3321534352647,-33.62335133663527],[151.31593229039504,-33.60219228496384],[151.32351845242871,-33.57900733551197],[151.343026423573,-33.624495337664214],[151.3105684601283,-33.68442832504045],[151.3102254375738,-33.70382231514485],[151.30705036822988,-33.702292364836325],[151.29775337937238,-33.70361330397398],[151.29343156850985,-33.71461434364636],[151.28119552104425,-33.708676322458096],[151.26971043184108,-33.71490028142634],[151.29321161762837,-33.7214152936736],[151.29995943887806,-33.704963304190294],[151.30790030794617,-33.70350737492459],[151.3002034458805,-33.72703532436852],[151.31771946138485,-33.741967316116266],[151.29138066450037,-33.74665362367959],[151.30319658279922,-33.74680834478825],[151.30253042002403,-33.76816431487597],[151.28787176891694,-33.791930433669094],[151.30741043409628,-33.807070315607],[151.30153440274938,-33.82330432517004],[151.28175943887456,-33.798726313144186],[151.2658234311914,-33.79838832164949],[151.27512541830606,-33.80999331260198],[151.2611114292391,-33.81792432134567],[151.25048642312385,-33.8002793102275],[151.23515044489253,-33.803394318815144],[151.23078642962923,-33.77270731819157],[151.22465946902332,-33.78374130769649],[151.20437124342402,-33.77246851572216],[151.2133834505602,-33.784264326646664],[151.2325104374035,-33.78747830845653],[151.21474142961475,-33.789876316812936],[151.23087643653886,-33.795663318361285],[151.21944076504622,-33.8189572074562],[151.2459034533678,-33.80333030982023],[151.25251140922256,-33.8271823306059],[151.2688814369051,-33.82704332213706],[151.24670640652445,-33.85343533024712],[151.2325264108513,-33.83629930880088],[151.23287162913746,-33.848696878920165],[151.22488036154581,-33.839260128107],[151.21520351268586,-33.84106403721553],[151.21862572063932,-33.85267210761669],[151.18904740741965,-33.833621874721324],[151.18112343739642,-33.84224432404257],[151.18163841902896,-33.82950731400122],[151.14587944420748,-33.8289763206644],[151.14955043429094,-33.82443131097445],[151.14416244792787,-33.802979300322],[151.14384942447276,-33.82916130047665],[151.17432023826032,-33.84305208341374],[151.14309340372617,-33.83555229045108],[151.13384251380847,-33.84482426965479],[151.09283345303803,-33.81959627566351],[151.07382546590958,-33.81842628388962],[151.05110837838325,-33.82422551182197],[151.08401202396888,-33.822066414861226],[151.07527301380324,-33.83267507412402],[151.082008281924,-33.83954576479774],[151.09244250255895,-33.82360631565531],[151.0996583287797,-33.84419633647042],[151.12105170604212,-33.841793068443124],[151.11801545348962,-33.86414029831738]],[[149.24679946247073,-35.22913738055975],[149.2049915188788,-35.22908745698342],[149.18561189045948,-35.16110917486869],[149.12095342496943,-35.12440293910884],[148.810139909664,-35.30743569408367],[148.79355220826756,-35.33910928290613],[148.80866523052111,-35.382441744464394],[148.76674716641344,-35.467168421521095],[148.77294533284933,-35.56778509271383],[148.78877883780612,-35.58832686417744],[148.7684393990962,-35.603292962574045],[148.78344799359044,-35.62849744399932],[148.7675040637034,-35.64739976279043],[148.7984537364574,-35.66658330551119],[148.79110332296855,-35.70341248514083],[148.85567113559486,-35.7609455509439],[148.87249125796274,-35.72141507209494],[148.88671079601522,-35.71922613327707],[148.90332515851105,-35.7579243449344],[148.88668449450802,-35.81005085388005],[148.90945125546787,-35.853060706084044],[148.96160460170265,-35.896707540775424],[149.01240047333633,-35.899610685091915],[149.04904916493015,-35.920195938335524],[149.0642893183354,-35.87493448932814],[149.0956928771612,-35.84562382180141],[149.0907150281938,-35.765604020844975],[149.1094232541008,-35.69657283197521],[149.07815327302689,-35.58640404857983],[149.14268707218548,-35.592776354113205],[149.13145903893013,-35.55358992289413],[149.1512613717772,-35.507188764270154],[149.13507767095024,-35.454824982539535],[149.15502178018005,-35.43666288411705],[149.1385981534057,-35.43124500268095],[149.14680968424491,-35.414678443269246],[149.20562858386384,-35.34644454782954],[149.24815636936816,-35.33040108135929],[149.35123061086003,-35.35124628034694],[149.39804101700577,-35.32523900420346],[149.39479073033593,-35.30317587377435],[149.36167134466874,-35.30901194096063],[149.31530585597508,-35.276218086752486],[149.27181343299372,-35.273471923002035],[149.2731844846067,-35.25916603302298],[149.23437914263835,-35.2427786995888],[149.24679946247073,-35.22913738055975]]]]}},{"type":"Feature","properties":{"STE_CODE21":"2","STE_NAME21":"Victoria","AUS_CODE21":"AUS","AUS_NAME21":"Australia"},"geometry":{"type":"MultiPolygon","coordinates":[[[[145.2703856869511,-38.4090987522761],[145.2972669164786,-38.28200185337059],[145.3519987635324,-38.31124789737307],[145.45237575631938,-38.30684284438921],[145.50341585203594,-38.35327988827137],[145.4060926970268,-38.372749831540744],[145.38594929674645,-38.40670792033575],[145.36146857110504,-38.40650757861953],[145.35255750115445,-38.42003538807866],[145.28713940549713,-38.39563719336091],[145.2703856869511,-38.4090987522761]]],[[[145.23464182324105,-38.40950746979227],[145.12984702394783,-38.39046325241654],[145.05029575367118,-38.42992185717689],[145.0312708607042,-38.48706782621851],[145.01100500513505,-38.47964884478273],[144.89466383454638,-38.49144280690424],[144.8882850148105,-38.49935784651813],[144.8866588675413,-38.47720381627258],[144.83857981125038,-38.43031478271922],[144.74175496679098,-38.35393386570164],[144.65173273818212,-38.303834489339074],[144.73414852156094,-38.322467254996475],[144.76673896209346,-38.35637186740335],[144.81468987225887,-38.368535830722294],[144.92317979513854,-38.34924279798038],[144.98839272717757,-38.31669782223813],[144.98283575039844,-38.296399841733425],[145.02561557759194,-38.25333907440164],[145.032425750879,-38.21265989461951],[145.1177561334668,-38.14386776006955],[145.1256176200716,-38.07164333016727],[145.0958291108302,-38.021358947802774],[145.06165603019195,-37.99053412526028],[145.0379214336917,-37.99643363366584],[145.01795049878532,-37.98179077220497],[144.96894485069294,-37.85930880809176],[144.89917110488057,-37.84038279321372],[144.9080512600526,-37.8706868440061],[144.86858746821886,-37.85869906124658],[144.81957246526017,-37.87251470800567],[144.79347360393126,-37.92703337657532],[144.73559213230644,-37.94312188276522],[144.65164532071313,-38.001624997480135],[144.59158389093602,-38.00443240347582],[144.55866924317723,-38.037527811481695],[144.5156979898616,-38.0455912386688],[144.50692385652238,-38.09146076836686],[144.4640224256362,-38.07670170542752],[144.44484652740883,-38.091786994249176],[144.39794896756302,-38.0738032110371],[144.36161191065077,-38.105122878832],[144.36517203583108,-38.14481782930971],[144.4166048356473,-38.1553158027694],[144.42560409740253,-38.123799783171606],[144.47814174381918,-38.16446892690222],[144.55797792076854,-38.15484484215554],[144.63138799292977,-38.107371826772074],[144.69222866087537,-38.119953330933384],[144.72020579307502,-38.14661822298019],[144.70637681864025,-38.21020697243875],[144.70091802858775,-38.2196041621289],[144.69574914948487,-38.21974722178201],[144.7033987901055,-38.20151388218505],[144.68658791351044,-38.19744896102932],[144.62317711888744,-38.251451827104724],[144.632989595177,-38.269775307874156],[144.66677103001547,-38.26222697009425],[144.6722519487189,-38.265254780480895],[144.62017882678407,-38.27589946705339],[144.6138851661375,-38.29223968673184],[144.53871522166557,-38.27161799158574],[144.50843778668863,-38.27477732958956],[144.49989915652128,-38.29047655911767],[144.42896905004858,-38.28151200435855],[144.33229224276548,-38.32324479823407],[144.254019129044,-38.39545884353673],[144.1338241363638,-38.434515775934784],[144.10476363791005,-38.46924221425882],[144.03516752958086,-38.476648869799966],[143.9797340737039,-38.53226277656326],[143.97435386123087,-38.565223736416186],[143.92307187753946,-38.5930947632911],[143.84041803225284,-38.69097975859502],[143.68537722568718,-38.73534675902266],[143.66174793510007,-38.78263771781515],[143.61603691206872,-38.79549575501453],[143.55470909705977,-38.855478761525774],[143.51134605472296,-38.857679708827945],[143.42918325718242,-38.78367773327076],[143.37305604979204,-38.759699759649244],[143.3034252033931,-38.75006668529476],[143.26755409860596,-38.76299374316619],[143.25970214903407,-38.772950722743516],[143.2330711345192,-38.76646370107147],[143.11215509610355,-38.66929375311206],[143.07553914476438,-38.648691760766404],[143.0603381778058,-38.6457366998277],[143.05499610856367,-38.647856749516954],[143.0581741982708,-38.64499068969221],[143.05560127905645,-38.64173771951698],[143.0366710334642,-38.6317346783119],[143.01345608840947,-38.62412471686394],[142.94789038069385,-38.61975468288899],[142.9370320719192,-38.627322702282],[142.85763750842432,-38.60527618739589],[142.5633250090522,-38.42199106890371],[142.49218689449387,-38.393857814584706],[142.47165936720404,-38.404297083453564],[142.3725240401402,-38.34946927738471],[142.2615346786784,-38.36457289109701],[142.24491133872476,-38.39645465033691],[142.1458063770208,-38.39147353466174],[141.9295115461751,-38.27820207180546],[141.7420209320569,-38.25309606125623],[141.67953079196977,-38.26785075791089],[141.6016274319857,-38.3131716839236],[141.65026366619028,-38.393034837054756],[141.62797494017596,-38.39344503583902],[141.6264235093198,-38.40633066583098],[141.573084650412,-38.38969175282556],[141.54279373208772,-38.43295470143743],[141.5212776475758,-38.41469683016257],[141.5192412801023,-38.39001560990557],[141.4610260530429,-38.36208308659392],[141.40707457217127,-38.36906383373287],[141.4132381786999,-38.39627405422553],[141.37432531655406,-38.38674341208192],[141.36553794999276,-38.36530330148413],[141.39769991650397,-38.33854059304829],[141.39211056913845,-38.319715452636515],[141.2952861350697,-38.22062713687419],[141.1501350790603,-38.12682758863488],[140.96580261795776,-38.0559849485865],[140.963688948009,-33.98063640290455],[140.98843795048833,-34.03076379451189],[140.99814555982812,-34.01968464494127],[141.01231790728772,-34.02464129570754],[141.00187637780792,-34.039090275261714],[141.02326827298884,-34.05968640650502],[141.03434319308545,-34.035721376922226],[141.04247059993926,-34.06108807751062],[141.06560759722058,-34.05004885864078],[141.08922427159692,-34.07668325004542],[141.0942448427872,-34.05064373013627],[141.12034472771595,-34.064852791591974],[141.1531181934742,-34.05450776323886],[141.1536770313007,-34.082104853449366],[141.17467520874575,-34.073320084492806],[141.1862365255586,-34.09196316522229],[141.2059143048384,-34.061709496058086],[141.22847520047367,-34.07363756732452],[141.24181414936882,-34.06130124794688],[141.2425493172729,-34.08732820815668],[141.259572025365,-34.078121198995035],[141.31745816386345,-34.11240024228591],[141.32494416068963,-34.1387685728566],[141.3589858676211,-34.110710234482745],[141.38812499129807,-34.134716986194114],[141.40825403873887,-34.127842677224216],[141.40741076743447,-34.14638735730101],[141.43390769340314,-34.14589086871571],[141.44454630005384,-34.16800193943114],[141.4949727933477,-34.15459766205197],[141.51875026764318,-34.18089689350585],[141.5100772562002,-34.216465993271974],[141.53386995298968,-34.210683344517385],[141.53355317454478,-34.19142116437372],[141.60329152383753,-34.19121555814757],[141.5893901070641,-34.177340527302185],[141.6029657061643,-34.1622407279393],[141.58449088985242,-34.1513906168659],[141.61854491424117,-34.15627408874612],[141.61182460662928,-34.1390102582674],[141.62798919364656,-34.145403949187966],[141.63265944481265,-34.121471629284386],[141.67745631954446,-34.10121139159189],[141.70742193536336,-34.096054573195374],[141.72029477192686,-34.11457604402209],[141.7296981323627,-34.09088281438099],[141.76184326691626,-34.09752398618851],[141.75695373650925,-34.112083096015986],[141.77790439412124,-34.10176135709933],[141.7768933330754,-34.11686483714333],[141.8766334861561,-34.137404412785195],[141.90069285457446,-34.11118494394659],[141.92259818095098,-34.11455742518593],[141.93299609745526,-34.13822433592058],[141.9450103671259,-34.11946440646561],[141.9704435218913,-34.13609420799341],[141.9782419125936,-34.11260271827357],[142.0222522948391,-34.12521751081838],[142.01331830781277,-34.10536789018689],[142.03777761452335,-34.099803791520664],[142.0295863136431,-34.12612531123536],[142.07564482616553,-34.13140528385635],[142.06535247618058,-34.150597233404504],[142.08277731164404,-34.17353194453596],[142.11961979588557,-34.17489512662113],[142.12034917726052,-34.15669143654202],[142.1658679106532,-34.15225294908567],[142.16615456809689,-34.18291005930454],[142.21910894013374,-34.181050752296535],[142.24372761398567,-34.209856713887625],[142.23231201199263,-34.25524887353756],[142.2488522269941,-34.28497048467547],[142.2359004371695,-34.306960324082944],[142.28613892030037,-34.29652305687893],[142.2988933875766,-34.3056899876684],[142.2838799781566,-34.32655413694796],[142.39680485979872,-34.338082403500955],[142.3897580588171,-34.362786073258164],[142.3635372229143,-34.36214568174601],[142.37827605042455,-34.364737442610355],[142.37393403913705,-34.3881374525149],[142.35097559197314,-34.39661603125177],[142.36794310610705,-34.43540149248179],[142.35334101550666,-34.469568731867746],[142.38416951001835,-34.4780777836958],[142.35958227209395,-34.49876597241817],[142.39468759709612,-34.49347106440254],[142.37494881832637,-34.51527074340988],[142.39995257385831,-34.52227686489519],[142.36770162817848,-34.530432943092826],[142.3902173831133,-34.54910580451076],[142.4055647213701,-34.541495435344885],[142.40769953880994,-34.56795863564175],[142.42606891642913,-34.5623352066645],[142.4516285906052,-34.58425175828522],[142.44885412313084,-34.55947000796201],[142.46797443975348,-34.564282069099924],[142.46826370559089,-34.612920519436045],[142.45239624630756,-34.6336375186537],[142.48365113120215,-34.636421710481734],[142.47559243938775,-34.672604940251986],[142.5158622238659,-34.663670132529845],[142.49743456583755,-34.674281671529414],[142.51367532177795,-34.69220377258986],[142.49975074302262,-34.703124801852866],[142.5189562300395,-34.70293266296703],[142.49957769998014,-34.73918047207895],[142.55675107794346,-34.77536034564093],[142.63221890537432,-34.78412277010832],[142.64639845494077,-34.763381390803715],[142.62050418953075,-34.757114289245344],[142.6183225823096,-34.728738538931715],[142.6614187461831,-34.72169340141189],[142.67867721197788,-34.739201292540564],[142.6786528434366,-34.72233170242851],[142.69896723002313,-34.725124543641826],[142.67893569702866,-34.680139502168316],[142.71044186241073,-34.67673498399998],[142.68917858786403,-34.65191149258524],[142.70890863739015,-34.62177395354856],[142.68938951086918,-34.616627072365795],[142.72276273777334,-34.59234745417147],[142.7617727511844,-34.5984714465149],[142.748297515154,-34.576746525575636],[142.78376422944842,-34.579063477688315],[142.77020711251396,-34.56794613681275],[142.7914349010874,-34.54637560792732],[142.810110186939,-34.5608417991297],[142.78690269807115,-34.589343817941845],[142.81064472438925,-34.58929240934878],[142.8033501439795,-34.60707846903323],[142.8237836313779,-34.60048104020225],[142.84068594655608,-34.625738431372724],[142.8683482121076,-34.62744167303003],[142.85538810314492,-34.63866183233227],[142.87187299956787,-34.65027891339029],[142.86055760003188,-34.66514871281418],[142.88682199466345,-34.679794904475564],[142.92385032169548,-34.647843276476706],[142.95926991468386,-34.66496879870997],[142.97271488993442,-34.69519370971515],[142.9893200502197,-34.66256627049734],[143.0172870148924,-34.67364706225183],[143.01018602423446,-34.69364464195617],[143.03250819170577,-34.682914993229396],[143.0394744388824,-34.702597573778746],[143.04042825021145,-34.685875093726196],[143.05482884682303,-34.69884140468004],[143.07076937615338,-34.67836693550765],[143.0928347606903,-34.701259756992286],[143.1123486794605,-34.680889958039515],[143.12109494751502,-34.687472788612865],[143.10706605844967,-34.701537347855506],[143.12761473603297,-34.69273249904279],[143.1180302966144,-34.70297907852923],[143.14740578099304,-34.71474416038873],[143.16169598026838,-34.697902621146035],[143.1653669678943,-34.71812258150235],[143.18099335623288,-34.70946826239598],[143.200919750988,-34.73343373376741],[143.21885401854954,-34.72945697483497],[143.22439531506515,-34.75871199536576],[143.24066711371745,-34.74544759627233],[143.2489326913165,-34.75784280685921],[143.26529118960121,-34.74854526779885],[143.2740223878693,-34.752671848360656],[143.25213609947457,-34.77278976715349],[143.27301165589287,-34.776399348454945],[143.27674199388443,-34.79224754878773],[143.3088508999833,-34.77992571067594],[143.34788313283605,-34.79162234315259],[143.35956504872524,-34.816886444038275],[143.34119713893287,-34.846296083100746],[143.35496364680426,-34.84602642394647],[143.35256945607352,-34.8582219238792],[143.32130011820692,-34.888721902155964],[143.34269676085148,-34.93286118376159],[143.31722647299262,-34.95334556232972],[143.3186458991774,-34.992955132676556],[143.33812419448444,-35.0108785539917],[143.335993522412,-35.03736235403404],[143.32208759466224,-35.03671366317465],[143.3508437475835,-35.064688865126975],[143.33906473912384,-35.06817763442467],[143.34086420633312,-35.09570106471542],[143.39065370395286,-35.14509373810776],[143.38194250276732,-35.17310742775294],[143.3946836689848,-35.192363838665365],[143.44949254060057,-35.18909881203597],[143.47148791433472,-35.219280253597745],[143.5708339997344,-35.20689154970583],[143.58099053690603,-35.220023090426636],[143.56372403746104,-35.24353269950082],[143.59086650960916,-35.28164602144681],[143.56208034901445,-35.33723136000913],[143.5984546018364,-35.3520979923811],[143.6204224150122,-35.38766960398943],[143.63302539339676,-35.383454204752745],[143.64234514026498,-35.40102410545227],[143.68423069666807,-35.36816886787263],[143.70918117040253,-35.39252558960395],[143.75101034417742,-35.387822192215616],[143.7688300300176,-35.4017955434345],[143.76285797896188,-35.423053433194816],[143.8180234787862,-35.437531856787686],[143.81302657875676,-35.44625224652705],[143.85544181050275,-35.46182556932613],[143.8587904582411,-35.47996489965748],[143.93336060377382,-35.50659697459278],[143.97010738852322,-35.50006487690532],[143.9746659546757,-35.53254369740923],[143.99673630081682,-35.53593177884887],[143.98987128011535,-35.554650808529445],[144.00965165611385,-35.563293849857324],[144.03922172273187,-35.54924376167001],[144.0622915663781,-35.57675534333696],[144.10502150817092,-35.59076754619003],[144.1314939490668,-35.64074828822977],[144.15263535548453,-35.642664839613886],[144.1623563511096,-35.671512950432586],[144.21348836140686,-35.68665782385815],[144.21595852906927,-35.706463564147725],[144.24815587245791,-35.721020626343226],[144.2645016068388,-35.751389887608546],[144.29606707316222,-35.7370775995818],[144.29528250158432,-35.75436552964256],[144.34911711164557,-35.767128863258414],[144.36233529667163,-35.795820854313824],[144.3768557346117,-35.79296593525111],[144.36481254378225,-35.82092379463953],[144.38412478079914,-35.81955211590228],[144.3721958414964,-35.83193749519689],[144.38144719992943,-35.83266234581083],[144.38661365875203,-35.83610967617358],[144.373082560824,-35.83726578528979],[144.3814394779684,-35.85241028593825],[144.41139448246943,-35.858990277956046],[144.4079338685447,-35.90399975801901],[144.4243873962603,-35.90018074908058],[144.41698540643395,-35.910458978658255],[144.44698000906854,-35.93551795080259],[144.46655868608676,-35.933589442086024],[144.49396868813167,-35.968578374129194],[144.50231380783552,-35.95803894461484],[144.50024585696076,-35.970091234555504],[144.52023160375737,-35.969684635880164],[144.51579175198984,-35.994426465745065],[144.56339120290826,-36.00779291899836],[144.59076624487645,-36.043218751052784],[144.61547869203503,-36.03158060262831],[144.61767630705438,-36.07717823306963],[144.6327502275523,-36.04808412389007],[144.653197533703,-36.05322719529244],[144.65497146116695,-36.075335905554056],[144.68901091704336,-36.061404057747474],[144.68391348443777,-36.095124607622935],[144.71903101965876,-36.08589168992333],[144.72711439507103,-36.11789980067386],[144.7405753139338,-36.107563461513564],[144.77707047570345,-36.12982406411844],[144.7985575239082,-36.113186515462694],[144.80787646131805,-36.123615076160156],[144.80989904316655,-36.102415756160106],[144.84192792814073,-36.10056352831695],[144.86346627890424,-36.059098249509745],[144.93262005684397,-36.06703601426412],[144.94829604265487,-36.0828907154355],[144.98191468828608,-36.072302597662635],[144.96183697714966,-36.01820249594089],[144.92361276638889,-35.98875463314363],[144.93101140728336,-35.96845650351609],[144.9573839837837,-35.96099284526613],[144.94891382817997,-35.93166867449797],[144.9749609389064,-35.88383179596539],[144.9681931618869,-35.8655143453841],[144.99226912936558,-35.852325516943615],[145.0190044846119,-35.85663405880141],[145.04971847204075,-35.833657620757606],[145.12768989083716,-35.82070346603616],[145.13664216798756,-35.83425754674178],[145.1591763646943,-35.83106378827636],[145.15346184436729,-35.84303245795968],[145.2461836807794,-35.83030781429649],[145.25835871669227,-35.85062970527449],[145.32445919605368,-35.85067310987617],[145.355406709349,-35.867054622143414],[145.410631202416,-35.84859980588813],[145.4198798930914,-35.82816069640329],[145.46253216637982,-35.82685621939001],[145.4721342767087,-35.809217399950164],[145.5216598077611,-35.818642263500884],[145.53540374732998,-35.80197006436204],[145.53876964467946,-35.82180003472927],[145.56284137170874,-35.81343590637584],[145.5580027009093,-35.828217396130256],[145.59323663302763,-35.84906417876008],[145.60114103898457,-35.874994969489485],[145.62635313624483,-35.86274516119788],[145.6203272049498,-35.88387164090811],[145.6790590819655,-35.916815955297736],[145.67387059182533,-35.925879864987486],[145.69818665844073,-35.92096440668745],[145.6973333569053,-35.936488626727886],[145.726306601613,-35.942298688832615],[145.7167713222547,-35.95058146820603],[145.7782172413127,-35.96023045266125],[145.81137280255675,-35.99168240524276],[145.85800298682537,-35.975271598485676],[145.85404776913396,-35.959913818101015],[145.9026993421119,-35.952482651556274],[145.90293931028825,-35.96884264168034],[145.92800595569565,-35.9739338035226],[145.95372165291096,-35.961542405300264],[145.9457498017592,-35.98379610486905],[145.97207586401697,-36.015733976981984],[146.0314935667518,-35.99470041115394],[146.09220540404326,-36.021252875745084],[146.09147634546267,-36.00946357561501],[146.11872396012927,-36.018001347658306],[146.13476680925658,-36.00253365872899],[146.1312497079663,-36.019310118581544],[146.17311006122597,-36.01928024164289],[146.185982216623,-36.04205724273442],[146.2571888284931,-36.01204001776645],[146.27286490434378,-36.02661757901537],[146.27503603557747,-36.012427539082545],[146.28290106446713,-36.01103529965273],[146.293110270763,-36.029490510525605],[146.28302928104804,-36.04147433986098],[146.32907759344482,-36.04313122326855],[146.3388952437397,-36.026382023884466],[146.36868993619882,-36.050849636247875],[146.4216790172265,-35.96581812961982],[146.44331283258353,-35.97622804129486],[146.45460066234622,-35.96223391204244],[146.46741265781358,-35.984226933139524],[146.49973268187603,-35.9908570955903],[146.50259108509997,-35.95822156558973],[146.54958646369204,-35.99244420932243],[146.56295262434912,-35.96769252015987],[146.58397271914663,-35.983850791839075],[146.61252593581503,-35.972845403907094],[146.61430513284714,-35.99646655419529],[146.65087346569706,-36.00772285701501],[146.65600189276435,-36.02623931752177],[146.6802047093188,-36.022363599317366],[146.68581728634,-36.040563549859115],[146.73165091090388,-36.023711493204786],[146.7308483085708,-36.045225793285056],[146.7529338153804,-36.042100214932894],[146.74985687367848,-36.06126399482578],[146.8039419656841,-36.055181768879194],[146.82546851835474,-36.088803670731714],[146.87295795246413,-36.0736684142407],[146.88056201964332,-36.087511064909876],[146.90691554570424,-36.08493397690001],[146.90776845251946,-36.11127141713737],[146.92680950108988,-36.097165508497014],[146.9437106061908,-36.115976989910095],[146.9568297984801,-36.07804849066394],[146.98130432259563,-36.094863312645444],[147.0074499496895,-36.083719024574314],[147.03414635173078,-36.11522562682751],[147.05296902956235,-36.10786842822427],[147.06181765300659,-36.06614200863068],[147.09545002917955,-36.052697471129065],[147.0980794937128,-36.01023307105286],[147.12336301150393,-35.99448452289713],[147.14436711308517,-36.03775158480121],[147.16446185068153,-36.03078529630705],[147.20630471171123,-36.05012310967001],[147.28518255033651,-36.039426005719356],[147.31995448222577,-36.060973848566576],[147.40463711258488,-35.94348211440378],[147.4506905831933,-35.960790998124516],[147.4640780430372,-35.9441239590648],[147.49411754832178,-35.94353586141975],[147.52551896097984,-35.96319558401896],[147.5211157589197,-35.98638427382511],[147.5518792719005,-36.0040823163645],[147.58403296909455,-35.98463493877293],[147.54765939561304,-35.97861243586425],[147.54912079705883,-35.9645365958867],[147.60144308698025,-35.97910562011165],[147.6467826937226,-35.94599549348032],[147.70841984601384,-35.928531578254585],[147.7768551803055,-35.968601053965706],[147.8061588560724,-35.96504398628032],[147.8828855194109,-36.00178538266102],[147.91234813552245,-35.995185374980906],[147.92397626791535,-36.042482486226476],[147.99969713539252,-36.046190642344804],[147.9802531335694,-36.0864698710431],[147.99922372905107,-36.09864219265213],[147.9906567676507,-36.121260072110346],[148.00528914294563,-36.14056616341712],[148.03773208773018,-36.14078454603742],[148.0218248858961,-36.17644952498732],[148.04062608913583,-36.206939066706084],[148.02610148948608,-36.22302892563854],[148.03501710727278,-36.31056500693266],[148.05894617225215,-36.3200337789289],[148.03758862702477,-36.39021244766173],[148.08028552618254,-36.422088261323545],[148.08760677130314,-36.45188240211111],[148.12466773371426,-36.46470048519952],[148.13341566956336,-36.56690830657624],[148.15049359786144,-36.55832286790742],[148.1607186135225,-36.57976253887816],[148.19013928913728,-36.5766079012512],[148.217569301972,-36.598226433626806],[148.2027862026609,-36.61190302251106],[148.2195523289753,-36.619545303927296],[148.2111764164529,-36.65050603344594],[148.17024794531102,-36.71278642051821],[148.13070806902726,-36.734670157447184],[148.13265956668198,-36.75083485771047],[148.09798897780652,-36.78714925513335],[148.10889407430176,-36.80085304610627],[148.19495121078052,-36.79624011307024],[149.97619755281158,-37.505146559097],[149.90661418912615,-37.54285219318385],[149.7752528689307,-37.55782510171253],[149.73875301125383,-37.58502459868482],[149.67733394768268,-37.68506907394832],[149.61660116572253,-37.70060000874617],[149.5958439156235,-37.726563457103225],[149.52550604597013,-37.73727151105592],[149.48496319754406,-37.7754282977828],[149.34038402170987,-37.7769004753069],[149.2755027589933,-37.803764119901885],[149.2467157670264,-37.780461367285305],[149.12423138813796,-37.777273806798995],[148.80873840026527,-37.78640423017507],[148.7491921589386,-37.79702387525118],[148.72779079012153,-37.81542423357737],[148.6910319382127,-37.801428480417755],[148.28962059512807,-37.81097527729626],[147.95198772198256,-37.894052960411784],[147.78822180220774,-37.95530925766773],[147.47630863109237,-38.15173659418897],[146.8831443646182,-38.634620981267965],[146.92552247213143,-38.59421196425278],[146.89867942464645,-38.61220493231464],[146.84401057522834,-38.60482196810582],[146.8420435141511,-38.61635997802712],[146.82535750792442,-38.60970996671804],[146.79810263145433,-38.62019594471334],[146.79944437017548,-38.62864299486699],[146.7957975515174,-38.62299494455568],[146.78471242350633,-38.62278100371378],[146.79495265137268,-38.625382994506246],[146.78655564197203,-38.63258499391369],[146.78591338040434,-38.64622800394872],[146.75352347536392,-38.652569931534174],[146.74217952585664,-38.66491200075157],[146.7129183631534,-38.647763918434975],[146.69771341246485,-38.67533694745624],[146.67913451635798,-38.6704829960253],[146.6673416584938,-38.67013396513449],[146.66162739929052,-38.67190895471496],[146.65755652006595,-38.67147793440576],[146.67066443879116,-38.66289697534048],[146.65312564434254,-38.64297197389749],[146.64103465331573,-38.668888993146474],[146.58442538236727,-38.67707393894461],[146.59367561978624,-38.68475498968555],[146.58213545099088,-38.691682928862306],[146.5826985000631,-38.69846199894602],[146.5804286727874,-38.67944895865945],[146.57682940187934,-38.692129968467235],[146.5720104644978,-38.67768693801761],[146.54651561819634,-38.684506966149925],[146.5667515737955,-38.691105927705664],[146.55276952650362,-38.68927696664727],[146.55121465501261,-38.703775956619566],[146.5412055990358,-38.68536293575781],[146.5147172926654,-38.69422935383159],[146.49467456799158,-38.67972552224619],[146.49297366622616,-38.696746692223385],[146.4372076564275,-38.694423418053915],[146.4112083078123,-38.72120495628462],[146.3870594821704,-38.72073526448881],[146.3809920474915,-38.685632013824176],[146.35071111441255,-38.6729071515023],[146.33182641679053,-38.68105544015448],[146.33884554438563,-38.69065250073244],[146.21206496669697,-38.69284143139679],[146.22925384263712,-38.701175342711394],[146.19205358626954,-38.72623200013087],[146.2107044615415,-38.737932861572006],[146.1926025858735,-38.728724010186376],[146.18556589537843,-38.743357189759166],[146.21850290608788,-38.771813062351704],[146.23305314901813,-38.809031213648474],[146.2728197822664,-38.80603481655922],[146.27027645620248,-38.860126716700876],[146.29273373020698,-38.87645263845688],[146.29262123683276,-38.90453793861925],[146.3231040214809,-38.90356546086545],[146.3525802104795,-38.868210742831835],[146.41486650128613,-38.85206540735448],[146.43796509604562,-38.77890897862626],[146.47864163722224,-38.79176742173463],[146.46785573949126,-38.871035911413536],[146.48930083083675,-38.910450883252565],[146.45098700314327,-38.9478378606238],[146.4361158717644,-38.981008469718205],[146.44569697726865,-39.0036945205689],[146.43176043888823,-39.010964019575866],[146.47539788923433,-39.02565345291491],[146.4604443505493,-39.0369019518685],[146.48343850348843,-39.06069158372687],[146.43084227235107,-39.06576634983953],[146.42529657117652,-39.08353579953457],[146.441608457472,-39.089740740785686],[146.42481753545067,-39.1309811797858],[146.3458233804224,-39.125371183890195],[146.32075084042947,-39.08044385176354],[146.34067056725922,-39.07693968321601],[146.35228023739418,-39.05863513396491],[146.3169474345468,-39.05224227131175],[146.3263671442021,-39.04110497194087],[146.3140355075563,-39.03180191097279],[146.3196025569579,-39.02846796136415],[146.32200842648004,-39.02883191154422],[146.32315254640835,-39.02772490162213],[146.3240669161676,-39.028349741693525],[146.3252629059715,-39.02818973178101],[146.32599283590835,-39.02762671183159],[146.32736085559432,-39.02818170193612],[146.3280218354773,-39.02816469198491],[146.3285898454194,-39.02779870202471],[146.32601586591952,-39.027500721832524],[146.32456488610725,-39.028107741728896],[146.3231265964434,-39.027474991618696],[146.31671066743556,-39.028826971152526],[146.30471629831968,-39.039350140329866],[146.2743346490069,-38.99637613782713],[146.24897190361926,-38.99600725595574],[146.2673005909029,-38.99117811727698],[146.2695023527129,-38.97294695732881],[146.23390887566885,-38.91865574437785],[146.12686360508332,-38.83359739600806],[146.03361327422272,-38.81317567908104],[145.99790693667663,-38.84639335668738],[146.00629174142702,-38.877906917487735],[145.92120255295941,-38.909596911512565],[145.86953219798775,-38.776135116971865],[145.76555284938584,-38.66673870883208],[145.7138657210751,-38.64552590500414],[145.65687981760408,-38.676909911130096],[145.60670155635307,-38.67876883757277],[145.56063057774037,-38.651393904138665],[145.4836917724058,-38.55598788812003],[145.37201763452725,-38.536283900151176],[145.36341236779714,-38.52096422945506],[145.41917581876567,-38.51317684331828],[145.43448591827195,-38.493609854274695],[145.4177239637789,-38.47135987296086],[145.4338188550726,-38.4348548938686],[145.41638690132524,-38.40698188247314],[145.51541459282743,-38.41546186949975],[145.54893889189626,-38.371674881601585],[145.54515059623458,-38.339522841136244],[145.5153379516946,-38.33778691901808],[145.52213980491732,-38.29893086925999],[145.49796976200201,-38.27406386740059],[145.48899390819457,-38.233400866517364],[145.438390869243,-38.21438791283714],[145.41092261253252,-38.228035320991324],[145.347077955392,-38.21355684642874],[145.32484694609334,-38.24214219505069],[145.29831488005482,-38.248479903237836],[145.25477900056825,-38.223048880049284],[145.2617366971776,-38.24241283065234],[145.22565970018206,-38.27241484832857],[145.22302593684245,-38.30644877835442],[145.1929401932618,-38.29654385620657],[145.22195763904597,-38.377784168717184],[145.18399206612852,-38.374573496064414],[145.21520473964628,-38.38310027828094],[145.23464182324105,-38.40950746979227]]],[[[145.16088167934586,-38.471857705058824],[145.20657449370762,-38.44972902808936],[145.29860287717736,-38.451440894501445],[145.3025016562145,-38.45384189478808],[145.29433397787818,-38.4519448842068],[145.27913476030403,-38.45435985316215],[145.27876359999496,-38.45768713315662],[145.27495263060788,-38.458253202894596],[145.27325571068138,-38.46027521278876],[145.31041759404525,-38.46061115538183],[145.29074701529674,-38.48047697413096],[145.30557908210258,-38.48542481519569],[145.29732460119703,-38.506433014748055],[145.33281810507256,-38.50477657721607],[145.34018910319662,-38.509768527761814],[145.34730503187222,-38.51028942826266],[145.34993989178264,-38.50694487842657],[145.362846618918,-38.51196983936055],[145.3409426002067,-38.534974627968275],[145.3610876731199,-38.56581486956579],[145.27113881603285,-38.50485283291344],[145.24004994134222,-38.50681483076237],[145.22120897209297,-38.5299398695944],[145.17066568338106,-38.5095618859659],[145.1161836720875,-38.51844488225438],[145.14713395828406,-38.503184844299085],[145.16088167934586,-38.471857705058824]]]]}},{"type":"Feature","properties":{"STE_CODE21":"3","STE_NAME21":"Queensland","AUS_CODE21":"AUS","AUS_NAME21":"Australia"},"geometry":{"type":"MultiPolygon","coordinates":[[[[146.24700720339166,-18.29586561179069],[146.21646707093942,-18.227346198991192],[146.223486823091,-18.194216309219108],[146.2505365378284,-18.237106021548172],[146.30564565380013,-18.24025578558706],[146.2755670197007,-18.31749535405171],[146.30606696454188,-18.355734986598645],[146.33140665226358,-18.36233489850391],[146.3396168102218,-18.38073471925987],[146.32416723973074,-18.400204618296804],[146.35842697590496,-18.418314420954015],[146.32878773564377,-18.447204369033003],[146.3284182427609,-18.483474159313715],[146.30522862355684,-18.493694167708078],[146.22182967071643,-18.476804641497036],[146.19130893159877,-18.366695378350048],[146.15169887859662,-18.3129759250278],[146.10102932422615,-18.2859363411411],[146.0705894693557,-18.247446698622586],[146.12708828649136,-18.234606592585067],[146.1963477983061,-18.27788597796154],[146.2171675066267,-18.28100585949768],[146.2363573742575,-18.294195661002732],[146.24700720339166,-18.29586561179069]]],[[[139.48468141532462,-17.11837694630815],[139.47235139720118,-17.096147075583026],[139.48092129667603,-17.095297035954655],[139.48454125655655,-17.09279701609435],[139.48581120666444,-17.088787016117934],[139.48076124719685,-17.084617055860903],[139.429901899615,-17.104327293779026],[139.4345620676366,-17.139437204268766],[139.39412211299162,-17.082957532035177],[139.42335179127022,-17.07859736328238],[139.4616410612879,-17.02524726453492],[139.4697309908237,-17.023837214880377],[139.47299102005002,-17.035567175119525],[139.49014090849306,-17.044557065950304],[139.4737709902468,-17.030367175111735],[139.50047051983512,-17.002287106064017],[139.4944804713115,-16.979607175614714],[139.55635019463222,-17.03429674880422],[139.55444040305437,-17.069716659007007],[139.57799034035472,-17.09353649024965],[139.52270091356098,-17.102746787864994],[139.51869109284738,-17.123146747852736],[139.48468141532462,-17.11837694630815]]],[[[139.19503253564082,-16.661928469982787],[139.1615301376396,-16.66516835857301],[139.1500351597895,-16.634456357832118],[139.1604651402561,-16.609817358078114],[139.21139212887473,-16.569344369933713],[139.24124314994165,-16.505314350698615],[139.3070941477814,-16.46214336319606],[139.4653975585479,-16.446058489988335],[139.55092011579356,-16.39079836332199],[139.60528591177427,-16.403477825847347],[139.65018572673918,-16.449487478232808],[139.67639553503454,-16.450597329419047],[139.70161550171898,-16.48626709084594],[139.71153568886513,-16.532206931668593],[139.65722610292494,-16.519387289119482],[139.594123115197,-16.555328376588246],[139.57830678872364,-16.502657765453325],[139.55795914048767,-16.492679364466202],[139.56658671081192,-16.474487894701603],[139.546636872738,-16.460518003700642],[139.56082680089992,-16.480257914492412],[139.5406670817947,-16.48819798366134],[139.53033813104685,-16.51759337344272],[139.47502796414204,-16.526218251066343],[139.51432769075006,-16.54513798295768],[139.50628611970478,-16.577838382868162],[139.4837080621779,-16.556008121692198],[139.4530884334854,-16.569488270451902],[139.473078311566,-16.58314812144414],[139.464408362273,-16.579878171035205],[139.45527850283426,-16.58029823063638],[139.47120838144937,-16.58811812140214],[139.4653461198795,-16.629100381477386],[139.43914890147835,-16.630678210336782],[139.45126897901883,-16.666248061159596],[139.41738935089901,-16.672388249720345],[139.40199935339294,-16.640418398785375],[139.37585961498937,-16.64201853765451],[139.37389989303082,-16.68632843792924],[139.3505701544054,-16.68893858693211],[139.31306074488225,-16.730218695635088],[139.2292651101646,-16.73267735202957],[139.22116313164418,-16.712022361512936],[139.19977173322317,-16.707639360557405],[139.19503253564082,-16.661928469982787]]],[[[142.34407130566277,-10.169014460948487],[142.27684743284576,-10.259653457989394],[142.24113616552344,-10.234244475789122],[142.21599631618898,-10.2379194444298],[142.18595535990568,-10.190356432360145],[142.21075539014953,-10.170815453560289],[142.21984543220043,-10.128845483699958],[142.26794538128547,-10.115885476252163],[142.32553635822643,-10.135094459621184],[142.34407130566277,-10.169014460948487]]],[[[142.19639247679825,-10.594180476422407],[142.27743133748217,-10.706469431880725],[142.26482233676802,-10.727209491359243],[142.2550522678886,-10.713799490701298],[142.242922478486,-10.711129460005601],[142.23023245734902,-10.739449499546783],[142.22741220851512,-10.720689439228833],[142.2068623489478,-10.726419468141405],[142.1778711575092,-10.770860476923675],[142.15006118887717,-10.76486044533965],[142.1142314426023,-10.722131413002163],[142.11024232608383,-10.662681462270985],[142.19639247679825,-10.594180476422407]]],[[[151.27760364415047,-23.67691625496731],[151.31488374154452,-23.760602229141796],[151.29033676366012,-23.761655206856368],[151.2845757102566,-23.7972712766123],[151.26478757419434,-23.777897244605203],[151.26959680418668,-23.773994205021776],[151.2708647149571,-23.765955235073744],[151.27499249408646,-23.770448225496125],[151.27645479457314,-23.76482529558621],[151.27148178516023,-23.76360227511191],[151.26262647475824,-23.774564264376046],[151.27457380610042,-23.752517245309],[151.26210055761044,-23.749101204116773],[151.24521904418887,-23.794127492914],[151.21554166658026,-23.79697424017239],[151.12975051838634,-23.66922827114443],[151.04767772087442,-23.622880233161496],[151.03254763795243,-23.570389271329596],[150.977744691793,-23.488329225594676],[151.01208360011807,-23.475320948653835],[151.01710870216925,-23.452250208926703],[151.056977609093,-23.447660212572114],[151.08094785488177,-23.466629244946773],[151.07274779325527,-23.48834923436766],[151.08677660291286,-23.479919185596387],[151.1551557333512,-23.51129922219656],[151.20242552902138,-23.512059196596866],[151.1826457098361,-23.520859214829965],[151.19346583814163,-23.527459275890788],[151.18339555753332,-23.541299195068834],[151.21740476698068,-23.518409248043714],[151.23516463919444,-23.483639269410062],[151.22562462625933,-23.609479249562703],[151.24822253904085,-23.656627282058448],[151.27760364415047,-23.67691625496731]]],[[[148.91270603657807,-20.290944577199745],[148.95848098904312,-20.227626410498566],[148.9380213496961,-20.237246518864737],[148.96676035514793,-20.156086520586186],[148.98377519112842,-20.185064982260542],[148.97618052980704,-20.20521634179381],[148.99805533772638,-20.20964506366888],[148.99163506437492,-20.250358993474762],[149.02594524322106,-20.234895006228715],[149.01500042076574,-20.269715895603216],[149.0253451113289,-20.255405016352196],[149.06308537478327,-20.294153969859934],[149.04682524457056,-20.30952399861987],[149.03292038648874,-20.300485687372177],[149.02208065534117,-20.321385706637006],[148.99026816972452,-20.300747013787177],[148.9865921779521,-20.322501993662755],[148.96319830915445,-20.32874600175161],[148.96239943158832,-20.303581191471313],[148.94990760259776,-20.303008290418656],[148.97487418391137,-20.268830032223697],[148.93756702315542,-20.307110989418923],[148.9289590557816,-20.286203998520513],[148.91270603657807,-20.290944577199745]]],[[[152.9072062721993,-25.7280104292139],[152.93870426673277,-25.747291432517823],[152.9348762555629,-25.759996412237953],[152.9368752443794,-25.768077412503267],[152.95667627371395,-25.757450424397877],[152.97612427996955,-25.772338436465326],[152.96496925759317,-25.80084843557928],[152.93961924071218,-25.79590843300298],[152.94111624765432,-25.81974342334558],[152.97830722521567,-25.809470436984572],[152.9764862447603,-25.814674426844313],[152.9804862443697,-25.814620427244503],[152.9788002639837,-25.819147427112277],[152.98331225287777,-25.824526437607748],[152.98183725481599,-25.8098734373414],[152.98717325507667,-25.803409427823624],[153.0205072485691,-25.82954144137703],[153.02589923526617,-25.852125422100766],[152.99359524493224,-25.881092429095645],[153.00926042283993,-25.885434450701137],[153.02189712393132,-25.866264451813592],[153.03184717153678,-25.877717402904686],[153.00095411107338,-25.906604430039494],[153.0149390503537,-25.901100801397327],[153.01642441987093,-25.90383044156838],[153.00344136734856,-25.934963430518053],[153.0313042546865,-25.933987483305124],[153.02441532451397,-25.940996412670444],[153.00543433505925,-25.95200548085557],[153.00184332558592,-25.950637480484488],[153.00168312550332,-25.95144143047492],[153.00053037559027,-25.951671390361224],[153.00066031554692,-25.951919440376255],[152.99846218559156,-25.953346470167435],[152.9980481655411,-25.954095440131987],[153.00336540414622,-25.961133450721874],[153.00878014423742,-25.955978431223155],[153.00362638332513,-25.967613450800386],[152.99982012371635,-25.967527410418107],[152.99919623370107,-25.968160480360684],[152.99914516360187,-25.969010810362434],[153.0165071883919,-25.997298422331852],[153.02667718852075,-25.987960473276797],[153.01478640107396,-25.97685942199419],[153.03117033929047,-25.97803544364755],[153.0239883423424,-25.959033392773332],[153.03909535953434,-25.96959939437495],[153.03225610310034,-25.9461324334988],[153.05678220268976,-25.92954147582758],[153.02765929648433,-25.92230340284489],[153.02464717857058,-25.907748432424967],[153.03730832675225,-25.912278393732326],[153.05140630708192,-25.898146415033736],[153.05027736587823,-25.908865405007003],[153.05828808439557,-25.914434425856754],[153.06613033715803,-25.88558439641151],[153.04645811356053,-25.849365434142193],[153.0708132147982,-25.819558416347917],[153.04552320869496,-25.808245403715496],[153.07225537561172,-25.81176244642978],[153.08591231480136,-25.888735488425873],[153.1198991658988,-25.933558462208964],[153.16198533969887,-25.949788416582305],[153.19234125875562,-25.932909469509923],[153.11319526560803,-26.103497442906043],[153.06137316492888,-26.313154149381376],[153.08043115455567,-26.381250441844575],[153.11995313077762,-26.379236485806203],[153.09191677644924,-26.517637354094507],[153.09869331019897,-26.642581415777354],[153.10901514562707,-26.670699457041454],[153.13940423142816,-26.679183450171028],[153.13700412989732,-26.773406420682413],[153.15140016486822,-26.801637442359503],[153.12456503703282,-26.806626409694164],[153.10887509862906,-26.88681345875375],[153.08198121032194,-26.89571985611811],[153.0709060898126,-26.909038445110497],[153.06108850285648,-26.8929009939949],[153.05885368097793,-26.909792983904968],[153.05915670065556,-26.912117993953952],[153.06245768982157,-26.916026974316893],[153.05872176936174,-26.922826993995614],[153.0620037683356,-26.928285954368974],[153.0431412280676,-26.946213082616605],[153.06586503208942,-26.974958795128963],[153.04276808520075,-26.969446442764205],[153.06821311053406,-26.98541144544827],[153.08370107379864,-27.02617445733041],[153.10265293069335,-27.03504990930831],[153.11264892724498,-27.054138800466763],[153.09890619745846,-27.06394984916109],[153.14420864123267,-27.07554552381754],[153.06667706494295,-27.11102901629329],[153.02949808034634,-27.178948453097743],[153.03774912723108,-27.19679986406794],[153.0873984608176,-27.205971539131575],[153.11476706976052,-27.191348451770732],[153.10786375162635,-27.261698551633813],[153.0775339247308,-27.262628398588763],[153.07572115928645,-27.227972478131495],[153.05388307132546,-27.230179445953606],[153.07862604438,-27.26449245871339],[153.0649574111891,-27.301363397631224],[153.0943124628092,-27.343020870914213],[153.15563442375424,-27.362926637251316],[153.1605314013996,-27.37739953786006],[153.1410900384569,-27.417042466212838],[153.10803403888707,-27.441592463076034],[153.0497866153058,-27.44017015720558],[153.05278004100612,-27.47168044775556],[153.03445704411484,-27.46262645584335],[153.03032605243183,-27.479473445561755],[153.01668804539068,-27.467623454099165],[153.00413018587855,-27.47444242289321],[152.99463186495515,-27.489857452062548],[153.02062106081385,-27.50055043475412],[153.0004590521843,-27.50686444278125],[152.9978749614446,-27.51493135258585],[153.00838184955197,-27.52097428368738],[152.97061311568578,-27.50454444977155],[152.96580905497476,-27.514289439367353],[152.9735511005777,-27.542564410366158],[152.96601305130156,-27.543263439616613],[152.95473601424032,-27.529579478379407],[152.93856917651408,-27.525345426728066],[152.9297160671857,-27.527582465860192],[152.92744704718484,-27.529531435648675],[152.9251860559421,-27.541342425515836],[152.9074930475937,-27.54337043376332],[152.90415204781397,-27.544482433438276],[152.90290404774015,-27.546139443326666],[152.9029190474899,-27.548116443343787],[152.9065880261762,-27.555416433767977],[152.89454302683433,-27.560513442604957],[152.89379302473986,-27.57781144266657],[152.8970420332754,-27.58666443306089],[152.90508104122796,-27.59603344393787],[152.90599402047306,-27.601246444070217],[152.88847117368704,-27.59075167223721],[152.89609003145256,-27.60196844308652],[152.90670401038545,-27.601332784141835],[152.90588295112627,-27.59615278401894],[152.894626024496,-27.5790354327594],[152.90725232608216,-27.555594293835753],[152.90428662774283,-27.544932923455285],[152.92454828586193,-27.54252577546141],[152.94060992594626,-27.52811070695408],[152.96541905119489,-27.54461742956782],[152.97415152025303,-27.544626480442574],[152.97250129530568,-27.505949549971795],[153.0095990491638,-27.523012453825604],[153.00167504178447,-27.508997442920055],[153.02286702066007,-27.49985644497406],[152.99652343486846,-27.488933342244895],[153.00460004554157,-27.476715442958305],[153.0315980420033,-27.48178644570775],[153.03518467377143,-27.46472910593305],[153.05316994056545,-27.47483795781971],[153.0534991746453,-27.4422510375951],[153.08737504001718,-27.450154441064118],[153.11425417833223,-27.440713493695565],[153.16403612795074,-27.401674408405977],[153.15649781992616,-27.392436007572147],[153.18884701242717,-27.34544747046582],[153.20219126006333,-27.35288081187312],[153.1834847869236,-27.393388330303953],[153.1676850385512,-27.393858448712383],[153.1654480982284,-27.39829238852171],[153.19201603549334,-27.476275451821735],[153.22830100074233,-27.48305746554403],[153.2412607716271,-27.465189036714268],[153.24164390961164,-27.480706006875806],[153.2605906171128,-27.484386898823598],[153.26163312295185,-27.516168439180543],[153.29072136049285,-27.51097967208809],[153.28110470660997,-27.54950067141742],[153.3181509884738,-27.58200948543298],[153.301482607884,-27.6006534638884],[153.3230379628022,-27.70029302686281],[153.29315738586155,-27.701643243840696],[153.30046336365862,-27.71267015466884],[153.3036653330827,-27.714460125007868],[153.30737628268744,-27.714410095384082],[153.34829946073057,-27.69514689938889],[153.35651049772045,-27.7116817803541],[153.37194722661783,-27.707265701889426],[153.38511904485574,-27.709893593250673],[153.39250391433197,-27.707755563985682],[153.40578398946883,-27.734396375548354],[153.412281937927,-27.74091032626179],[153.42639371627413,-27.741881217707885],[153.43928945566847,-27.735747198974693],[153.42664191152505,-27.77853108802204],[153.38427672536926,-27.7843663737519],[153.38204840534738,-27.7864155835412],[153.39155957334543,-27.79394824456884],[153.3836356739806,-27.795696293775876],[153.3815447334871,-27.80129430360713],[153.37752681420505,-27.799106323180965],[153.37660282423496,-27.79965333309124],[153.37535886401665,-27.802399492986275],[153.37359489452624,-27.799928352787322],[153.37181190483648,-27.79902237259877],[153.36878795502244,-27.800129392299826],[153.36662927575068,-27.796290952049983],[153.35635714669058,-27.797656481015984],[153.34985832707451,-27.80016051037494],[153.36874710482047,-27.801733492308294],[153.37107679272523,-27.81604890265804],[153.3858669596863,-27.827164164250803],[153.38065796943587,-27.83350648377048],[153.37914193840496,-27.84279048368926],[153.3947689370176,-27.840363045261107],[153.39559011385816,-27.86417796553214],[153.4019369832222,-27.86374991617523],[153.38464237378653,-27.87398300449457],[153.38225443433504,-27.871746024233893],[153.38242730586126,-27.859758074157163],[153.3795842767697,-27.855110113831223],[153.36640796869642,-27.85128847246041],[153.38161495593044,-27.85990748407566],[153.37731693410856,-27.877677493778],[153.38079695225625,-27.88910347422207],[153.3423611757054,-27.894870260358115],[153.34318633365936,-27.9100592005614],[153.34884733185373,-27.91927712120929],[153.35845793414748,-27.89333215198252],[153.38245657187278,-27.89067396440334],[153.37921818438886,-27.873894993941754],[153.39060074268195,-27.87751457512898],[153.40056210226774,-27.87231089610253],[153.39633828116501,-27.884427675767633],[153.41030774053513,-27.9549436077451],[153.421409426851,-27.97404698902671],[153.41632282643263,-27.981585558567417],[153.41524092422108,-27.99959848859861],[153.42813663409598,-27.989650479835174],[153.42128741115172,-27.940888588753747],[153.4241269312658,-27.93760648901743],[153.43366643053741,-27.93518098997115],[153.45036700948367,-28.083593112840315],[153.514323572378,-28.16100649998269],[153.55217713776298,-28.164395983884955],[153.5346548879691,-28.177630002193887],[153.47695239703583,-28.15687949612952],[153.35728939826677,-28.249260984654885],[153.27960390892147,-28.23348047664256],[153.23284391002906,-28.265062972152393],[153.17667241826166,-28.24959046635226],[153.1677419133441,-28.2954639658089],[153.12501041523154,-28.31775146167228],[153.10766041192386,-28.35848146024192],[153.04490742143292,-28.338998953776755],[152.93427143395985,-28.337641942673386],[152.88042994352563,-28.309799937075248],[152.83137494774812,-28.319656932259445],[152.8042649464666,-28.353557429823876],[152.77739095044046,-28.345953927091074],[152.75095495112535,-28.363866924603474],[152.66752246707327,-28.311689915923395],[152.6397529701182,-28.31217341317953],[152.61424797835667,-28.269463910325637],[152.5795114734554,-28.339185407439896],[152.52592448363808,-28.305964901900204],[152.5339809881756,-28.262681402356],[152.50753649284846,-28.248986899646532],[152.46345899649165,-28.25920789539425],[152.44295099387537,-28.298414893686882],[152.4151789970301,-28.298060390960803],[152.4163674922751,-28.334989891364913],[152.38797699140002,-28.367450888836586],[152.30937300081362,-28.362826881117453],[152.21724050044705,-28.449100872813528],[152.16008150887322,-28.43325136713935],[152.12124500961667,-28.46263636360322],[152.06968801472158,-28.46852185866081],[152.0167135137132,-28.525220353986246],[151.98880001683537,-28.525603851298776],[151.98263152028727,-28.503315350531842],[151.95535752142627,-28.519177848029678],[151.9573385155806,-28.564733848573248],[151.9859435101773,-28.5821178514615],[152.0105004971203,-28.66497385446934],[152.066451488716,-28.681177859995614],[152.07604098424355,-28.708331861132525],[152.0422964851871,-28.73181535805389],[152.03660847514948,-28.817778858168634],[152.0149209736089,-28.850218856326407],[152.037567970825,-28.8516278585224],[152.0375494692435,-28.86434235861868],[152.0107024670682,-28.9066718563548],[151.99631647020993,-28.89477685487635],[151.9163219751602,-28.929328847446076],[151.8497809855477,-28.907610840896062],[151.830665481064,-28.961734339482266],[151.80690598585218,-28.945284837082657],[151.7769034876373,-28.958988334320946],[151.77334499063275,-28.93806333382013],[151.74244499662535,-28.91849033072078],[151.73386800340998,-28.871442329540738],[151.70637350655542,-28.87170582692318],[151.63519050769233,-28.929564820600238],[151.60978751138822,-28.923444818142624],[151.54483451527545,-28.953273312220055],[151.4978045124858,-29.020866808295274],[151.4900975090223,-29.056561807841774],[151.50278150591566,-29.069853809141076],[151.46294750709387,-29.09830030560114],[151.45275000487325,-29.126238804854207],[151.39412200542685,-29.178015299733246],[151.33843351181892,-29.179253294514474],[151.31267351681754,-29.163045791976153],[151.31801451922996,-29.13804429228512],[151.27908202851833,-29.09913678834252],[151.2905510330017,-29.051082789047264],[151.2716820377146,-29.030378787123464],[151.28381853803066,-29.016062288148746],[151.27474804846264,-28.938562286705498],[151.10333458064312,-28.83657126995088],[151.0444085866063,-28.84387876454388],[151.0427095918529,-28.80158376406143],[151.02409309497733,-28.793470762276062],[151.02823109825397,-28.76196226241653],[151.00992910287454,-28.740934260561914],[150.93842661229192,-28.731234253886672],[150.9074426209335,-28.688511750703924],[150.87407062409153,-28.69438074767957],[150.75126514534645,-28.634237235959194],[150.68137765019253,-28.661661229790763],[150.67342715242359,-28.65044922897997],[150.63223565406577,-28.67707722543518],[150.55390466589606,-28.653280718140284],[150.55102966409578,-28.67158671802052],[150.52747216708437,-28.6693177158693],[150.53929216679822,-28.660035216868256],[150.52457916914625,-28.654472715493235],[150.4421621775379,-28.66428170812195],[150.41289168253041,-28.65041470537716],[150.4148186841812,-28.634227205426253],[150.37015169085777,-28.621123201305902],[150.35058119843305,-28.57504319919277],[150.29007070976476,-28.53717519347355],[150.21259271444234,-28.57428568683077],[150.15253772413027,-28.55018268129156],[150.1384712240122,-28.565437180156962],[150.0922162295126,-28.56404617603515],[150.08004922861534,-28.584267175110597],[150.0153687365193,-28.580534169350628],[149.97725573718384,-28.61355166623489],[149.7211937673438,-28.6094121437171],[149.7039712665991,-28.633900142401927],[149.66673627112584,-28.63211863914295],[149.66179827412606,-28.610421638546637],[149.6254507802309,-28.593542635255353],[149.61096928107162,-28.60107713405486],[149.58724778691257,-28.57336413178309],[149.5033062965416,-28.57436212452197],[149.4524908001745,-28.594842620292393],[149.38749779653827,-28.696159115472575],[149.35858180125265,-28.684053112895956],[149.31842580265396,-28.713885109680003],[149.29675630564552,-28.709735107792454],[149.2693253051665,-28.743249105701953],[149.24535330844793,-28.738946603620896],[149.2246253080535,-28.76464360204794],[149.18862531112958,-28.77510059905918],[149.17919980917364,-28.80301759846959],[149.13957381342613,-28.80672109512768],[149.1278798116476,-28.835522094353873],[149.0805353165169,-28.84198559038697],[149.0318848097392,-28.95658558714157],[148.97172331450304,-28.978277582227598],[148.95809518385585,-28.999051081236935],[140.9992722830937,-28.99908688040498],[140.9993959770612,-25.99637801830771],[137.99906130486545,-25.996849173538216],[137.9946539678389,-16.538296570524707],[138.11836498536329,-16.649225646125362],[138.3236234878828,-16.750444314899458],[138.3290830781252,-16.73634427500024],[138.36212247581855,-16.74032409633131],[138.42791170998353,-16.7772436192292],[138.4795208163631,-16.783593301333507],[138.47158085722876,-16.775433380951167],[138.62896760735416,-16.767922407216748],[138.8838059156158,-16.884760758628637],[138.97921496927952,-16.887280232640023],[139.0386845642545,-16.912429845350847],[139.04322472223407,-16.95017975584834],[139.0867246171685,-16.998499408083966],[139.157934071071,-17.029218961369953],[139.1405645499298,-17.078678971027287],[139.15505504502877,-17.163878722336218],[139.23767808225423,-17.319767607148375],[139.30580857555864,-17.36482701046386],[139.41741785758316,-17.37458628542025],[139.45049799443694,-17.393815997031787],[139.4364487040141,-17.422495976645035],[139.45250804422116,-17.395495977134008],[139.47690800231817,-17.400885808254706],[139.64669846418198,-17.53812431693233],[139.72162740858323,-17.548383900393787],[139.7573072147443,-17.57700362224296],[139.82177585066958,-17.57060332512676],[139.83920587852742,-17.589813176079385],[139.83389617811434,-17.605403125963022],[139.84721579767174,-17.596033116496443],[139.9377446597452,-17.63096251094225],[139.9488250668349,-17.673782311801737],[140.00438456096595,-17.714561844707482],[140.09344284444285,-17.722531338926782],[140.38457937679212,-17.677869662379408],[140.4479284443637,-17.64166936513797],[140.47918821206352,-17.6448591366771],[140.59363687676327,-17.597818551867974],[140.70984528359122,-17.509917966866087],[140.73550500173582,-17.512207788154793],[140.76944441130746,-17.477687659556132],[140.82840424800773,-17.465327142391814],[140.90084276949653,-17.348636975062902],[140.91256172500857,-17.233117164703188],[140.9404410058109,-17.184597105707706],[140.96223975938486,-17.09282728605233],[140.9468992832368,-17.040577614848548],[140.9580287548242,-16.998127665060366],[141.0648567049008,-16.87022727941964],[141.08229585746304,-16.803147439754284],[141.12882532576904,-16.779747141936944],[141.2044541257945,-16.691976825092546],[141.23304315975008,-16.587966935705172],[141.25138280027303,-16.557716886401487],[141.270662649058,-16.55773671739846],[141.2964920208611,-16.496196708226446],[141.30487177251433,-16.45710672833703],[141.2860813864109,-16.408157126957093],[141.32084070790933,-16.342437048214848],[141.351089542932,-16.218857308761663],[141.4327779260014,-16.074747251829734],[141.373386968404,-15.916898487411844],[141.39757679735834,-15.9096183186135],[141.40931643879435,-15.8712783789076],[141.43468489921347,-15.657578978453145],[141.4730500445573,-15.521654469330318],[141.56960267184527,-15.292158732500873],[141.57560232637596,-15.20538888209153],[141.6355230561188,-15.149658474803713],[141.6296640789496,-15.105282464119965],[141.66584117114039,-15.030418665417418],[141.6675511222446,-15.009158705330078],[141.66104105390008,-14.986248824790747],[141.65265113507434,-14.97370889423858],[141.6627311131697,-14.997528774975523],[141.6644211026112,-15.005758735134691],[141.59027085507074,-14.857299839948057],[141.52561783922135,-14.487072763420887],[141.5984053880736,-14.258353715339213],[141.59903914592442,-14.116649444177787],[141.57254515059034,-14.057305462275671],[141.47631915168512,-13.945899456271382],[141.46720006663435,-13.864235435104533],[141.52329024986298,-13.57211542558074],[141.69539834815518,-13.270064452135056],[141.67993169181355,-13.217525580865495],[141.62950143743691,-13.159416247693553],[141.61778019458035,-13.039946716058784],[141.58317009858584,-12.99670705386163],[141.63598860095672,-12.908736915909508],[141.6527585197346,-12.91674678686733],[141.73990704919396,-12.85345642097228],[141.8037849759395,-12.67951646291494],[141.82110028558296,-12.671796463779916],[141.86312017246513,-12.693396456227902],[141.87774916303792,-12.671296436829513],[141.83954019494251,-12.668266484742418],[141.8273344865979,-12.64853651391717],[141.88609035568754,-12.617276456819829],[141.89375123667398,-12.59351357703148],[141.8792444178669,-12.583886636165166],[141.81988519956133,-12.601446633115186],[141.76841531387137,-12.565646910047887],[141.76005535571818,-12.53912707937437],[141.70942566910503,-12.518937486498146],[141.69481558766145,-12.556967426043633],[141.64324616884727,-12.57758757347892],[141.62571641932666,-12.583247652598155],[141.59192647218057,-12.558948060604568],[141.7148432245445,-12.23469843436442],[141.7353975445602,-12.218198515320228],[141.850448292565,-11.984438699493722],[141.87998785298532,-11.954398670829734],[141.90902787169935,-11.955448462408217],[141.8865085010036,-11.985018211443707],[141.89998221879947,-12.014283452422145],[141.908518728214,-12.01826770291798],[141.91781421652905,-12.041341463618483],[141.92542322166923,-12.12240746472381],[141.94505320948224,-12.146367465993228],[141.91336223984283,-12.164339454428944],[141.9489531991162,-12.149897466235114],[141.9307552218465,-12.115147454950742],[141.93235326425676,-12.070867464658752],[141.95798666476202,-12.042309935805584],[141.99420306224383,-12.059637447923965],[142.0122434026302,-12.039097448731637],[141.97168325766904,-11.98009741601765],[141.9434232389992,-11.977720464462367],[141.94218308085485,-11.945498434119363],[141.96197225700587,-11.820758454125773],[142.00190132913147,-11.75325944571984],[142.0513203282564,-11.55483049671576],[142.10050028143644,-11.463200428623331],[142.11996909600225,-11.368530508879305],[142.11622942426467,-11.224651457437124],[142.13768828442704,-11.206941438464554],[142.15728922847737,-11.121761488810996],[142.1259438375941,-10.981361675877864],[142.1327939791884,-10.948431575970922],[142.19364425878044,-10.914960849036035],[142.28469226518413,-10.917915464108185],[142.31324486506716,-10.90112934555329],[142.31502464420063,-10.915139505773336],[142.39015127635068,-10.82841846922507],[142.43826485148023,-10.708148950888347],[142.49821401878063,-10.716798984343232],[142.53094291927394,-10.687529445941907],[142.55683250606825,-10.726449397746503],[142.581072015274,-10.724789489109192],[142.60928161282644,-10.749009410924458],[142.54926342023245,-10.83180867822796],[142.51722365073323,-10.843748696515553],[142.51610353697,-10.90942862701964],[142.48212309426097,-10.978359045694024],[142.54333344603754,-10.90787845854903],[142.55579345524723,-10.913428339303984],[142.54265337639168,-10.902218508461548],[142.55755333746754,-10.874088559063901],[142.57446312608417,-10.886998500136116],[142.5750631170747,-10.869588560019725],[142.59459295519767,-10.889278441300963],[142.58796298548555,-10.888598480917729],[142.5833730749202,-10.901258430766038],[142.59528290506577,-10.89109846135598],[142.58924292662937,-10.86813857081368],[142.6165526242021,-10.892248472577835],[142.61675268286118,-10.91508833278673],[142.60429282350174,-10.912128372050937],[142.61915267269163,-10.916448322935361],[142.61478274137167,-10.94186819290593],[142.66785252921065,-10.944637955961845],[142.69814227611616,-10.97788776798531],[142.71634164641853,-10.961057988884583],[142.74561172340023,-10.993517670848847],[142.75571824011377,-11.042706481856557],[142.78606631709658,-11.07416753387946],[142.7993672316661,-11.157216475366535],[142.78316721841415,-11.222656464996419],[142.79355715469623,-11.27853647607984],[142.84036614043168,-11.319445529143769],[142.86866611561348,-11.38156552132407],[142.83296707392967,-11.433515499700825],[142.8268411316133,-11.476495809717145],[142.85949508078662,-11.63587555298878],[142.85636631837127,-11.845504524616535],[142.97460506818305,-11.93290355227091],[143.06614407463525,-11.928244517613411],[143.09785417546982,-11.892807519180023],[143.14751235177735,-11.919354512350864],[143.16746211763896,-11.97328449400175],[143.211949186932,-11.954410536486362],[143.24407010470497,-11.968714548527059],[143.2280911641217,-11.989073537748967],[143.21570317553304,-11.974597526884759],[143.18559206580227,-11.990804505231294],[143.10121631989705,-12.145631501562777],[143.0787170700305,-12.159211520350034],[143.09492127846727,-12.173441811430516],[143.09705126563546,-12.218281821943474],[143.07858123915074,-12.337471991879882],[143.08464118822982,-12.348211962330579],[143.18029954437156,-12.343091887959362],[143.2301283897962,-12.381991971265512],[143.24737792921863,-12.379132042271566],[143.27386750632692,-12.407091964098292],[143.27105714091093,-12.49641153470096],[143.30545813601475,-12.55066078723226],[143.41497762843593,-12.593899044207271],[143.41883668688072,-12.615940844631167],[143.4384562762637,-12.61180087578377],[143.40247742470814,-12.662260644041401],[143.4023541236615,-12.679038554178767],[143.41886884275488,-12.681645345200387],[143.39002304197373,-12.714820513742286],[143.35770012812844,-12.799606542522973],[143.3535101022805,-12.896071543101982],[143.37549712107005,-12.899262554455735],[143.39022111128563,-12.885051555222512],[143.40142412980032,-12.900507546032998],[143.4051280416863,-12.867789885974915],[143.44935312084985,-12.848919538491351],[143.47451011866022,-12.865386560161118],[143.5442531168713,-12.843266554219365],[143.49772608230043,-12.949113542295697],[143.5122120908658,-12.96120855328243],[143.51458009778312,-13.008117553831369],[143.50215809099842,-13.124262554075734],[143.5218070866109,-13.178832565743752],[143.52692806692352,-13.327360557335595],[143.54011208466488,-13.352924558360735],[143.58179607121622,-13.375654571106596],[143.5974570774483,-13.422791572472539],[143.57893606339505,-13.500125562002948],[143.58609105023595,-13.54404756281935],[143.55128504724308,-13.617418561319452],[143.53130504943368,-13.75500955128086],[143.54741103553988,-13.803345562680388],[143.59138702976887,-13.859051565852173],[143.62326703136281,-13.964736568717528],[143.67956703529575,-14.014508572613016],[143.70321701149436,-14.208648565740479],[143.78356098446142,-14.405747572412992],[143.8814379842799,-14.482367589176679],[143.94924095982378,-14.495660603544719],[144.0324129662845,-14.482907598679814],[144.16831447594467,-14.381398566438751],[144.19850296830992,-14.322796617862203],[144.19537098259852,-14.261393597133477],[144.21635286200325,-14.25412922841256],[144.28034596549958,-14.301508612923941],[144.33833398212417,-14.306988616704341],[144.43547297032202,-14.25967161258149],[144.49145773384603,-14.166009265413201],[144.51621746253747,-14.166629197032481],[144.59579997201752,-14.260267643046147],[144.58019194953044,-14.308047632435686],[144.5875279754741,-14.361374633376679],[144.64391496344126,-14.348419646967397],[144.65112093235598,-14.358694637530231],[144.62416093955625,-14.419431636281693],[144.61938592586478,-14.47640564645956],[144.6651194810634,-14.511026179766695],[144.68267932734452,-14.551245971271165],[144.71511921495315,-14.56100578349715],[144.77506593283178,-14.546092657337889],[144.78267869910601,-14.593605318253154],[144.83878857468224,-14.614324932162935],[144.9096609109721,-14.613701656888919],[144.92386090670252,-14.663496668269485],[144.95044991429867,-14.677487660172439],[144.9537958998917,-14.737197670912511],[145.00784589567874,-14.755805654705997],[145.02345191202934,-14.795336666098555],[145.0904868978758,-14.80308367069252],[145.11779389464704,-14.827683682754545],[145.17348989057282,-14.842670676666042],[145.22971288833423,-14.831730670402397],[145.2193408953492,-14.880869690119422],[145.2808768966631,-14.954925694965079],[145.35196786294424,-14.952979679826734],[145.3553268902558,-14.987410700355438],[145.28900886979943,-15.04348569628722],[145.2338068457849,-15.140730683350803],[145.23926987130238,-15.198462684222028],[145.26703183560363,-15.255779686614655],[145.3159268326219,-15.25936668999676],[145.3395558436957,-15.226612681337155],[145.35710185902704,-15.277224692980631],[145.33160187036822,-15.27831569123669],[145.28637085011556,-15.316448678462132],[145.2980688375823,-15.34226069948653],[145.28816583568505,-15.375948699098068],[145.24816085500393,-15.416266686707166],[145.24106485211445,-15.461551686612152],[145.22855783278743,-15.462027695761844],[145.26283385091457,-15.461118738097117],[145.28371523710635,-15.497178859837542],[145.27202655455721,-15.5412773694166],[145.28729665238856,-15.559097620616111],[145.3070363217502,-15.552437571912513],[145.3295918274185,-15.594104693820114],[145.31275798452901,-15.646789163117358],[145.36128724640577,-15.719578877080222],[145.36813982254543,-15.766762707958083],[145.35190583049518,-15.807492687190559],[145.37739081657884,-15.840626689230765],[145.3573473526128,-15.910458438450153],[145.41384631631672,-15.950988262695176],[145.47689497334346,-16.076087838134466],[145.4456756494576,-16.153487746635687],[145.44232567722688,-16.186277666685193],[145.46926519379113,-16.210887538762695],[145.48890491772377,-16.276667260689642],[145.44926175905218,-16.290862698062593],[145.41817613740722,-16.33828735631824],[145.41011619892106,-16.459277166797637],[145.46859065382378,-16.479885711022078],[145.47005083116554,-16.514365721418624],[145.5819445513469,-16.687182740685216],[145.67100396204594,-16.73734267735031],[145.68271614842618,-16.775565398500035],[145.72486193365566,-16.80386794170695],[145.77487469550124,-16.87000271580076],[145.76244564415734,-16.897869775161524],[145.78343934138138,-16.916998136808118],[145.77922227985863,-16.940437896710623],[145.79310392126678,-16.910544907436194],[145.8488906707785,-16.871173711050815],[145.86975771675554,-16.906627782835816],[145.90649671517497,-16.897203195367762],[145.9192131669081,-16.864280415991345],[145.9576579620181,-16.896564949009875],[145.90071119904903,-16.981667795679122],[145.88941360392738,-17.057591575524917],[145.94921322449534,-17.130691180411098],[145.9720756444319,-17.24195076299536],[146.0207635331673,-17.34674016737603],[146.07320318603743,-17.394709951550897],[146.064893811571,-17.458879841501503],[146.07697975721786,-17.504538732760285],[146.05162423880398,-17.50543977094546],[146.0563543372869,-17.520919691417344],[146.03271485950947,-17.512242079646068],[146.03044974938123,-17.515788749513817],[146.02782250686684,-17.550257319619387],[146.0332235984557,-17.525335819794282],[146.04432452746693,-17.52869971061973],[146.05861062683442,-17.52482576161279],[146.06818409733555,-17.5103896721777],[146.09212364176858,-17.561559284336678],[146.1279332369921,-17.592529067181758],[146.11528463644981,-17.61004776641898],[146.1326796260189,-17.600958757596157],[146.1490533712047,-17.648538799184262],[146.1134049900726,-17.69293899699032],[146.1126226040117,-17.770808777597512],[146.09126861320087,-17.79924677630119],[146.1065161880398,-17.852008547848868],[146.11959603686788,-17.85578846882409],[146.09795657509002,-17.896838437613674],[146.10139705856696,-17.976848028542214],[146.07386750939608,-17.98992812667127],[146.0080393236113,-18.120517783053437],[146.01619552328384,-18.245005734694566],[146.10276996916045,-18.34852598179739],[146.14112960527817,-18.364065654697367],[146.16751019700146,-18.44532507729362],[146.20046980415296,-18.452324849740094],[146.18853002437004,-18.460034888940175],[146.18938011321455,-18.47381483911855],[146.21511754153912,-18.472346790972146],[146.2299015291383,-18.48954278219104],[146.33788848863858,-18.52661388037133],[146.3389290221218,-18.606823471127274],[146.31933553037518,-18.645693800025555],[146.3385192002614,-18.630323391296447],[146.30185019683685,-18.70509327925275],[146.276371219964,-18.8131631583102],[146.28984147267585,-18.891882919957034],[146.45416564615437,-19.07368076352676],[146.51794445940854,-19.099864798448973],[146.56224052271625,-19.142444832083605],[146.67657362051682,-19.189872860974933],[146.76752045435683,-19.18449082772193],[146.78957939822956,-19.238977869835196],[146.8205314348571,-19.252413832271134],[146.8388154543138,-19.24294482356481],[146.83598341221006,-19.270665873586275],[146.88257927606247,-19.303558807370933],[146.9424698223749,-19.29535393182188],[146.958037690114,-19.30874972311258],[147.02178198327948,-19.215835567157782],[147.01322499672878,-19.18219783622347],[147.01627391650092,-19.182280786455554],[147.0605855970505,-19.25629694044946],[147.05714967706615,-19.2590759502116],[147.0614437552679,-19.27668592068733],[147.05106840637487,-19.2725238398629],[147.0466609565289,-19.27450500954454],[147.04068043518257,-19.295646849268827],[147.1261073882029,-19.42245782684946],[147.13506127887433,-19.40679287740087],[147.16154647704624,-19.405425879414125],[147.2469083984753,-19.43245386618846],[147.30418423639466,-19.407621870387047],[147.44101626519895,-19.42114790108861],[147.45516822640334,-19.395174901967877],[147.44605231965718,-19.36518392100545],[147.42131634520578,-19.321727858717058],[147.38458555953585,-19.30248289570757],[147.41434853649767,-19.3126138380994],[147.4359093027863,-19.337469859982903],[147.45720726805288,-19.374331871949675],[147.48700337799036,-19.465509905039873],[147.55929025529304,-19.550496891397657],[147.57409921733938,-19.629287863222405],[147.61544451044733,-19.673086886830184],[147.58681120804044,-19.72508187502734],[147.60136849412686,-19.75744291644076],[147.67135840267395,-19.828343462532402],[147.76459633490913,-19.837065909954088],[147.76887931857257,-19.791895899910415],[147.74493649238374,-19.768966867825768],[147.76089834490122,-19.72685291872951],[147.75234924732266,-19.706584907882892],[147.8235572317527,-19.709638893540507],[147.85139822706162,-19.739237915998743],[147.8456742236985,-19.78205792590715],[147.86484634615567,-19.850972908012025],[147.91784013707849,-19.908300932711054],[147.99218734975778,-19.927607928805962],[148.0262361202013,-19.894001921245586],[148.08011624724293,-19.881851915462924],[148.11318428941124,-19.941353938624093],[148.16453515404817,-19.95794090290004],[148.18621545366744,-19.94406093453177],[148.22013428003132,-19.95603093737369],[148.23918826603364,-19.984328949154904],[148.2597602852885,-19.975428950745624],[148.267504150331,-20.02364091178148],[148.24030326247998,-20.0226249395694],[148.23058546115973,-20.045310938974925],[148.28352414423023,-20.077459923536207],[148.2776842126658,-20.099549983249393],[148.34202414290397,-20.153009978928694],[148.43486308442044,-20.16844895663154],[148.47897206574208,-20.117488969810044],[148.44362622901699,-20.111039916862115],[148.45202101311838,-20.05934442711097],[148.51332111536308,-20.093258982421403],[148.56288016405395,-20.066717996268686],[148.55484136031856,-20.11385801600696],[148.57991031652034,-20.134407988243986],[148.57032133393906,-20.17026793775834],[148.59802012219637,-20.16631793000616],[148.5826513604731,-20.19762793900514],[148.599241258872,-20.201268000402806],[148.61994015956938,-20.176688021901573],[148.6011611278331,-20.210917970642768],[148.63005039483403,-20.219507933098594],[148.6394003086238,-20.170907933458963],[148.6529802033983,-20.216127004963877],[148.6779393849716,-20.178677016710573],[148.66065039276137,-20.21668698560262],[148.6627902397415,-20.247466986040184],[148.6789801400373,-20.23096702723964],[148.68512030860046,-20.24138694783605],[148.673158235712,-20.282314997192685],[148.71554930429647,-20.262666020536894],[148.7386001007567,-20.28173998261039],[148.73369071373924,-20.25376299196607],[148.75268724150718,-20.262137973613935],[148.75234922400116,-20.235667013361635],[148.76928938268262,-20.235946994771428],[148.7776550684822,-20.27410096579011],[148.80185211627062,-20.277968987836115],[148.7855467060826,-20.293324996609275],[148.76638305814825,-20.286912014961572],[148.769123046745,-20.299694995297543],[148.79193229298247,-20.321256027377053],[148.81635612109298,-20.32143898941219],[148.80700908982865,-20.34260302881283],[148.81841423784263,-20.354459989863237],[148.82570529885223,-20.33770900032903],[148.84071803636698,-20.351930991701224],[148.8310692940647,-20.384390031171357],[148.8219231650023,-20.381893980387844],[148.81639104514667,-20.38489502995228],[148.83959018273012,-20.39162801194319],[148.8386912191103,-20.430939012200835],[148.88024712201837,-20.472250996019927],[148.9027921107675,-20.467031007861074],[148.91123736894502,-20.47944398867284],[148.88413006022725,-20.488089036478442],[148.93015031235493,-20.533774030716177],[148.8990322736896,-20.54521795820771],[148.88481333686804,-20.523198016832445],[148.85686725859458,-20.527879994537344],[148.8449620618424,-20.503155023334703],[148.8214951242618,-20.496749991323686],[148.8240280806964,-20.426089020937216],[148.82054433932962,-20.44352697079439],[148.8137331419852,-20.420810970034733],[148.79088827427051,-20.415218988085385],[148.7879081932212,-20.428880997952973],[148.79700432081228,-20.447102038864056],[148.79385933044205,-20.453646998657636],[148.78591810323442,-20.430380027800087],[148.75613709660533,-20.41890701522729],[148.7844363513454,-20.45177600785776],[148.7636161203426,-20.479687966362604],[148.73646816222814,-20.48199996412752],[148.69281547940568,-20.44127963016435],[148.68017889038538,-20.44124575911788],[148.71510033268515,-20.494826962463414],[148.66205326832306,-20.5857550288388],[148.6903166048758,-20.599077291290147],[148.69994617032586,-20.639717962430712],[148.7271700588278,-20.632988034631012],[148.7063242569318,-20.67066796322032],[148.73258300320808,-20.688463035548153],[148.73080534070618,-20.71664401563827],[148.77790833555534,-20.732109299681913],[148.78081756247383,-20.762456200179766],[148.8407970250534,-20.79109568541809],[148.8146673671208,-20.791005863238656],[148.81835740579515,-20.80198582363871],[148.79509117663778,-20.81252301178956],[148.83889723204865,-20.82452562554137],[148.84481226674362,-20.87575403646652],[148.87747706420677,-20.875235239190292],[148.87492232561246,-20.86251404886958],[148.88483203612986,-20.848764039582118],[148.8901869129489,-20.877895140275385],[148.91507201964535,-20.8919640424765],[148.95119117834145,-20.87557404536559],[148.9710210444161,-20.900363027238733],[148.99541567325772,-20.892234289219743],[149.00540104055293,-20.912333030228762],[149.0461202982172,-20.903002003578223],[149.06068711465892,-20.92817902501844],[149.01423513761918,-20.93576701116941],[149.03164610410144,-20.958153012823658],[149.02055010495778,-20.95841703189168],[149.01738913186858,-20.993430021920542],[149.08881312788444,-20.97566902779219],[149.11551999319985,-21.002392070274116],[149.15807921001388,-21.000301023858842],[149.17067612498383,-21.042185045279393],[149.18672904448684,-21.034051016572388],[149.2055689488704,-21.07675007853132],[149.22703897850354,-21.062780000237908],[149.2354110836531,-21.106097031314643],[149.22276000065023,-21.14768008058912],[149.19690015485864,-21.125550058206173],[149.1992502435062,-21.137620048507284],[149.16348097691417,-21.132010075425782],[149.15282100671095,-21.143000064614977],[149.21517012148487,-21.1453400699244],[149.1998301514019,-21.158950048736035],[149.1959911166868,-21.211000028847998],[149.18468111872951,-21.19926524778943],[149.17422707966344,-21.198303026894582],[149.19021309663196,-21.21638703840286],[149.2020320859959,-21.21311802937872],[149.21407606228115,-21.241521180640614],[149.17925221092395,-21.284670058046885],[149.20137094985395,-21.277240019861704],[149.19809102826412,-21.29642998974449],[149.25588001860302,-21.24470007422284],[149.2740002139538,-21.277580056042684],[149.2986699423793,-21.273279048109885],[149.29121003863827,-21.31800904784965],[149.31515005315546,-21.354459040198844],[149.31729996925833,-21.39270903070378],[149.27618112295292,-21.389080057165536],[149.27636610180775,-21.400710967278982],[149.29537091880127,-21.41573003902554],[149.33127008641415,-21.41024905204444],[149.3382299742239,-21.426909042779183],[149.29826496752835,-21.42639120936196],[149.29846114318943,-21.470799069751475],[149.2742619444949,-21.47768999774585],[149.29717195934995,-21.511299069981312],[149.32688095752613,-21.50507909246553],[149.30922115978723,-21.496699090887088],[149.33959598946683,-21.47454032329585],[149.35710116592065,-21.496219034974878],[149.34871616556478,-21.506880174347096],[149.35006615521218,-21.509360174483366],[149.39579525306536,-21.493089908262185],[149.37362602077124,-21.53506994671528],[149.3989956381544,-21.540579768935093],[149.39278581774252,-21.549979758481687],[149.40044577609115,-21.56042968922596],[149.41424000635143,-21.54623806028992],[149.43781999368122,-21.553768102377166],[149.4442453708188,-21.577559343128712],[149.42745019262077,-21.573238071650106],[149.42407562288366,-21.573379491361635],[149.4220256328841,-21.575089521200034],[149.44968989031042,-21.5781880636018],[149.44108016981482,-21.590428072964755],[149.44339999933757,-21.59334804318853],[149.46501482072497,-21.561179264776502],[149.45737986187933,-21.55579805407488],[149.47236468028294,-21.55954922539499],[149.45772008211767,-21.553088064081386],[149.4682090530499,-21.534858014830288],[149.48459912201955,-21.531698036213985],[149.48619456805886,-21.570639086678174],[149.43865086505858,-21.640878013179154],[149.4559409498251,-21.679608084989525],[149.44929100707262,-21.713158114699084],[149.47064120577684,-21.708398096494932],[149.47971102162865,-21.742877107564194],[149.45554097525934,-21.726328075346604],[149.4358320773226,-21.721928073616272],[149.45653206482285,-21.729928085461967],[149.42522214608599,-21.743428072885333],[149.42167215353555,-21.772348042822756],[149.43080215538185,-21.745888053384995],[149.43431285798326,-21.818087044290852],[149.45836190604277,-21.817487106352402],[149.47169199286014,-21.838507047674803],[149.4654229647761,-21.92566709786449],[149.49009410639718,-21.98948709052116],[149.52337863987387,-22.027097603703936],[149.51705931562162,-22.07530751356155],[149.56695480179687,-22.17192609867536],[149.55438504133014,-22.18730611771751],[149.59880505091408,-22.253905122114006],[149.59730033828927,-22.28145648221338],[149.6293651139851,-22.297165055121912],[149.65829003573162,-22.35487593811196],[149.68422405449786,-22.34508413028308],[149.7105137897736,-22.36972406277469],[149.73106402022668,-22.347764064380883],[149.7667029148058,-22.371334067684117],[149.74686402492512,-22.386984086084382],[149.75211016949513,-22.436371266953014],[149.78431594239365,-22.38031015929623],[149.81107748992832,-22.382054991649017],[149.84990180315333,-22.416163095330585],[149.8882673420901,-22.492744249331658],[149.9628364309162,-22.539443796274615],[149.99137650208235,-22.60181358930815],[150.01820636589122,-22.63962340198953],[150.0467560112207,-22.661053194689547],[150.00284553842425,-22.53010358972268],[149.91300519489153,-22.345834460279203],[149.92695009381302,-22.344743141495353],[149.9290759257879,-22.323513121505115],[149.9149448772239,-22.3212244802443],[149.9223745682313,-22.305064470762233],[149.9157544903376,-22.289854570053663],[149.917974311718,-22.274384590119578],[149.9311439516241,-22.264284531192605],[149.94393336409382,-22.22925451202469],[149.9435878660712,-22.21005310183391],[149.99752139805702,-22.145614346044827],[150.05999092418614,-22.131928131446074],[150.0655749115775,-22.152913102115416],[150.08162294032664,-22.15191512352693],[150.10166044144748,-22.22231354588991],[150.15220494322625,-22.260832100694827],[150.15741019826075,-22.304953071525752],[150.19223970321903,-22.325232824791126],[150.1774303708567,-22.360482873768515],[150.2058449175519,-22.369081136368035],[150.21711473403488,-22.39391115757879],[150.30054291653346,-22.397651105054333],[150.30103395404294,-22.42133110529596],[150.38387281239312,-22.46543012308383],[150.40502739716527,-22.498301475257424],[150.42435195544866,-22.49889014699886],[150.43073186298977,-22.51725013772571],[150.43928188275905,-22.512430208454504],[150.4486771596295,-22.534721229485893],[150.45073200071107,-22.522660139570185],[150.48391177665067,-22.534300212655925],[150.49765190276253,-22.560220204111122],[150.49997691281894,-22.557771274300414],[150.50167668416822,-22.543471214334414],[150.49178631732192,-22.52141107325828],[150.54477616859535,-22.56137096837559],[150.53787639803545,-22.57237102784384],[150.51480664158112,-22.55743118563573],[150.5303966677397,-22.581331077242858],[150.54406631738107,-22.573540988412983],[150.5298469355912,-22.602291117368033],[150.54857173242888,-22.61708014918344],[150.5373717762139,-22.590170137946746],[150.54745066682938,-22.576030148739665],[150.5521609260421,-22.579679199195944],[150.55301644456017,-22.59311097938537],[150.55994089288535,-22.60339916009738],[150.55154100747913,-22.56647916902975],[150.5918098831509,-22.57476917274299],[150.59756524426868,-22.55942066313624],[150.5524650860421,-22.483980828424553],[150.60782429954162,-22.500830503576644],[150.58740890268712,-22.487489151615684],[150.601864221594,-22.486130492913723],[150.59303425343313,-22.475790542027408],[150.55628977644508,-22.47700917871214],[150.53307983125217,-22.45000917638886],[150.5900289549209,-22.46404919165711],[150.53860469157726,-22.44239080682435],[150.53994902307713,-22.426949186816778],[150.54633900203257,-22.43172918743421],[150.556424321294,-22.430570748336308],[150.52995901649263,-22.40240916570917],[150.53984355105914,-22.350640796169248],[150.56244796271892,-22.31639912792626],[150.60414223723194,-22.335080411857177],[150.62591703616397,-22.32765914376914],[150.64579694260962,-22.345489225722297],[150.64068205116558,-22.363390155407807],[150.6172522345764,-22.349820313168827],[150.64250686930666,-22.379629175709294],[150.61094284101873,-22.388880362923604],[150.64387670797063,-22.391249175930835],[150.65778671437423,-22.41422915738612],[150.62799296619622,-22.421030254738525],[150.64629271432935,-22.423970126423814],[150.62734326408625,-22.44166026485206],[150.65529697375922,-22.422099207225806],[150.65031286240895,-22.438990106914407],[150.6578728804917,-22.451100067702235],[150.66634281945508,-22.454090018496743],[150.67231203437237,-22.402489948607734],[150.65047192974797,-22.36898009634331],[150.66919136044348,-22.34722996786175],[150.69322203963725,-22.430589800744144],[150.7533312528642,-22.446279376351065],[150.74738569266154,-22.452998185864995],[150.75852586008585,-22.468398187009928],[150.73096208067983,-22.485049544635785],[150.72393779774066,-22.51858819427606],[150.67834284641847,-22.473219959747354],[150.6743078444999,-22.494719219560206],[150.65839318755351,-22.478620127979514],[150.64775329916858,-22.471900166957084],[150.64427338921658,-22.474270196660957],[150.67377789388092,-22.501029199564755],[150.6670535721924,-22.52253018913323],[150.6888734479934,-22.54465022130181],[150.677063946827,-22.56532028040048],[150.67955879575712,-22.573439160695106],[150.68572393478183,-22.577670261291072],[150.69172789680835,-22.55356922163595],[150.7248330629602,-22.563139954729795],[150.71897878954897,-22.600189224505844],[150.73218068595907,-22.62341515590256],[150.71455797642497,-22.633352154379992],[150.71532980740716,-22.623429194367482],[150.6941341510325,-22.606360192295632],[150.70725969675405,-22.636183193739086],[150.7333089439619,-22.64138015615532],[150.73614761560265,-22.623558976265333],[150.73939462448584,-22.631475996627408],[150.7484035532442,-22.635882957485673],[150.7588592733175,-22.626692838362793],[150.73935359493,-22.627310976588905],[150.75164770447915,-22.621578187662177],[150.74131784724602,-22.60381819657189],[150.74853320596046,-22.610109867282375],[150.7529730961641,-22.60457978764118],[150.74063321799525,-22.59728986645496],[150.77415492986972,-22.552391219138432],[150.75285586398556,-22.530717157013573],[150.7695677935023,-22.521766208463752],[150.7893328702226,-22.536781180394264],[150.77843170011508,-22.641026200269096],[150.8037368173209,-22.646836242629853],[150.8056098843598,-22.673213173021228],[150.83516480064515,-22.684194165816947],[150.78970794527504,-22.865733163172344],[150.78698094950158,-22.92220616339319],[150.7999988872077,-22.93306017467327],[150.77735779611533,-22.96190633284433],[150.7496788107032,-23.129357191708912],[150.7748226346502,-23.165232174301682],[150.79422661322982,-23.162454166051532],[150.78909663876402,-23.20846323596432],[150.798698915842,-23.22780620700245],[150.81934561468222,-23.22152223883885],[150.82983060015042,-23.255114190077077],[150.82501167789064,-23.28018216984371],[150.78994477786017,-23.309612176880165],[150.76649693116195,-23.29830123464456],[150.75933413157708,-23.300389644007986],[150.77565170767792,-23.323218185686937],[150.79232187632687,-23.321942167199563],[150.81015157562481,-23.40683322953269],[150.87143257215703,-23.480867235758648],[150.85004062127848,-23.50687921401239],[150.7906457067281,-23.505957208568717],[150.84602470845152,-23.536469203888938],[150.87940471482258,-23.54219719699703],[150.86849869207717,-23.576749206281978],[150.93455963965988,-23.543939242078608],[150.95699877694878,-23.550289194196093],[150.95858853137327,-23.600409214756628],[150.92531663196183,-23.622760241879764],[150.96804860000813,-23.60510917566672],[150.97539872473544,-23.55539921593313],[151.0265575883179,-23.571999180789646],[151.04581078050236,-23.627848233029976],[151.12177128887305,-23.671390200422206],[151.13464994475385,-23.698374171839692],[151.10957334640597,-23.704081179561296],[151.1511327499698,-23.7283970636175],[151.159411567113,-23.74759702454484],[151.1441957060413,-23.77001005331689],[151.1547276740791,-23.779157234370235],[151.16534165483702,-23.76343223522642],[151.18423064986325,-23.793072227226705],[151.16452529138726,-23.7955551354156],[151.1729570783852,-23.815896106366917],[151.19282574535293,-23.826986098305824],[151.22124339322374,-23.822757110916054],[151.23296165295258,-23.815506241947904],[151.27453565686352,-23.836330255997133],[151.28070747417772,-23.855560226731946],[151.29731763221503,-23.859588258316688],[151.30946363189756,-23.85241824939277],[151.32316763038807,-23.854749250693544],[151.3185916186899,-23.873886260423365],[151.35483074852044,-23.935754274325376],[151.4269945561309,-23.9876492815232],[151.43543882103523,-24.02643126263623],[151.4245660898558,-24.046007311775654],[151.4404287349091,-24.077259303523768],[151.44349868033848,-24.02602524339062],[151.45727439779913,-24.03742323478018],[151.4553235058166,-24.056806284756238],[151.465788273162,-24.071944315865572],[151.47190914349713,-24.0638863063754],[151.4843309311438,-24.07469733763413],[151.49379074113156,-24.06699931846198],[151.47480906660763,-24.033630226399286],[151.44158856165365,-24.015801293126824],[151.4405076544024,-23.992020182829293],[151.5439438207313,-24.029279062882242],[151.5010655929212,-24.044988208966355],[151.52684415883834,-24.060259201523294],[151.52474419582398,-24.08891938156112],[151.54773383365537,-24.089339263734793],[151.54542392118663,-24.11326930371362],[151.55281379404406,-24.081689234151643],[151.56363862971375,-24.111398315419024],[151.5604736042456,-24.073589154808644],[151.58009334092225,-24.087089126774572],[151.55532371512717,-24.06995916429217],[151.57366332727688,-24.035708985743355],[151.58270324485952,-24.049848996714715],[151.61039268313704,-24.042488919274557],[151.63468222940975,-24.055768981685212],[151.68247170956573,-24.104098736617875],[151.66466171612035,-24.060478864567582],[151.68566144341798,-24.067308736617814],[151.67748150616893,-24.049568785694717],[151.65197180046596,-24.03222894313071],[151.63759212171712,-24.03285892177229],[151.64683644146209,-24.027567272605214],[151.6328721645743,-24.01128882114709],[151.64163194474398,-24.002618781906026],[151.6381720357007,-23.996928731531085],[151.63016218462104,-24.013088820905082],[151.6043727474681,-24.008828768427193],[151.6105626402192,-23.97923860876931],[151.64429199733635,-23.97736865195006],[151.73030565436653,-24.02248633049321],[151.70456563477816,-24.03980728818765],[151.71585106838904,-24.087248559651734],[151.74490050195166,-24.032008131961128],[151.7384157357926,-24.003246311106505],[151.76543029187255,-24.01601780378511],[151.78673456841864,-24.117646296654176],[151.77932465788942,-24.12835729603563],[151.77172028900495,-24.124701325280423],[151.77148497848168,-24.129516265297642],[151.7851044772395,-24.129386266595375],[151.7847545481155,-24.121936336500635],[151.79311450685609,-24.126246267333723],[151.83593468715682,-24.176886281840417],[151.87582338407782,-24.17153632561264],[151.8658334041174,-24.179306304720257],[151.84914451120966,-24.218456303445723],[151.8789834812675,-24.193666346097462],[151.86901361265404,-24.1895862751093],[151.8863235256236,-24.149425316436147],[151.90621053713497,-24.207830318822946],[151.9434133800038,-24.240135332658387],[152.00586361202357,-24.433664320253975],[152.05758263816597,-24.511983315881558],[152.04402864793448,-24.525037364681296],[152.06001849722034,-24.518203336167627],[152.14831055638712,-24.626546305591326],[152.27428352455703,-24.71191537852244],[152.34778327454327,-24.738060375902318],[152.33807949547472,-24.73795435495417],[152.33317630536874,-24.742829384515584],[152.33365650523027,-24.74362434456896],[152.37888657230437,-24.732034338891754],[152.39672348843644,-24.750617350788374],[152.37763950817512,-24.768265369066597],[152.38135651449636,-24.796621389662157],[152.3839964181538,-24.763308349647513],[152.4128034160829,-24.75769136241998],[152.46818058396437,-24.816073378325385],[152.49455521963128,-24.916308361734668],[152.4867824987046,-24.930437361086828],[152.4860754540342,-24.970544341345192],[152.50997437634004,-25.016241404066307],[152.53925750837797,-25.059717327301154],[152.54894438629412,-25.0694363483339],[152.55069434562228,-25.073680388540822],[152.5234355688202,-25.068810915818915],[152.5199256886792,-25.07284690550671],[152.5177597089268,-25.072514925291042],[152.5153507390078,-25.073785945064568],[152.5154107491964,-25.07214596505709],[152.51374539939712,-25.071803344890572],[152.51299677943894,-25.072057974819067],[152.51247282942933,-25.07256396477169],[152.51337174914465,-25.07423697487371],[152.51197781930253,-25.074035974735043],[152.51156879932822,-25.074150974695776],[152.51150882925413,-25.074824964695377],[152.51219078911933,-25.075408974767182],[152.51174683912208,-25.075745964726288],[152.51004681944082,-25.0744359845485],[152.50845585960872,-25.07431001439111],[152.50760689958528,-25.075196994314908],[152.50869186937834,-25.076062984428603],[152.50753389936375,-25.07712599432347],[152.50752787931773,-25.077518994326077],[152.5087988493544,-25.076177984440047],[152.50852286959068,-25.074408014398486],[152.5098448294524,-25.074501994529182],[152.51103684919417,-25.075713964656238],[152.51196678909017,-25.07583697474865],[152.51355475912587,-25.074246954891773],[152.51270576942932,-25.072374974793036],[152.5153487389695,-25.074110955067034],[152.52048366860848,-25.072990915562748],[152.52333157874753,-25.069507915814384],[152.5336845053695,-25.08959673699665],[152.5462332060327,-25.073835718102927],[152.577070477701,-25.1189963815087],[152.63303817840486,-25.15176934729813],[152.61774489731908,-25.17325400596316],[152.55545473352467,-25.171655359808657],[152.54026515281282,-25.18999042846282],[152.54703637037474,-25.204987419251477],[152.5570432921303,-25.182090340050152],[152.59520326781563,-25.187358403853892],[152.61497447639354,-25.183262415771274],[152.64422447752253,-25.233898399072814],[152.72245031567303,-25.269597357106278],[152.80617944819156,-25.264358385377687],[152.81388634995727,-25.24347837597419],[152.83437032402043,-25.27633243828075],[152.91449931420868,-25.293328416410613],[152.90145523297468,-25.3140004052764],[152.92436323661545,-25.430776288515123],[152.90944130952056,-25.418803446926994],[152.89651699076995,-25.418889295637225],[152.8898696804421,-25.426953565039362],[152.9082514083626,-25.429323416893734],[152.87163311021766,-25.44351461335474],[152.8507188272603,-25.484861631606023],[152.83661606848676,-25.486129710211458],[152.82374229879667,-25.493990768993584],[152.84854598584758,-25.4982985814987],[152.93423710552239,-25.431851199510767],[152.95635077314978,-25.43363604173697],[152.9417052223693,-25.45184310042007],[152.94658319075353,-25.461235030984287],[152.89660126107526,-25.498866266295863],[152.9025786753106,-25.54157806723959],[152.87529919619263,-25.55637421463737],[152.87084017720957,-25.551594254153848],[152.86477624782972,-25.551387313547515],[152.86191931786337,-25.553424333279224],[152.87792617533879,-25.56129018493931],[152.87360230481107,-25.569145204571793],[152.87494126979826,-25.60939242503196],[152.892116557068,-25.617959906815155],[152.91148783825258,-25.67478666921021],[152.87825327045414,-25.68366642596463],[152.92025042354902,-25.70632741034129],[152.9072062721993,-25.7280104292139]]],[[[153.31170548712362,-24.955730423636595],[153.35036048256853,-24.96298244762014],[153.36034435629065,-25.006550468991588],[153.11545928465037,-25.539986438571688],[153.07774539204684,-25.67323740585909],[153.08922036047574,-25.758414397703618],[153.07688207741825,-25.793298386745395],[153.04606210023596,-25.795234463664258],[152.99561210298637,-25.731849448089687],[152.97468133812677,-25.624667455123795],[152.96423632215075,-25.6000593838784],[152.95528816358356,-25.595512392945984],[152.96424030499736,-25.576667393688904],[152.95268210397384,-25.594409442676294],[152.9425113860147,-25.58584640158945],[152.95872325590017,-25.573698383112646],[152.9502193765076,-25.575568392276974],[152.9595361473876,-25.560814423089376],[152.95101025930506,-25.551922432164087],[152.9887062604564,-25.512094475614397],[152.9868084884008,-25.448283774905473],[153.05142860463437,-25.34530766054885],[153.03999714408022,-25.276686898841806],[153.05154070685538,-25.244646899739518],[153.038679750705,-25.22314906827288],[152.99159253508338,-25.224494363561796],[153.02953953726637,-25.176290296973132],[153.1625938260314,-25.08131669958216],[153.22226429076073,-24.995643514906256],[153.22622926055837,-24.911998434621772],[153.169111295668,-24.832021448197487],[153.11893019246122,-24.81504547300102],[153.1770662256739,-24.74317543827069],[153.25069917431534,-24.697308465334388],[153.26690747194178,-24.704347457032952],[153.26529645109443,-24.87717345828902],[153.31170548712362,-24.955730423636595]]],[[[153.40061398007174,-27.50036527317343],[153.4230388515487,-27.470105105218977],[153.44005490963733,-27.392773496341654],[153.54354753440688,-27.425518617178845],[153.47377488891965,-27.603955511454647],[153.4540031849789,-27.728745130420855],[153.43844145609123,-27.73317818886794],[153.43994926821105,-27.715456248882003],[153.4227517468138,-27.740752257327685],[153.392904934371,-27.70711455402146],[153.4020806752001,-27.692950554844245],[153.39884147945173,-27.66258970427475],[153.41886906909565,-27.648551626204537],[153.42166898963063,-27.642041626438544],[153.40708297518972,-27.61099682470694],[153.41254334735098,-27.51162603447784],[153.40061398007174,-27.50036527317343]]],[[[153.3655075219916,-27.20123217722854],[153.36176760029375,-27.060268525726965],[153.4024018492065,-27.03525450966308],[153.38873620872474,-27.050332508391712],[153.41218073761755,-27.03969346069459],[153.42867144640286,-27.03565134234312],[153.4315003763536,-27.03370730261606],[153.41218165845174,-27.033127470642388],[153.46821568326294,-27.027770896314983],[153.41966668597385,-27.203557952761194],[153.41758617715575,-27.274410673111923],[153.4372922274577,-27.3339523555935],[153.42834563461713,-27.363600784916287],[153.3655075219916,-27.20123217722854]]],[[[153.13398534574026,-26.888954541300546],[153.20630605506346,-27.072650470063866],[153.19628796305076,-27.09696515924485],[153.16531647604765,-27.099070326134008],[153.13256051739748,-27.0362676923307],[153.07706209035712,-26.979416446290337],[153.0909230132226,-26.944955427410203],[153.0777120993635,-26.906943455778215],[153.10734509812735,-26.892094448641803],[153.1299541080476,-26.873900460774163],[153.124861122026,-26.846378450041346],[153.13123011597432,-26.80954745038911],[153.13398534574026,-26.888954541300546]]]]}},{"type":"Feature","properties":{"STE_CODE21":"4","STE_NAME21":"South Australia","AUS_CODE21":"AUS","AUS_NAME21":"Australia"},"geometry":{"type":"MultiPolygon","coordinates":[[[[138.62295327081495,-35.55750749358081],[138.59822736349975,-35.579455432683],[138.60378109165978,-35.59426944300686],[138.52236709201568,-35.64295449991995],[138.43110315789372,-35.629260446070035],[138.27596333283566,-35.639361489812465],[138.19136513523563,-35.6650764665674],[138.09553714350642,-35.623857462494435],[138.09392038498976,-35.60338947230421],[138.16549522822888,-35.51936342463344],[138.19386930331586,-35.52363643579473],[138.24454724637175,-35.500834487689076],[138.2943251401868,-35.46816944949648],[138.34126015707554,-35.39285042093356],[138.44105139341457,-35.349980464746416],[138.44320924782502,-35.272121454350156],[138.46993709550372,-35.23914346524423],[138.469070233571,-35.10941747439784],[138.51762125047009,-35.03211648591819],[138.47606718781407,-34.8567524631003],[138.49026305832516,-34.81095201339718],[138.47800468197778,-34.78292617271509],[138.49633232016862,-34.76459848335542],[138.51535041680305,-34.77015446417636],[138.51155284449632,-34.81807168432144],[138.49554931559058,-34.842104423811605],[138.49712166482706,-34.85053799392961],[138.51616721420106,-34.810821494466595],[138.53082930114746,-34.8225594851476],[138.54573917949824,-34.81059620569039],[138.55848019657736,-34.825147436311156],[138.56147823601418,-34.82653504644449],[138.56512936542939,-34.82657041659649],[138.56620023533128,-34.8253804666335],[138.54671226938163,-34.80996346572678],[138.55578025857477,-34.79949246603723],[138.5269842868466,-34.73896246446099],[138.43042453647374,-34.66799261003407],[138.44578833491497,-34.653379460572125],[138.40843906401835,-34.60024653870552],[138.36431677231812,-34.57813503676512],[138.34439267825516,-34.53119883565778],[138.26563930388886,-34.476788182126974],[138.2252298067354,-34.36589446979944],[138.22303623026446,-34.31124840936452],[138.19240849732873,-34.27215941788996],[138.1462104249314,-34.26560446600632],[138.16753145277065,-34.24532143672637],[138.16367224504685,-34.21634943638832],[138.0879052317013,-34.13192042284441],[138.06819234425814,-34.14086147212311],[138.0075665481697,-34.238227440358784],[138.00151024778907,-34.26159243026982],[138.02174332328835,-34.28505643121191],[138.00710321193915,-34.349018421043134],[137.9175442315276,-34.42814247805027],[137.88759043177663,-34.50734840738911],[137.87581628853692,-34.59766944750247],[137.9076834524532,-34.615854488850836],[137.87681741437598,-34.668396477985745],[137.86503028004694,-34.77789740821715],[137.80007043480026,-34.87753244634036],[137.8050312520467,-34.912173436747],[137.7573114849551,-34.99655645544648],[137.76399740139237,-35.0405854559759],[137.72473724698796,-35.05372940456073],[137.75911647801152,-35.11434143624794],[137.697321436484,-35.14152341406436],[137.6778943881609,-35.16772844349064],[137.63750528468643,-35.168187441967945],[137.5548244709084,-35.117441388552194],[137.42284739333985,-35.09808139354204],[137.35227443282844,-35.13394639117909],[137.33489434381727,-35.16784444075513],[137.23774836977205,-35.16450139721766],[137.17399958626294,-35.237345405380225],[137.11143556616153,-35.24291739318727],[137.07669447269276,-35.22634345185575],[137.0013965151219,-35.2231934291889],[136.94402944142217,-35.28213938754972],[136.8830076504535,-35.30033243554784],[136.8219344032398,-35.2452663931111],[136.84643240008361,-35.228809433850344],[136.84574766216937,-35.19008738358922],[136.8883446554851,-35.18523836502606],[136.89761755544112,-35.156659405170714],[136.94113035978884,-35.12909745650883],[136.9610794389642,-35.08228843691443],[136.93029439668436,-35.029036425516296],[136.96824665202172,-35.00040040665905],[136.976392393752,-34.94122639657744],[137.01256049899646,-34.92046636771317],[137.0136214102452,-34.892965437580116],[137.09338334601418,-34.91993439055467],[137.2764865179402,-34.89388640694003],[137.3092522708615,-34.92781137833714],[137.34696231468874,-34.92978641972062],[137.37495225889487,-34.95373138089097],[137.44876560937232,-34.91030441333132],[137.4596145832078,-34.80761638309219],[137.50944756555603,-34.61794138375131],[137.4738244869744,-34.51128939176363],[137.48319637937615,-34.439261401657724],[137.46317642321216,-34.426658440838935],[137.4270324064532,-34.47258344979644],[137.4151563690254,-34.459579449278664],[137.44666429735142,-34.398025380050214],[137.47608745301636,-34.39244945110054],[137.50030644353646,-34.311986381489895],[137.49991155819347,-34.22649042093582],[137.44986365087533,-34.13550438851243],[137.5222805099218,-34.129237421150435],[137.56740385750652,-34.043597332287234],[137.5523304514158,-34.01441038154006],[137.5329696551025,-34.00166142073878],[137.52713257586237,-34.00437439053914],[137.5586394418112,-33.98883841161277],[137.60027053819374,-33.936299392834094],[137.63064732428043,-33.92180839388128],[137.62546728652086,-33.89514841351697],[137.60036558138464,-33.8767804124588],[137.72547866791265,-33.76990891649392],[137.75515192639602,-33.71420863726591],[137.85728398531916,-33.63130738064589],[137.8790299939044,-33.59676862126249],[137.9196665682339,-33.587316212773786],[137.8932377601466,-33.62559907199657],[137.91755441647132,-33.62496475293387],[137.93535951776377,-33.55266131315982],[137.9517890041193,-33.57328883393118],[137.977470481015,-33.55882051483861],[137.9711287530591,-33.53941277446633],[137.9394334674076,-33.54790427328744],[137.94907545790804,-33.51243043343383],[137.87050345620318,-33.39652646964431],[137.87550745731804,-33.36237244961683],[137.8909514447413,-33.36682746024177],[137.88125051859973,-33.32314441958501],[137.85183747286993,-33.32616643847129],[137.81113947226206,-33.2662403765221],[137.83798934143124,-33.207224417169876],[137.907823582909,-33.17142745962984],[137.92549129998432,-33.17648240034689],[137.93999354881788,-33.15813645079057],[137.95831354554548,-33.16775142156499],[137.95437158685354,-33.15469943132697],[138.0008144411737,-33.13163540298786],[138.01186141695635,-33.178013523721],[138.02423589488842,-33.18187010423061],[138.03629666376813,-33.169485884623136],[138.0141003266174,-33.17807543380903],[138.0209254972038,-33.149017473887625],[138.04805145387644,-33.13582347486597],[138.0544155540761,-33.115082424981246],[138.02463721904198,-33.105766873752025],[138.04594989691546,-33.086686384464],[138.01879120379058,-33.0356075330667],[137.95208899535155,-33.00599657027187],[137.9008924653712,-32.77762742679862],[137.94446046003188,-32.75763342835524],[137.83757449910829,-32.69579041382588],[137.86002847615094,-32.68938042464643],[137.86765247640048,-32.66391342477308],[137.80370949879247,-32.60770842195275],[137.83454250601568,-32.575149422919644],[137.81855447921984,-32.55896042220105],[137.7844865144257,-32.55477442087216],[137.78389551584803,-32.5296354206848],[137.76635948870924,-32.52399741997992],[137.76965949915726,-32.50645541999045],[137.7573875016387,-32.49342140943815],[137.7702925204769,-32.47981141983973],[137.75728052365093,-32.45567441918635],[137.7599505036407,-32.448512419240835],[137.7637985132634,-32.445050419364414],[137.7652355132508,-32.44133341939467],[137.7607195143492,-32.43299441916815],[137.75399052394314,-32.459215409084585],[137.76613852134844,-32.47479240964871],[137.75300783230094,-32.49298280926886],[137.76242950005977,-32.50934341973432],[137.75016050055436,-32.533850419428695],[137.76557751471228,-32.601482430457885],[137.75027762118947,-32.710075620586316],[137.75315981017224,-32.72122481076867],[137.78218547630786,-32.7135464218235],[137.8104134802723,-32.74866943313103],[137.796353500711,-32.77920542279298],[137.8114684649433,-32.845128433800824],[137.79260950634483,-32.871041413248825],[137.79915249416229,-32.89364742364601],[137.79002449433247,-32.915701413440935],[137.7586854993987,-32.90793241219602],[137.7501344899055,-32.92219242196363],[137.78651874033122,-32.999901683854695],[137.72127533054868,-32.99049804131237],[137.69150316662646,-32.959546319985115],[137.641425644298,-32.955304508071755],[137.5952050088984,-32.99853715662107],[137.5997494770346,-33.02107524693701],[137.58574347907074,-33.02207237642035],[137.5969866766534,-33.03613638693136],[137.5529684920732,-33.0580454054324],[137.5360306626784,-33.09480442504102],[137.4519866133896,-33.130687832168434],[137.43406920091766,-33.23007455215145],[137.39369366389784,-33.2898765010583],[137.3744417866551,-33.29271253037411],[137.3855928208585,-33.372152271291306],[137.36052885118505,-33.43915215080765],[137.31462149648405,-33.471515109348545],[137.27884032711714,-33.56500150865362],[137.21331359220272,-33.661068506912514],[137.1685157275764,-33.690280805499455],[137.06974134230046,-33.698729862057306],[136.99168198298017,-33.72477961948916],[136.8572259200259,-33.798373015307035],[136.79963662866302,-33.80331656337054],[136.7784913105747,-33.8309986728265],[136.7304678977975,-33.83496416122558],[136.66836965528535,-33.87867540941322],[136.59269155600103,-33.899548377021866],[136.57220249805732,-33.92302434649072],[136.57475778668913,-33.943424366703624],[136.49748558635912,-33.99260136446709],[136.43475702522517,-34.0115812325382],[136.36314366368865,-34.06933536058213],[136.34669563485534,-34.099482390241356],[136.35685880218514,-34.122744420713694],[136.33138556499136,-34.14811236005347],[136.3243972345321,-34.18158883003828],[136.27801398999216,-34.220821408800354],[136.23359159350701,-34.29612239785753],[136.1878490389413,-34.33482606665313],[136.1122522497559,-34.359370234436795],[136.10378783004455,-34.382514384316536],[136.13015568475848,-34.407097095291384],[136.09180845980933,-34.42955818423512],[136.11669513604213,-34.425725114986456],[136.12177663334145,-34.467407015403005],[136.09218089461797,-34.54272025494622],[136.07323272928656,-34.506189124132106],[136.08290748824342,-34.495292104365056],[136.05633360319825,-34.4790061034406],[136.02502806794072,-34.48403409250502],[136.02181040700646,-34.51619221260445],[135.97413484509858,-34.50468510106985],[135.93231779068574,-34.52850760994098],[135.9021348426511,-34.59257053941918],[135.91389469994462,-34.61129536989098],[135.9334302668932,-34.609812690475565],[135.9374204045098,-34.6490061908381],[135.8911521733783,-34.61571878922906],[135.86177281728132,-34.63356094845173],[135.85396981712606,-34.66536736841211],[135.85386556493165,-34.715483258716525],[135.88486942954472,-34.72492201970976],[135.87006255105527,-34.744416349382085],[135.89141664731787,-34.751433390070396],[135.86472778079406,-34.76965253937584],[135.8634558316531,-34.75485941924684],[135.84638113448153,-34.75286829872053],[135.78573905174238,-34.80931636725006],[135.83438022349074,-34.81899414876478],[135.89350127457516,-34.80558490046531],[135.95640411663504,-34.75713433208113],[135.96087212472122,-34.783802542381196],[135.9806100015146,-34.784604152990134],[135.9912676713471,-34.75033439310671],[135.97925096416702,-34.730487672616405],[136.0065387595478,-34.735925263487346],[136.00193483796983,-34.787248743660825],[136.0157907454295,-34.79420252412977],[135.95996049195685,-34.84858738275028],[136.00453175880799,-34.98032902492256],[135.9602643454506,-34.991897053635626],[135.95447044573731,-35.00633828354668],[135.92888439249168,-34.9482814724121],[135.8677556336393,-34.91988081038606],[135.8560696451986,-34.927274130078835],[135.85933668591156,-34.899338800006696],[135.85376277737467,-34.88663576976117],[135.79209760845282,-34.860942227755324],[135.71271869106926,-34.86508781542449],[135.70574548042916,-34.90572273546664],[135.6792197243684,-34.91369240473452],[135.68588368194133,-34.944842385120126],[135.61883435280504,-34.94445213315564],[135.6240515935981,-34.90634529307564],[135.60451007794026,-34.87865312233833],[135.49590026951097,-34.782569448622354],[135.474348224587,-34.744094387772556],[135.37970600213606,-34.68710367474738],[135.32502945093069,-34.6863618432135],[135.34728240819612,-34.66603211371035],[135.34169451060126,-34.62909481332876],[135.25243760798858,-34.55185683038192],[135.173735080418,-34.55498850824704],[135.1435056437835,-34.591824467651385],[135.1092049494065,-34.58822008670317],[135.1253526972883,-34.576519637067264],[135.1389900080039,-34.503282596988775],[135.2063272802303,-34.42929345836718],[135.22139228507015,-34.498615969203684],[135.3539074130241,-34.52204933301545],[135.31625642907798,-34.52064513195695],[135.29759354076972,-34.55228087163226],[135.35469541052865,-34.5800539733924],[135.361630367756,-34.62072228383508],[135.39114711294252,-34.62302067467762],[135.40220395074724,-34.63338855505228],[135.37430521539787,-34.62880110423974],[135.36576428621922,-34.64207742408135],[135.43827959496798,-34.633619746073],[135.45153668364662,-34.61439134633138],[135.47403092970154,-34.622805367022465],[135.51676808328384,-34.612953898183314],[135.50804728543,-34.5949719578234],[135.4580777337635,-34.586425936346004],[135.443144715562,-34.600543356008586],[135.46361555196086,-34.608517006638614],[135.47297342012763,-34.616635856954595],[135.43170181727064,-34.60341862570204],[135.4457920977654,-34.537174755695645],[135.42866619089875,-34.52737398515058],[135.41035618334365,-34.53882045470355],[135.40509332548228,-34.50722125436159],[135.39145130655373,-34.53401077414162],[135.42219814104305,-34.54884333509924],[135.4063921433077,-34.55503467469105],[135.41364502079813,-34.587838875096395],[135.40024612290256,-34.58868313472377],[135.3963491333445,-34.59306327464083],[135.42225090886217,-34.60143981542266],[135.3892431643975,-34.595051424453054],[135.39833119456742,-34.55565684446775],[135.37687335961456,-34.515992843621724],[135.39543247751382,-34.495190214015786],[135.3886851907321,-34.442850093505044],[135.358942006439,-34.41868963252272],[135.34623176458854,-34.267544961238514],[135.30351984467904,-34.18407434953611],[135.2678869105525,-34.17726954850893],[135.24124453581913,-34.15011703760849],[135.27948522102903,-34.11972416847414],[135.2715585162606,-34.01957707763679],[135.2521815908037,-33.98132015686663],[135.1940348722876,-33.91978735489455],[135.18215992577902,-33.87775737431111],[135.16175474895942,-33.87750229375566],[135.04027891251064,-33.7549893497364],[134.8789247412194,-33.65389432487769],[134.8791453818439,-33.636095584772995],[134.8607698943838,-33.643965794346975],[134.8302544397335,-33.62630403345211],[134.8634093975662,-33.54657770381055],[134.84507439441444,-33.43647597265333],[134.8020553248961,-33.3287681008798],[134.65830163013823,-33.23357016666079],[134.71910449104578,-33.22997071816069],[134.70215571557944,-33.17465680738929],[134.63242591656686,-33.16218425557219],[134.59515916301814,-33.13877648450506],[134.55835855779918,-33.161332973742255],[134.59819205054694,-33.196542544940364],[134.64076105458582,-33.18270523590715],[134.64745215312755,-33.19537619615247],[134.62315564671903,-33.19788736556541],[134.63122575494074,-33.21373735586424],[134.6637843696776,-33.22306311673186],[134.642479792863,-33.22432327620955],[134.6308462938957,-33.245149396050735],[134.5957681606749,-33.20340360492342],[134.4508925346232,-33.14464322103237],[134.3688931759773,-33.175884979271714],[134.3584822492417,-33.12532684871076],[134.29257432083037,-33.07590594685537],[134.29969051063702,-33.04920274685515],[134.27554875507593,-33.024769466139986],[134.26402095657116,-33.032110815917875],[134.28174652330077,-33.05042328644416],[134.26100923568447,-33.073077906103215],[134.2787893318744,-33.10741736673026],[134.31260241661622,-33.11199668754844],[134.35847786847617,-33.14828386885361],[134.35802095845497,-33.15098987885966],[134.34602822999545,-33.15920285862777],[134.34494327009236,-33.16122185861477],[134.3513416481543,-33.19028696894649],[134.328375151329,-33.19946291846271],[134.2602325831957,-33.15261696658011],[134.2617570047493,-33.0981888962769],[134.2302913112868,-33.04329882520704],[134.19204610731236,-33.03515295427711],[134.16792969028538,-33.05567369385365],[134.13853372591927,-33.01807333295115],[134.1935495077844,-33.0135178941768],[134.20188694813677,-32.96376939405786],[134.1674010645035,-32.926754943038375],[134.14406810795862,-32.92815441251644],[134.1411922078765,-32.94425365255158],[134.11918924212156,-32.91458361186855],[134.08090939748547,-32.92650325108138],[134.0605384911249,-32.907920300509666],[134.07865438868686,-32.899105930860046],[134.07153543023486,-32.883800830605175],[134.1168682039439,-32.868094071526116],[134.13850606160906,-32.83970141183821],[134.11890932632176,-32.78337260104293],[134.0603307769626,-32.722484619347185],[134.08060265435137,-32.70955899971966],[134.2049427353606,-32.72518838263647],[134.21509568367068,-32.73076837290453],[134.152822243154,-32.72396279143909],[134.2001427653853,-32.74667779266104],[134.1966547543446,-32.79529172288546],[134.2218665407595,-32.78983130343016],[134.29038995370394,-32.69285130440897],[134.26635029113132,-32.5737953531021],[134.1631095197161,-32.46903889007225],[134.09218904050982,-32.45785515840003],[134.09721216980105,-32.456870368506586],[134.10284462918355,-32.45010249859056],[134.08104114222846,-32.45536822813457],[134.08628111136994,-32.458163208269504],[134.0823571817171,-32.46556427822815],[134.08122612214117,-32.45729621815083],[134.06284027489497,-32.455781307730405],[134.0622712353167,-32.44488922764921],[134.05907923590337,-32.44111620755431],[134.05713327620276,-32.440694247508276],[134.06193229501233,-32.45630731771347],[134.0862241409852,-32.47077228834755],[134.0369855385772,-32.459799487180284],[133.99508091399287,-32.48443697640854],[133.99157202386957,-32.50533921646251],[133.92274719434187,-32.49483612489194],[133.89370338723097,-32.54120533455368],[133.84900848382108,-32.54171212359593],[133.86682635544724,-32.399172123084114],[133.88968594212756,-32.397861173567755],[133.89719370097345,-32.39956030374047],[133.88902014181681,-32.41149584363904],[133.89514871096767,-32.40976882376042],[133.90558723932418,-32.41339795400882],[133.887454261699,-32.42311239367821],[133.91932499685504,-32.42830446440009],[133.9469379333009,-32.41156371489557],[133.9510938233895,-32.388499454841266],[133.86936789861002,-32.280491362392496],[133.81818022707543,-32.24722042108974],[133.82141507699336,-32.233956351075],[133.80602222932274,-32.23115138073056],[133.80834931863225,-32.24310146085514],[133.76973886366758,-32.26381276016979],[133.7567336172529,-32.20583244953173],[133.67912138866393,-32.20262883789587],[133.69291597800932,-32.15522646788288],[133.64272636561702,-32.144562736781886],[133.67049618184944,-32.13497181729221],[133.6675459931478,-32.10440221703892],[133.59226432456444,-32.08724385539263],[133.57252176658946,-32.11744010518324],[133.58469086416247,-32.14097813557729],[133.55346525791154,-32.169568485126916],[133.52211344287346,-32.15528762440876],[133.5253052631781,-32.12742549429747],[133.5047785057654,-32.14191370397909],[133.51903839364581,-32.14351961427343],[133.51131251450113,-32.15329369418072],[133.49679463668903,-32.150595783874856],[133.5029344463317,-32.13107266387429],[133.48315060934087,-32.12627877345144],[133.48948744887028,-32.10980667347356],[133.472798561561,-32.1000937430821],[133.4510558043795,-32.112643942732255],[133.45146095368625,-32.13599403288684],[133.43809600598243,-32.123026082542864],[133.39511847173597,-32.14156447182006],[133.41176048833833,-32.177738482370955],[133.46431705082995,-32.172144083367044],[133.4918119561795,-32.19560201405841],[133.48773705648597,-32.20609408404335],[133.44624817329023,-32.17850625305111],[133.42350049608007,-32.19795948272705],[133.3897927509379,-32.200192822084134],[133.3228001512515,-32.17986171066567],[133.27824646765262,-32.18351641984052],[133.25320065059344,-32.21085625953851],[133.16467038456318,-32.17003853763284],[133.1257645992564,-32.20876962716001],[133.13814054830905,-32.174863917174946],[133.08835024676915,-32.12700727596818],[133.00663047973603,-32.08338722422905],[132.97957687310486,-32.10649960389417],[132.98157867341115,-32.08198553377646],[132.9636426464245,-32.06522482335568],[132.74659657061295,-31.94932781891698],[132.66058933287638,-31.957171017549854],[132.59521203283916,-31.934313876352206],[132.53133704206067,-31.934930795342794],[132.4784552694654,-31.946271264587676],[132.4464253535826,-31.970711294245234],[132.43793436417363,-32.00097196430285],[132.47324043843344,-32.03007777502762],[132.41545981747825,-31.998792283945814],[132.34319592763413,-32.014484572953215],[132.33520490849426,-32.02907487292448],[132.20062230807258,-32.027266680947264],[132.15118645572292,-32.00302130009465],[132.07300544868238,-31.917726738477505],[131.75858532752133,-31.720246243142117],[131.4421846151802,-31.57181129851712],[131.14864512852216,-31.463640114796632],[131.08180669767142,-31.490884284320817],[131.02640627496703,-31.537612544088898],[130.80614067560984,-31.605616292570655],[130.1521957094031,-31.576524217872464],[129.527792668526,-31.62267041554255],[129.00192754386302,-31.686990625022766],[129.00184693623308,-25.998591869552808],[140.9993959770612,-25.99637801830771],[141.00296253892674,-34.021878545204956],[140.9872909707464,-34.02965977444534],[140.963688948009,-33.98063640290455],[140.96580261795776,-38.0559849485865],[140.83784549205893,-38.041037541899186],[140.7830045414963,-38.04550658911887],[140.77048482257715,-38.05969454856439],[140.76898471303448,-38.057378568474064],[140.76327976413404,-38.05640953817733],[140.74680260690124,-38.05862354735096],[140.71770860267148,-38.051671855829895],[140.6976739056072,-38.059663764860616],[140.67595961967302,-38.057442563747166],[140.66335172174604,-38.0597075831227],[140.66244886176585,-38.0614606130875],[140.64203178706003,-38.041151571935046],[140.57939180918612,-38.0296875387129],[140.5672976130409,-38.00858255798021],[140.51701281351484,-37.989946615351926],[140.45402185905772,-37.93583257189115],[140.39555657077858,-37.91940157889529],[140.2932966323731,-37.74788655283756],[140.2478967051973,-37.686099560247314],[140.17871586271784,-37.61720951646778],[140.13433578284457,-37.587116564138185],[140.11271997731768,-37.57840358304216],[140.10780009919307,-37.56515246272539],[140.1313186557335,-37.55621057380701],[140.12084695950767,-37.53085153314905],[140.0498297959481,-37.478603569417665],[139.9931236653583,-37.48587654674766],[139.80356176453176,-37.27064154648057],[139.73997498209292,-37.18194950297025],[139.7430677434583,-37.15583555295693],[139.7884658854325,-37.157785515091774],[139.79105899836395,-37.11153549493373],[139.74393786924958,-37.07417650250392],[139.74054199367765,-37.02129051202523],[139.6700536104187,-36.95798812836366],[139.67591587055594,-36.942042538538736],[139.78749840478025,-36.894598833451276],[139.84289790926954,-36.83956151571761],[139.86252904168865,-36.76019313615837],[139.8548482401799,-36.66143123519272],[139.80013681121184,-36.49894454162581],[139.7093300598611,-36.312449516240186],[139.59392201186876,-36.13273849979548],[139.484133219401,-35.9998485539503],[139.21647217016536,-35.75797047041939],[138.9511233947962,-35.59138879775787],[138.71822109794894,-35.513792447316845],[138.62295327081495,-35.55750749358081]]],[[[137.56487388396096,-35.57203719173058],[137.6335221930745,-35.56450541426215],[137.6266843623584,-35.59714742420481],[137.60630546605552,-35.59118141340144],[137.56821356054033,-35.623202412169185],[137.58322049698185,-35.642413462848985],[137.64122441759892,-35.638877455008874],[137.6441765562431,-35.65420158521419],[137.58011839382496,-35.70760145313169],[137.58145936235374,-35.72976143331744],[137.6962673227515,-35.73977745771031],[137.76977820153502,-35.72294340040996],[137.79239844694658,-35.73752547136631],[137.80276429398603,-35.759019451896],[137.74417644102502,-35.80561045993709],[137.75438639717535,-35.84297046055541],[137.77240838534232,-35.822782481121585],[137.78102245345073,-35.830728491500224],[137.79666949064313,-35.83427340212225],[137.81476523834422,-35.82201945274293],[137.7983042517657,-35.810190472037796],[137.75838026864056,-35.806028440482336],[137.77735836673378,-35.78443141107671],[137.85216634370374,-35.79493646401926],[137.89254216916194,-35.75793143535584],[137.90061516005457,-35.71974345543505],[137.94082136360717,-35.71619242697798],[138.04599033462532,-35.74280749126667],[138.06779733000457,-35.75977042223209],[138.0769571763341,-35.795884452816125],[138.1257320878546,-35.802336464791345],[138.11907824790853,-35.81986243463425],[138.1342702339612,-35.8435834653843],[138.04082936588176,-35.904260472052755],[137.91114121011017,-35.85977545670185],[137.87427033561696,-35.870555455336834],[137.80323948860374,-35.85060246247444],[137.74110422880236,-35.853101410109936],[137.7261224799378,-35.87672847968277],[137.6602966404425,-35.88488547723321],[137.6119852068947,-35.91309745558237],[137.5981791975194,-35.9426794752433],[137.6204513017513,-35.978578416299484],[137.60265036298293,-36.00927642581617],[137.5359801732182,-36.025850463419694],[137.46073050308394,-36.07495741092129],[137.37102535241104,-35.99840242715571],[137.20949733082108,-35.97397445114855],[137.18085647507797,-35.98397146018165],[137.18977941287162,-35.99706439058057],[137.16268940591738,-36.02472543977814],[137.1309543407468,-36.033971408701994],[137.1025953363608,-36.018157427598524],[137.03608931702135,-36.027637395305256],[136.9972863640873,-36.01732438388028],[136.91546052645043,-36.04356243118557],[136.8540524681857,-36.01656143890053],[136.81674746329648,-36.03883140775303],[136.72709562805449,-36.0450574047346],[136.70524363075742,-36.06405037410901],[136.6962634227512,-36.05464538374912],[136.70844256161047,-36.03691241405413],[136.6656274519295,-35.975731392242345],[136.62480665986308,-35.95435640074445],[136.59527440448508,-35.960925419797725],[136.5797865186035,-35.93071439910028],[136.55077449490813,-35.90191636796373],[136.53886064703272,-35.89931536755355],[136.54999438589482,-35.88481041783492],[136.53441753841852,-35.88646137732921],[136.54057135874334,-35.85935042736955],[136.56391555533375,-35.849521428084024],[136.5874433864527,-35.74884337825851],[136.69726565865562,-35.73945441188267],[136.72029952580152,-35.72027242254504],[136.7587936292809,-35.72270243386574],[136.78367143630118,-35.70019937457671],[137.06965933049165,-35.66914137431638],[137.1411963707475,-35.62974836661381],[137.20347350072046,-35.62470143880949],[137.31349630501248,-35.57922643250499],[137.44693926206293,-35.596209437496526],[137.49100544570686,-35.579753389026266],[137.51881651024226,-35.59551742015614],[137.56487388396096,-35.57203719173058]]]]}},{"type":"Feature","properties":{"STE_CODE21":"5","STE_NAME21":"Western Australia","AUS_CODE21":"AUS","AUS_NAME21":"Australia"},"geometry":{"type":"MultiPolygon","coordinates":[[[[113.02166243780295,-25.49782475231664],[113.00941344433996,-25.561174743439032],[113.03889347588868,-25.618325741700765],[113.07679570418996,-25.768606749823462],[113.11476672584031,-25.83863771758012],[113.10973643880315,-25.867957748053666],[113.1560176753962,-25.887807775026925],[113.12650739146325,-25.922418727172143],[113.13668856488317,-25.97741870673792],[113.15757864189924,-25.96893873529343],[113.15073759036981,-25.941268785626963],[113.1680675986401,-25.943258774470728],[113.16700849176186,-25.97980875470923],[113.19387854058117,-26.001238753003005],[113.20398838964093,-26.003278782334252],[113.2038084118567,-26.03001875246876],[113.21978953065224,-26.036708721428433],[113.2379104743744,-26.106338760534232],[113.21629072137128,-26.16248976223818],[113.20859064994664,-26.134839702627684],[113.18086057199547,-26.122599784431657],[113.13597863866376,-26.022329786990998],[113.04859764068057,-25.93105973247392],[113.02297646761977,-25.860398743887554],[112.96642547711583,-25.7802987373642],[112.9796054431295,-25.749457726326636],[112.92246446766914,-25.609406749580597],[112.92817368034522,-25.528525728820984],[112.97068245181265,-25.480374745702385],[112.99181266110266,-25.49912471435056],[113.02166243780295,-25.49782475231664]]],[[[115.32155040888962,-20.80825734337217],[115.43105919034257,-20.668364756205975],[115.46868907795368,-20.680224534068984],[115.4583488496262,-20.692364564736515],[115.47592006300022,-20.7660555740981],[115.44758985778776,-20.802186615941707],[115.44745991956306,-20.828876566089313],[115.42536998198128,-20.837036607423915],[115.42074054414064,-20.863686777834545],[115.39494077784713,-20.88641717946529],[115.37428086016608,-20.89479738072165],[115.36884093921117,-20.873467380929632],[115.3476806504365,-20.864797342128565],[115.32174072324207,-20.873737573703192],[115.33376072237537,-20.87609751300718],[115.32104094449181,-20.891567613837587],[115.30683098362303,-20.86042760451314],[115.32155040888962,-20.80825734337217]]],[[[124.5106440819895,-15.401064184875786],[124.51003307127674,-15.366658174657536],[124.48440708326673,-15.386748175319411],[124.48643308355705,-15.405605195404052],[124.46492309484987,-15.405062175844815],[124.47993006354409,-15.387030195413683],[124.48262307289717,-15.36495819521012],[124.46774008400983,-15.374630175582542],[124.46083009401379,-15.355816175599573],[124.48103609256634,-15.345490185112345],[124.49212314217516,-15.358213224969049],[124.48078106238108,-15.336338195056236],[124.4907692114436,-15.321035194747584],[124.51711112013359,-15.333794144291915],[124.4983882206924,-15.307665174501011],[124.51521822980772,-15.313575204195025],[124.53556722836593,-15.303605183711817],[124.49481597056959,-15.292206224470815],[124.52760617818072,-15.272996173668968],[124.54187625747726,-15.280086183425174],[124.54178620714788,-15.264616193323105],[124.55174599654545,-15.26439622311875],[124.55805608585176,-15.249786162892272],[124.57131594496185,-15.24536518259345],[124.55806615596825,-15.255216232928547],[124.56872608619175,-15.295316182981598],[124.56313600655474,-15.296556203103309],[124.55621790735296,-15.31426514336276],[124.58994810527767,-15.31223519266605],[124.58004200652775,-15.342673183070653],[124.5900229960113,-15.346692212896077],[124.6050220150014,-15.341812152561179],[124.62451312492546,-15.393562152517903],[124.65475312322245,-15.399692141955702],[124.62393317544304,-15.416242152681924],[124.61557289618693,-15.427332212923949],[124.52464304216872,-15.44837323490641],[124.52390322193705,-15.43564317483616],[124.51075314270639,-15.434263205096176],[124.51377319235053,-15.426353194981225],[124.52947312111172,-15.413223194571938],[124.54115297083568,-15.433212204467763],[124.53890300053179,-15.412872194377144],[124.58981308677865,-15.381912203136913],[124.59105292642721,-15.369012223025257],[124.55360205912677,-15.389120193918528],[124.54518406903789,-15.361436183903969],[124.53662306989577,-15.377140184183869],[124.52728290007921,-15.359553144256592],[124.52255108080196,-15.379648194488205],[124.53322806013391,-15.378647194263271],[124.53430506021458,-15.385374184286425],[124.51580208129916,-15.383719194653702],[124.5106440819895,-15.401064184875786]]],[[[125.134296869909,-14.646529197795068],[125.1363571494481,-14.628359197634374],[125.11268715079103,-14.627919178056302],[125.10809717133591,-14.642799148240327],[125.09262686189783,-14.625909208404634],[125.10100693129556,-14.619399148208847],[125.09612714017855,-14.54619917779841],[125.1321771682374,-14.551669207186562],[125.13409705860144,-14.57670917732284],[125.15159702740056,-14.56575815693529],[125.13442716798662,-14.545149157101784],[125.14982615663205,-14.519568166651899],[125.14222692699198,-14.515848206762346],[125.13262716778526,-14.52908919702455],[125.13165699752007,-14.512149206926454],[125.11662695818902,-14.502599207131398],[125.11805618794351,-14.493909167046432],[125.13085596705525,-14.485158206756763],[125.1358761765998,-14.47603814660455],[125.16047604512136,-14.471179146131844],[125.15117617529859,-14.452728146171824],[125.16274583471603,-14.456389165990487],[125.16536595425988,-14.439920155831443],[125.1849949235158,-14.459201135614554],[125.18013600425085,-14.483909175869325],[125.19026603347604,-14.47300019561547],[125.19175607348251,-14.4778601956223],[125.20782614276166,-14.487859185407036],[125.20475605315472,-14.49969815554196],[125.20814617283375,-14.492719195434585],[125.21613602243755,-14.495689205314331],[125.20766594293192,-14.496549135469195],[125.21175588308634,-14.517348155539235],[125.20151606381805,-14.525548125775535],[125.20589617370648,-14.532898155748526],[125.19774612429985,-14.539978205940532],[125.20107612425623,-14.547788125935105],[125.18424685527268,-14.551108136255083],[125.18049706564528,-14.559668126379902],[125.18718696544917,-14.569518166328661],[125.1996271146111,-14.562458126060779],[125.19732710513216,-14.583448186244588],[125.2085871744843,-14.58304814604347],[125.19610705532789,-14.590238156312441],[125.214287044608,-14.607228186108284],[125.18527717631179,-14.609938176638192],[125.18087688701986,-14.634418166883034],[125.16736717751743,-14.619798207022976],[125.14757687894884,-14.635859157484925],[125.15212692905897,-14.655529207537802],[125.134296869909,-14.646529197795068]]],[[[116.13705562749854,-34.84473093412388],[116.0015629089621,-34.841836611422764],[116.00267516643441,-34.81237908124091],[115.96082488918326,-34.76307662331113],[115.94705690798956,-34.720671643885716],[115.74302086573938,-34.5387006443401],[115.57787309230392,-34.42207421305943],[115.5408701282049,-34.42307407514074],[115.52026529929469,-34.39683834619203],[115.3454170000656,-34.31619909576973],[115.26257445224358,-34.3067797704708],[115.16889780814697,-34.321735265925675],[115.16530050699983,-34.30136300605049],[115.20195500928364,-34.27762249383807],[115.17139494379902,-34.27455079558898],[115.16912610457166,-34.27954077574042],[115.16521801469007,-34.27367476594232],[115.17668668222655,-34.265645595246994],[115.15605319624713,-34.275176816478314],[115.1604344372059,-34.29475597630481],[115.15373946823573,-34.29456107669116],[115.14829052864367,-34.28928100698486],[115.14385861935189,-34.28946906724211],[115.16008447753295,-34.29800103633827],[115.16468281889793,-34.32282631617368],[115.17298780761007,-34.32296218569443],[115.16638701148283,-34.35678268621353],[115.13331885825161,-34.37565062820316],[115.13703692671285,-34.36429767794169],[115.11914889754613,-34.340933678883076],[115.02372910501892,-34.25291764407685],[115.03290115226301,-34.237249633477795],[115.02442100236088,-34.222789683913945],[115.03914283798821,-34.19818063295466],[115.02986204663915,-34.16512768336154],[115.02684094657344,-34.15879267351208],[115.02097794752832,-34.159312693856585],[115.01923697609438,-34.139144693876084],[114.99351501667438,-34.09880570521571],[114.99110802701775,-34.09845470535517],[114.99339511655721,-34.097200645216176],[114.99444306605021,-34.09312570513821],[114.99365393606772,-34.09188668517936],[114.99988916473997,-34.087608704797034],[115.00415082355819,-34.08143570452255],[115.0008060684989,-34.01538370444847],[114.97988850717253,-33.961414785452675],[114.99223798284442,-33.93265927461153],[114.97596054957631,-33.86416998528465],[114.99399030548622,-33.84846867416374],[115.00011200998276,-33.79415813358221],[114.97509044573685,-33.69803922465299],[114.99049716323431,-33.69623208374228],[114.99667078061746,-33.676248833298246],[114.9947929603273,-33.66936969337987],[115.00233783907005,-33.668089622932726],[115.00692781765525,-33.659546662628784],[115.01940687549738,-33.65648171188602],[115.02827907227878,-33.634138661275045],[115.00430097723762,-33.53015066224775],[115.08884657758296,-33.56827573746983],[115.12326526696387,-33.62387097569965],[115.20672064649719,-33.65102699098213],[115.29998456258727,-33.6548026856344],[115.3672531310691,-33.63937790172401],[115.42755133935285,-33.60828980816231],[115.57366033471354,-33.45374982925819],[115.63582897376938,-33.30874671515788],[115.64615884159682,-33.30097347454704],[115.63980816396115,-33.31871673497757],[115.66627096023892,-33.3220726135129],[115.68776356015447,-33.108614341404156],[115.60825799719406,-32.66670553395724],[115.62782205905964,-32.5995345425695],[115.71054922080143,-32.52055452760174],[115.71761960264517,-32.557595867368306],[115.67110926081753,-32.57516168004022],[115.67285663202222,-32.593887880023544],[115.64101629860961,-32.61849160191174],[115.67260873253893,-32.728064470616786],[115.71244191132712,-32.787706868651384],[115.71331262003918,-32.77285402853884],[115.72588065887729,-32.78173171787735],[115.7268460465208,-32.75333315770112],[115.71024686803236,-32.741344198573756],[115.6663640446769,-32.61571527048092],[115.70413614132191,-32.64373810849279],[115.72423000744932,-32.63186672732179],[115.74702717522719,-32.64632558611617],[115.77371688049993,-32.63588711458894],[115.77751090688028,-32.596329664206976],[115.7553147476892,-32.56480248530231],[115.71852874304018,-32.564392937347115],[115.72094225980021,-32.527213447051444],[115.71175124069052,-32.52138752753834],[115.73791074536126,-32.50192592599699],[115.75019886874662,-32.43960614504266],[115.74390261686989,-32.40347688523555],[115.71286910880158,-32.370160896818874],[115.73612789482522,-32.362404715489276],[115.74335036154935,-32.33355431496159],[115.73068610158597,-32.31025726556493],[115.70156516541735,-32.305262657166786],[115.70198177358823,-32.282399567043875],[115.68475760480764,-32.26596760793425],[115.73671385758001,-32.269654655052086],[115.77457726627414,-32.19379366261514],[115.76539145343624,-32.13959798288795],[115.7373504071122,-32.13493856442744],[115.76276601148696,-32.10927998290092],[115.74758367993788,-32.060690653532156],[115.73224737175117,-32.055664744364144],[115.77752572318207,-32.02853593172626],[115.78671529052058,-32.01094364113871],[115.81436352794442,-32.02905444968559],[115.84643012126863,-32.00170604779133],[115.86082349255427,-32.04570690719045],[115.88336431768896,-32.02419686585274],[115.90163972532535,-32.027558614861405],[115.88939488631789,-32.01751361549109],[115.85726346195877,-32.03117012732289],[115.84509362868401,-31.965213617704233],[115.86377651672997,-31.974643636714152],[115.8837396434517,-31.969053635588686],[115.89110881188716,-31.962309595152966],[115.88593453097704,-31.940542645341786],[115.89874114014152,-31.953662044694564],[115.91484303765127,-31.95115392379779],[115.91900294653556,-31.944256843538636],[115.91013085717674,-31.93597963398975],[115.93631766306258,-31.931009552529083],[115.9390556425125,-31.928899512369487],[115.94126250155543,-31.920387462210694],[115.94807745079126,-31.923151411849126],[115.95141943030694,-31.923054381665462],[115.95609627915104,-31.916571321380392],[115.95944427852497,-31.914601291188184],[115.96393925753777,-31.910007240921587],[115.96447423734186,-31.90841822088524],[115.96273825775864,-31.910665250990295],[115.96533139691246,-31.904337580820204],[115.95864693718677,-31.89531914114641],[115.96625597614506,-31.895892070732117],[115.97403387487195,-31.893708910296606],[115.95810392725359,-31.89517814117554],[115.95069742036094,-31.92240340170216],[115.94117249152067,-31.91975646221284],[115.90890981726437,-31.934832874051846],[115.91408299769579,-31.950306943835823],[115.88473598098318,-31.938365095398215],[115.88337964334278,-31.966938645599168],[115.84251964889776,-31.96318762783755],[115.80414688741173,-32.00290761013652],[115.77380287070518,-31.98919565176001],[115.77979445211635,-32.0188538115577],[115.75579457606352,-32.02551759292083],[115.75839665671377,-32.03886458283474],[115.73696426085205,-32.05276365408864],[115.72438443275387,-32.054042814795295],[115.75084276652507,-32.022287583182134],[115.75168145309188,-31.848334412369596],[115.73156822403638,-31.823294463379632],[115.72963763991203,-31.765757613233315],[115.68579361754419,-31.653695635187507],[115.57980963037642,-31.496310670447425],[115.53913420929435,-31.408276922356762],[115.44110433287358,-31.27778271734937],[115.31281967696842,-30.97313386335231],[115.21980172875448,-30.832672638106292],[115.18976716224094,-30.824937079816358],[115.18326960898315,-30.77187465995864],[115.08767380679078,-30.578351734680123],[115.09419372355879,-30.548261654164225],[115.05396470558487,-30.50506265633195],[115.07120668115546,-30.478045645199224],[115.04201065409285,-30.33780061628906],[115.0204757953381,-30.31702465746406],[115.03971717130813,-30.298263176247392],[115.04108474876051,-30.267978626031564],[115.02750714813882,-30.236918506691925],[114.9943088421053,-30.231275648624294],[115.0017817333672,-30.13219966773995],[114.98404915155847,-30.079073348549205],[114.9630475237865,-30.072145659760285],[114.95485678304217,-30.04883764014081],[114.96953254788426,-30.007570649087032],[114.96284713613409,-29.97391549933169],[114.97779892192023,-29.94506417831739],[114.98275280861674,-29.911010637871374],[114.95795943415996,-29.68369049831479],[114.99757961430639,-29.49353434510902],[114.95635053217057,-29.397391827114],[114.95425805894236,-29.35217149703272],[114.91444625824349,-29.277402119058102],[114.92080397573656,-29.255472798580204],[114.8720943211866,-29.11672731085108],[114.63453262225623,-28.8748616740535],[114.6122531988077,-28.79533366504591],[114.57607564245836,-28.784355657199068],[114.61466062593901,-28.762551664750372],[114.61243586846507,-28.66352085443464],[114.53100688541251,-28.496028888639415],[114.45465147805565,-28.41024663293361],[114.46669458644404,-28.40853366218511],[114.46564951647457,-28.407292642243693],[114.43299507944892,-28.394228814194065],[114.40540261819356,-28.335474685628185],[114.32119161015015,-28.23031767036369],[114.23953162661918,-28.186831685251484],[114.17511664837131,-28.110886698937936],[114.10510360592643,-27.849478702151245],[114.12630962696203,-27.768752690446465],[114.15798161840345,-27.708466688178014],[114.16585696745288,-27.708277317682256],[114.18167650335714,-27.680296866560706],[114.17346615263357,-27.658866666977936],[114.1633969376412,-27.706967317830824],[114.10306158830284,-27.499377690678994],[113.96643657300905,-27.23200068811626],[113.78310852991967,-26.929034678480647],[113.58436767177055,-26.671412730207766],[113.29670355197972,-26.400181737952387],[113.30824371964576,-26.387441687125794],[113.27753247539555,-26.29400072874554],[113.15628049710162,-26.151660796215562],[113.26090152880201,-26.191209749385763],[113.26997175194629,-26.24175977901131],[113.29114046009659,-26.12570874706801],[113.28462947380903,-26.04006770710952],[113.29927860023085,-26.015947706021937],[113.30644943478718,-26.081387695844512],[113.31990048696503,-26.12618870515442],[113.32671242347337,-26.337260755667824],[113.33873245296664,-26.347420764915313],[113.35602253969489,-26.330960763691785],[113.36839360389554,-26.399211723183246],[113.39433374042308,-26.39216076143216],[113.39990368192889,-26.418230701182768],[113.39797367028929,-26.395500751206487],[113.35467251738329,-26.30083973364352],[113.33639247937437,-26.30033969485545],[113.36461141892309,-26.21070869257082],[113.38651166665564,-26.212638741127453],[113.38731046833357,-26.111457690609726],[113.35870957770888,-26.06507770229386],[113.36374956328167,-26.01746672174025],[113.39673060749686,-26.113937719996976],[113.42918063591519,-26.138537687962966],[113.42443041826176,-26.160987738380268],[113.44469050620656,-26.16324772705201],[113.44832145980268,-26.21253873703904],[113.4988226442059,-26.336039704278967],[113.48781238713461,-26.35702969509993],[113.50660258559586,-26.36389976389535],[113.5022426290264,-26.40021970434886],[113.4964624878799,-26.378119754627555],[113.48469265963345,-26.38353973542703],[113.50226354065249,-26.42029969443967],[113.48534353337875,-26.430570765599988],[113.47697353809232,-26.477040736364103],[113.48650342765612,-26.48482070577237],[113.50330357447133,-26.468800704593825],[113.50929362144826,-26.439809724067054],[113.50601365932738,-26.409129714141823],[113.51703253710812,-26.396939743361667],[113.52828252303972,-26.362198762463116],[113.51597267116301,-26.32204876308705],[113.4939227026684,-26.310328704483172],[113.51370251980067,-26.30208874314443],[113.51155149799551,-26.276817723169533],[113.53722165536036,-26.279506751495767],[113.5670826044551,-26.433329700245995],[113.55233339899947,-26.469099681376672],[113.57720471908064,-26.50460969991101],[113.55823560682877,-26.57399072147135],[113.598096635587,-26.614180749048078],[113.6071157039233,-26.60619072842234],[113.58824557438447,-26.58557073956061],[113.59340469785161,-26.511919678885103],[113.60983440623167,-26.51471967782459],[113.61409464371194,-26.489409697430037],[113.61639538704864,-26.53398975748487],[113.62154557685086,-26.538719707170525],[113.63056354975767,-26.463258756235057],[113.62562543901133,-26.57119970705368],[113.64203638105121,-26.619440696205547],[113.65391567770924,-26.594609705317772],[113.66370551673135,-26.596179754687828],[113.66401942300006,-26.674442675027098],[113.68093873979323,-26.658401693853364],[113.704928397374,-26.66207172231251],[113.68894763813248,-26.649020733289916],[113.69996757610495,-26.639300742529702],[113.68640749752197,-26.637860743403603],[113.68681644456467,-26.601659683210492],[113.73845664001169,-26.617569699934464],[113.76936767409697,-26.58726866779516],[113.80772749165908,-26.610958735428603],[113.81237649834559,-26.57598870496739],[113.88287455503848,-26.508456740121222],[113.88739437987495,-26.449686739558587],[113.87024251717474,-26.3913266903887],[113.88545250390008,-26.371435689319735],[113.88067136158142,-26.335364689458952],[113.79776048422733,-26.252255724410304],[113.68806058363691,-26.217525711356153],[113.6874896111955,-26.18617574124804],[113.62081941173913,-26.100885735197537],[113.5803103959097,-26.097205717829578],[113.55911866612992,-25.946384708520018],[113.51762754851345,-25.919564711120724],[113.52531751482825,-25.884163750451123],[113.51292737360323,-25.85210368111737],[113.46106652580664,-25.809343684337048],[113.47870654179515,-25.783323693052612],[113.46053551977714,-25.73375268402183],[113.47325536813862,-25.730512693167285],[113.45947566843049,-25.7155926840076],[113.47244539652094,-25.709302753122326],[113.4446753595387,-25.709462684956943],[113.4568656985126,-25.713102734168412],[113.44963545278252,-25.756403714846744],[113.46434539076306,-25.751132683850887],[113.4542153729681,-25.764873704583444],[113.46935659298109,-25.785443743679192],[113.4144854140366,-25.724723707024953],[113.43199361416487,-25.6257117454071],[113.51109245584176,-25.50328968961681],[113.52524332267845,-25.607780759172236],[113.55864447129305,-25.635491767106647],[113.58132447767156,-25.620760745550456],[113.60666559239225,-25.71431169432706],[113.69200308910139,-25.789337709109294],[113.72193677615122,-25.79317516718161],[113.72172735211166,-25.86807273754469],[113.76186734856277,-25.878581754991025],[113.7316486074888,-25.949512737280408],[113.73433745228586,-26.013644667404616],[113.69993441855782,-26.044948739783678],[113.70112856535526,-26.131896740109827],[113.72826970676356,-26.187225688604748],[113.70322053053744,-26.199755670288642],[113.74233056676671,-26.20682569778424],[113.75352942379187,-26.185035716957742],[113.76223065498776,-26.212195726520633],[113.78025041308487,-26.213395715360857],[113.83008954284306,-26.153833701867523],[113.83520946925337,-26.115593681359517],[113.84169953830364,-26.11264367092777],[113.84557962795421,-26.113643740682612],[113.8376596408047,-26.13864368130909],[113.84534956844327,-26.119513740724784],[113.86314941483636,-26.098713749482535],[113.88374861953044,-26.06020273797893],[113.87902866067255,-26.068102668319003],[113.88525847693148,-26.029292697737528],[113.86525757335673,-25.955951688680088],[113.87722760119215,-25.945111717859785],[113.88746742116862,-25.959091687267335],[113.90642751916886,-25.960101676055114],[113.91443752004179,-25.982421665645973],[113.893528396481,-26.035132707233842],[113.90846838635754,-26.054482706365818],[113.91085951143101,-26.122362676529715],[113.94756941899385,-26.1429926542757],[113.93432032524946,-26.2039337354079],[113.95952142561751,-26.244213663984567],[113.9545415465175,-26.24862368432334],[113.95049154845833,-26.267583704670646],[113.97287240185362,-26.34249367359057],[114.05387238881119,-26.419203648793392],[114.0825726383561,-26.454533687138536],[114.07680256994558,-26.466573687560302],[114.16636264393348,-26.39000268154332],[114.21029238762377,-26.37204263869526],[114.23766135998089,-26.31275170669875],[114.23799036771621,-26.2838916965424],[114.20404058847515,-26.24478165849037],[114.18830029523423,-26.180249659177015],[114.22351945660655,-26.119008726674213],[114.2253594299504,-26.16502967677555],[114.24134952824122,-26.16584966577592],[114.25471958514548,-26.144878674838754],[114.23602946512742,-26.117768705883005],[114.23928855129779,-26.0726886754658],[114.19467733934869,-25.98355764784865],[114.21845748560588,-25.96887764628365],[114.22361737646258,-25.98738767604689],[114.24505751450111,-25.992537654725254],[114.26531760147392,-25.982117633405828],[114.24704649997969,-25.936487724335393],[114.26684544407271,-25.88772671286322],[114.20540532812711,-25.853006696556484],[114.13449434009101,-25.778085660674467],[114.14631456896409,-25.780155659937233],[114.11941428996896,-25.755242671520364],[114.1195654678638,-25.728171661382795],[114.0911013484959,-25.69635872303565],[114.0353992819098,-25.66251172641461],[114.04843741087053,-25.667310695607753],[114.01920938068291,-25.624103667264304],[114.00419339187027,-25.618505678195202],[114.01537031081612,-25.620474687491825],[113.9901994711603,-25.58990663895323],[113.98220136976335,-25.56081566932667],[113.99167045985442,-25.5751266587895],[113.99165026906033,-25.564866668742336],[113.93402038830756,-25.475474712006825],[113.9484315668929,-25.477154661091458],[113.94418931591055,-25.458664681275796],[113.90206032663843,-25.410074683748803],[113.91385029466709,-25.400934732948514],[113.89111955491718,-25.372974704276672],[113.89134961209076,-25.336993704091835],[113.88352931186058,-25.32334366453026],[113.85672947230294,-25.292443686109795],[113.87148949056768,-25.290303685148913],[113.8425883216318,-25.264583656889915],[113.81707729723036,-25.17355269810677],[113.71243643276792,-25.103302674560776],[113.66599537131434,-25.0226927372071],[113.66424431646372,-24.95864270701907],[113.69193445120766,-24.928521685070326],[113.66515597143996,-24.895877846662973],[113.65037710383827,-24.90680198768007],[113.65520004139935,-24.88214982724838],[113.64445397219635,-24.878051447931405],[113.70689962355371,-24.850693313726918],[113.61754380346962,-24.858631469600716],[113.63273348708103,-24.797430748316938],[113.62325250402552,-24.74602053869441],[113.42762929596499,-24.5156026804996],[113.40696872558279,-24.48416295172265],[113.39953845056966,-24.41139268187274],[113.40620651131334,-24.303051970917277],[113.39017556667629,-24.223981731608895],[113.40912526472798,-24.223491750346533],[113.44335338798265,-24.181680587875956],[113.42216155917508,-24.04291972862341],[113.45871064322277,-24.013629176058963],[113.47031876303895,-23.898547864741403],[113.513837554719,-23.84731668161757],[113.53191661727736,-23.774826010076854],[113.56728650203115,-23.752215747636356],[113.61322319810866,-23.630894664032226],[113.75326998651886,-23.528222984376903],[113.77973937953205,-23.470581702375483],[113.77694829280226,-23.37892066211282],[113.79445726479159,-23.296038530572222],[113.76048524474118,-23.12128674193344],[113.81250543684826,-23.08275570836206],[113.82943625130493,-23.030894717010174],[113.82619518594258,-22.9560026468549],[113.75526436749124,-22.756210660493966],[113.70940357867696,-22.71527053328984],[113.67050348245583,-22.71712092584697],[113.68643310695391,-22.664400264545424],[113.66827270593004,-22.628710085561867],[113.6736224030078,-22.596849815055336],[113.65409223344517,-22.57875981624876],[113.66531222022364,-22.550109675372184],[113.71377148329198,-22.517948712039257],[113.70793126222061,-22.49668868231738],[113.73775105752082,-22.471017670241384],[113.74939025171501,-22.408407739173995],[113.8162094385941,-22.315695794363734],[113.9336061323519,-21.97321155506172],[113.99509456958957,-21.875449760611414],[114.07875916772353,-21.815948614944855],[114.16122488818401,-21.78619744953109],[114.19102391759273,-21.814567247777582],[114.14888354516445,-21.866638220719576],[114.14397557229651,-21.95807712148913],[114.08027587246357,-22.154121656532507],[114.08476672479252,-22.191261996429937],[114.1330173555644,-22.261570673699552],[114.11582809226188,-22.331142705141158],[114.14950823698653,-22.30144962284756],[114.17847803461754,-22.30536084102482],[114.17822811816845,-22.353428921279793],[114.12210886792444,-22.415793005160765],[114.12180910214684,-22.472654655461856],[114.13859990242747,-22.49752574451549],[114.13470995290355,-22.49909583477097],[114.12522006470812,-22.511636005437666],[114.14392003260998,-22.50668581422224],[114.14886016302636,-22.51854585396669],[114.14497021356104,-22.520905874225914],[114.14325026413566,-22.526535944363285],[114.14382039493161,-22.538046014384037],[114.15105016271569,-22.517085813820128],[114.16181047296642,-22.534035903219934],[114.18881049948725,-22.520795671439423],[114.2186202349895,-22.497175129432314],[114.22564031142029,-22.457354648789828],[114.28237973445275,-22.4337730850868],[114.31744992171105,-22.44060362291124],[114.3221500625757,-22.458443722704473],[114.31882016509458,-22.488793623065277],[114.32280034581133,-22.503693672889142],[114.32405025393713,-22.479553682690188],[114.3403305651031,-22.51629339184995],[114.34504034276745,-22.490193381423946],[114.37709037037422,-22.498133029452678],[114.36459021096633,-22.490333610197528],[114.38378030922011,-22.490773098996726],[114.37262020969085,-22.483013269657413],[114.38609024855852,-22.484603148821222],[114.38357013735143,-22.464743638879906],[114.40384030581245,-22.469393667634037],[114.40033031569541,-22.46329363782318],[114.3900101264858,-22.46102342845793],[114.38032006594914,-22.44126361896628],[114.4053098634707,-22.43893343738984],[114.38605016435687,-22.426603628533986],[114.40788979252945,-22.429223427179892],[114.39237032340587,-22.42153364811279],[114.39337958109783,-22.390953587896686],[114.4165496295511,-22.399103396487632],[114.42333968868056,-22.395723356046286],[114.3964196302377,-22.38294360766627],[114.4012999680977,-22.35958382724389],[114.41075970761968,-22.36501362667913],[114.41702974693399,-22.363513556279496],[114.40701006694447,-22.350903626843095],[114.4516497036782,-22.362563064112543],[114.4309097148042,-22.351713385352923],[114.44328967303105,-22.34292318453581],[114.40873015535838,-22.331153676636603],[114.42645007290825,-22.319773615471583],[114.42306954183326,-22.30058354558671],[114.43968953055338,-22.30398364456541],[114.43363027045807,-22.29495344489857],[114.4608898204297,-22.329283023369456],[114.46137980027086,-22.327703063330986],[114.45798968010259,-22.32104306350898],[114.4515597303351,-22.316073083885133],[114.44902965941218,-22.300043183962618],[114.4613999477413,-22.29260288315368],[114.42976999940313,-22.275422605041836],[114.46094022629177,-22.271882633078388],[114.45039004637677,-22.259641643675078],[114.47258011468645,-22.264392662315238],[114.44398028569496,-22.242031623986808],[114.45598053509306,-22.24892120327249],[114.48188034290673,-22.2514832316711],[114.45223012443628,-22.235031943436763],[114.45321032239772,-22.207954643239674],[114.469330041643,-22.217933672284495],[114.46643022092297,-22.20423467239645],[114.47843010986821,-22.204804641651496],[114.48900042992965,-22.21910429106514],[114.49175044941416,-22.215424360875474],[114.49599054944014,-22.22118447064058],[114.50047073898044,-22.220484540358353],[114.4717701294379,-22.190354611993858],[114.47298006901997,-22.186074651896956],[114.48364003833115,-22.190024661252732],[114.48776023796381,-22.190144630996787],[114.4904299875982,-22.18844463082204],[114.49019021744208,-22.185964670824504],[114.45567016869016,-22.159534642842992],[114.48947022547478,-22.157633660726862],[114.50800050564014,-22.183493809704093],[114.50086026391176,-22.15030359998118],[114.51490999308568,-22.156632679139452],[114.50135020240279,-22.129872629847895],[114.51939938028492,-22.12322165869227],[114.52633960096603,-22.14156227835351],[114.51806898916199,-22.105841628687415],[114.53574929561958,-22.078750637452842],[114.52024912730833,-22.08270063843537],[114.51734898640898,-22.066450608533717],[114.55160908330267,-22.066449616406878],[114.55898802934162,-22.020287635716493],[114.57436865961438,-22.043648474881593],[114.57060809697137,-22.001767594903004],[114.58503855531863,-21.99686704398489],[114.584168576565,-22.013277524121627],[114.58938854653337,-22.01946754382995],[114.60136828319227,-21.987706632928685],[114.60591830414124,-22.00684703274425],[114.6129480502864,-21.961506642080675],[114.62615787995038,-21.97356619132615],[114.61522827909495,-21.94761560186956],[114.6371375169043,-21.944565480502025],[114.6215070476957,-21.935865641422396],[114.63937707477366,-21.917334650226017],[114.6516472840354,-21.92250478949592],[114.66430708204885,-21.91052433865555],[114.64760706421572,-21.91991476973175],[114.64251698392329,-21.909314659991797],[114.64808618883733,-21.844503659319972],[114.6861464546095,-21.832933096918357],[114.69317653443224,-21.839353056518856],[114.68462692646621,-21.8573233671356],[114.68525687714984,-21.86781349715011],[114.69765672429287,-21.84307310626249],[114.68336653457995,-21.828983087069222],[114.69880622212106,-21.813712596042745],[114.77840614337181,-21.79053264104822],[114.91426620413294,-21.688330602263008],[114.97314598760342,-21.66962959860944],[114.98389596672298,-21.670719577967013],[114.98838623654856,-21.67397957771321],[114.97230575775612,-21.670759628665895],[114.94520604152201,-21.690380090402225],[114.97032610921899,-21.689399808880854],[114.95870603985774,-21.683679939552647],[114.97472563759482,-21.67153966852398],[114.98405579731642,-21.679529598002574],[115.02901616367065,-21.68466959532409],[115.02189611446927,-21.687069245764192],[115.01672614532715,-21.692849336104615],[115.0404062131745,-21.692199074678868],[115.0303460436142,-21.685569135248823],[115.05596612136655,-21.686038923713856],[115.10881906293811,-21.631554610270502],[115.13032304174384,-21.642021599040746],[115.13169609283712,-21.65982822905058],[115.14219619184917,-21.659028218420445],[115.13221593176796,-21.644838648942354],[115.16062606797529,-21.626198027153535],[115.16389595782195,-21.628207996969287],[115.16847582736854,-21.62751805669322],[115.16996590771942,-21.63461814664121],[115.17659597726548,-21.63659824625713],[115.1702960072444,-21.62806803658778],[115.16158604781252,-21.62505844709052],[115.17853602537419,-21.611317606011344],[115.21014586369473,-21.62787822421972],[115.18687580470878,-21.612407865521316],[115.21105592156876,-21.597727594010017],[115.21986621204003,-21.61619756358301],[115.24232695738071,-21.576787572048897],[115.25215710706492,-21.58498755150967],[115.24311714800555,-21.587057552055224],[115.24595721835068,-21.59587755193277],[115.32722752009944,-21.58028674705695],[115.32665768054538,-21.586166737120937],[115.33384720057401,-21.596066916749372],[115.3416376098774,-21.595976816290936],[115.3311781694598,-21.575976566802208],[115.38169913312092,-21.54812660369148],[115.39912890210938,-21.55604597271171],[115.41416897935107,-21.53467510172074],[115.3811789728421,-21.54327560369677],[115.41291903880085,-21.524784561742415],[115.43334833728927,-21.52917466057139],[115.42915864803044,-21.534734880844994],[115.4281492088284,-21.545355230959178],[115.43660848706794,-21.53017466038623],[115.43532904797007,-21.542004990522454],[115.44653910709695,-21.543774829877425],[115.448858576492,-21.537774609710908],[115.43817845689057,-21.529594610291568],[115.4573265037919,-21.50846387906458],[115.45867791494287,-21.527544219085115],[115.44889781575094,-21.52670442965103],[115.44350825663565,-21.53283460999736],[115.45526874606593,-21.539884569348075],[115.45569965659936,-21.548464729367602],[115.45635881596161,-21.539764529283897],[115.44507819649627,-21.532824619905693],[115.45906817514144,-21.531044329080583],[115.46387956579268,-21.54721452888435],[115.46775710328778,-21.51472381848931],[115.4755896747543,-21.547174308202145],[115.47728849346355,-21.530023998013952],[115.4924397931723,-21.545793967214607],[115.50826936135617,-21.539523576262038],[115.49373831127545,-21.51896343699934],[115.51070799915001,-21.509513085963995],[115.51087864015103,-21.524833336033943],[115.52031819827845,-21.509162895404266],[115.49516750998603,-21.501443146824943],[115.50896811823247,-21.493362585980844],[115.49275693915699,-21.485752556883337],[115.51648744691322,-21.483462765492586],[115.52827672463656,-21.464772454710953],[115.51529725686767,-21.481192685549846],[115.52636653445256,-21.459452474794006],[115.50627711721177,-21.47439273603826],[115.5097258958161,-21.45792255575201],[115.54926542080153,-21.434712103337418],[115.56545679086503,-21.45724207251783],[115.57270539826689,-21.427531811943343],[115.56216568974516,-21.43589192259671],[115.55092394922481,-21.41305162312822],[115.58359286449635,-21.384831591090716],[115.58087368585767,-21.401871551336974],[115.59747436499092,-21.410841420425054],[115.59308312411241,-21.391641360578134],[115.60904292208029,-21.38203114960677],[115.58879305371437,-21.37988158076438],[115.60502245105575,-21.361091049729087],[115.61128289064217,-21.363141019378673],[115.61268300123984,-21.374101069355323],[115.61797316098838,-21.37733103906724],[115.60877261040915,-21.356251069487392],[115.62796400918285,-21.36317087841738],[115.63742542719756,-21.345540707780174],[115.61809382889797,-21.345670598894475],[115.64033604573507,-21.327120607516097],[115.65292679589386,-21.346350586892587],[115.66221666480902,-21.342200476336842],[115.65255591391468,-21.31564056675288],[115.68323581147285,-21.31930060500978],[115.70315432713194,-21.27944962365844],[115.70510514827343,-21.299559753652318],[115.71629403580404,-21.276659672891245],[115.74859405381648,-21.289419621111573],[115.75635398082837,-21.253849520481396],[115.75262394311244,-21.283999580852957],[115.7623238514744,-21.27180947023524],[115.76326398195674,-21.280499550227336],[115.76782411180884,-21.28434958998751],[115.77035414160362,-21.284589589844497],[115.76743402987931,-21.25409954985053],[115.7838035886237,-21.256729338931347],[115.78545400938802,-21.270739448911122],[115.77964420063272,-21.28211951930199],[115.77928431108056,-21.2885396093563],[115.78787413884774,-21.265659418746537],[115.79615412887274,-21.277189488335917],[115.79906412817395,-21.27031943813414],[115.79190395725388,-21.246479598416062],[115.81666519633445,-21.265609727108505],[115.80887408593185,-21.248889467463254],[115.82524524488004,-21.25467994656349],[115.84439621309708,-21.252910495467336],[115.83984535291006,-21.243870215677784],[115.83668580379017,-21.253240275906467],[115.82452510482581,-21.252869926594837],[115.81935454492523,-21.247439766859927],[115.83097403247879,-21.2252295160829],[115.84488480143952,-21.22787956530757],[115.83354297098737,-21.205588545833447],[115.85031325864419,-21.191848114809584],[115.85221293919277,-21.20291840476034],[115.86040316856223,-21.204178574302887],[115.85456305725782,-21.176058574485314],[115.87655273458246,-21.164128513176962],[115.88151243138863,-21.121128372669023],[115.90099266001644,-21.12600867159361],[115.88935241016708,-21.11266834218089],[115.91816232550191,-21.078737450374046],[115.91192250750375,-21.101568020847076],[115.98939243689136,-21.040095796160557],[116.09710191510565,-21.000433969928025],[116.09372227690093,-21.024254240243057],[116.10563247676679,-21.03837417965522],[116.09891268818532,-21.05166439009996],[116.10647248677267,-21.039614179615086],[116.10323190462147,-21.001113899590386],[116.13046196202085,-20.99700345805449],[116.14615207166017,-21.0127133272673],[116.14031189085297,-20.99190352748041],[116.18811199523786,-20.967882514703952],[116.18975105092414,-20.90128153425751],[116.19768079023083,-20.901041493817793],[116.20451040911607,-20.89256103339505],[116.2251607269669,-20.886420552222248],[116.2267507366449,-20.883440482118605],[116.19104031000789,-20.888411264117426],[116.20459994542998,-20.833740563075516],[116.2363812543793,-20.860319931463888],[116.25618159252976,-20.85775955035968],[116.24144129428417,-20.865719921213955],[116.24135113496796,-20.876560051276957],[116.27245099183548,-20.868919489524654],[116.29734998021695,-20.87709974820127],[116.2943599707955,-20.882299838393187],[116.2958099010157,-20.887839888343336],[116.29950987074841,-20.888629838144603],[116.34540094374204,-20.83880864536461],[116.39904093814258,-20.82216799234918],[116.40018061854548,-20.83028806233082],[116.43978110494653,-20.826657580159054],[116.45380122484313,-20.8444575994945],[116.47761247324785,-20.851587558243445],[116.48105238285193,-20.84991753804836],[116.48142158252786,-20.845137508002647],[116.48526112210291,-20.843547487786434],[116.49487215173646,-20.85096742730694],[116.48525079202058,-20.84218747777966],[116.45317211463305,-20.840157569505447],[116.44241089456955,-20.824167580002957],[116.47439014225836,-20.83093738830656],[116.4668700519194,-20.814937478627474],[116.48816188013546,-20.815427547478055],[116.49243004879803,-20.799497567161453],[116.49626079882944,-20.805347546985992],[116.50228073846705,-20.80780750667407],[116.50065999803576,-20.79848755671134],[116.48929987892141,-20.797157387318034],[116.51378991569966,-20.778517545894786],[116.52783957529668,-20.79150717520718],[116.54446772385127,-20.79100722430882],[116.51340002531973,-20.77174648587928],[116.52413744357214,-20.758047425226152],[116.53151785359645,-20.768737334886033],[116.53487782329691,-20.76850728470375],[116.540286982657,-20.765547364396426],[116.53729880331034,-20.772107124592782],[116.54211836328355,-20.778397144367208],[116.5424269725226,-20.766327354285405],[116.52591901310393,-20.752847485102013],[116.59021419689006,-20.74040606157711],[116.58740420785614,-20.752406181792754],[116.60521415642849,-20.75380611084542],[116.5917540164012,-20.73449648146254],[116.60026421558166,-20.732885940997512],[116.62309415257432,-20.715175629678985],[116.62404417363325,-20.73402575973021],[116.63063396166591,-20.7107155792515],[116.62977394418238,-20.751156149516476],[116.63540392350549,-20.74786603919766],[116.63840415364453,-20.754386049072608],[116.63993408344332,-20.753206008984478],[116.63960409182465,-20.72593565885442],[116.65404396098423,-20.732305688117744],[116.64914398164669,-20.73639580840148],[116.6551640413246,-20.73952569809707],[116.64820400197868,-20.74057581847432],[116.64618402235533,-20.74397583860061],[116.64703403243286,-20.746455798568643],[116.66378421070324,-20.741355547647085],[116.66352400016365,-20.73203548761045],[116.64208404137227,-20.72192559870018],[116.66679395977955,-20.730265447426483],[116.67322401907269,-20.72758535706917],[116.68476432946923,-20.750445046578346],[116.68586443857684,-20.73716513644778],[116.67394404896405,-20.726795367026515],[116.66638395969565,-20.728295477437666],[116.68475403781976,-20.723015146430164],[116.68982399676386,-20.712605146103797],[116.68889390643142,-20.705765176116202],[116.66671383930019,-20.722195487387015],[116.64248379029911,-20.704705478585534],[116.69436587446403,-20.680740505689204],[116.72166738958789,-20.637927324005435],[116.76452185564698,-20.632508501704088],[116.74636182646208,-20.620513512600674],[116.79932485927955,-20.57489150955097],[116.77789884118168,-20.57656450069203],[116.81274685666831,-20.549958498707003],[116.80874783577327,-20.529252508805044],[116.86736782065988,-20.52596649570206],[116.81911182796503,-20.580781498539444],[116.78838183559029,-20.66533349062114],[116.79258685589109,-20.676343490458983],[116.78552683670412,-20.67996050085152],[116.78665384665624,-20.68075650079632],[116.78568784686414,-20.68287149085886],[116.78669885697194,-20.686113510823084],[116.79371083577138,-20.67593050039738],[116.79112484549871,-20.667687510489095],[116.79741083495946,-20.66755851015653],[116.82820271480178,-20.708704518757333],[116.89878286972854,-20.724093415136053],[116.92366261692212,-20.712313073770755],[116.91991329891445,-20.74067320412135],[116.92708280708989,-20.72007300363444],[116.95268284516816,-20.724322712322024],[116.92643259673912,-20.713193043630856],[116.95682187345673,-20.701212771980153],[116.94558217423088,-20.698182582549496],[116.95633186244493,-20.683312411907913],[116.99711209851384,-20.675161389741877],[116.97578781999736,-20.66969049082045],[116.98813682829794,-20.658535490117288],[117.0368048235452,-20.64763249753296],[117.03881188453997,-20.667560847538162],[117.09436119730485,-20.623979744430343],[117.10534185816682,-20.654769494033612],[117.12820183621098,-20.65437951285568],[117.14164581323008,-20.622548491990457],[117.18235881801775,-20.59179047973488],[117.1806606895645,-20.61610844995547],[117.19064281844659,-20.611333469418632],[117.20002280887614,-20.63251646905572],[117.16564134153903,-20.62833864079169],[117.1816014408441,-20.639648520036722],[117.15699168396709,-20.65767910139613],[117.18137146117536,-20.645048580078164],[117.16801191445383,-20.682219150966212],[117.1838517825622,-20.67269892010321],[117.17522175279879,-20.66414886049783],[117.20043161080315,-20.66653865922188],[117.17195216518155,-20.70057916086527],[117.18265202376871,-20.691828970269665],[117.18676229397242,-20.701388900111958],[117.2002922931019,-20.70618877944689],[117.18588224384722,-20.697928900137963],[117.19106184247579,-20.681778899784423],[117.19518182204254,-20.680318879565828],[117.21446225188713,-20.70596860872237],[117.22730222084331,-20.706758488072023],[117.21729231206992,-20.713308648618348],[117.2150223426285,-20.719658758769036],[117.2164323428067,-20.72482882872552],[117.22898224062942,-20.70551846797959],[117.21194218162543,-20.6977186088056],[117.22310202053004,-20.69512849822217],[117.24502183976703,-20.714188477210534],[117.2774916875636,-20.723828465613582],[117.26381170899293,-20.728488496333835],[117.27761224775402,-20.727328575626732],[117.2846917167464,-20.720238455228554],[117.28194165734101,-20.72653846540272],[117.28393276767446,-20.73530897535],[117.29202171631695,-20.723608584875475],[117.28794236731018,-20.73489863514442],[117.29993192580994,-20.726488564490523],[117.29334177690339,-20.73580846487574],[117.29800216663384,-20.738018694651768],[117.30268219559345,-20.726788604352887],[117.34754157228694,-20.73563894213425],[117.3578415018318,-20.743019021655538],[117.3466817037085,-20.759289122307983],[117.33899159416332,-20.75578934267679],[117.32025198591339,-20.758509053638537],[117.3319918056023,-20.770559243111624],[117.34031161419306,-20.758279332623875],[117.33731193535694,-20.77419901286302],[117.34966178366749,-20.76301898217821],[117.34553177484668,-20.777528972466502],[117.34971164457266,-20.7789689722636],[117.36984146030998,-20.734208851002396],[117.38177152214674,-20.784349140678522],[117.39016094010303,-20.760968770127718],[117.39580131970575,-20.762428659852333],[117.39376130009133,-20.76615892997541],[117.39641142014794,-20.771129229869683],[117.39797143000824,-20.771009259790652],[117.39736139936792,-20.758818499754042],[117.38609086041883,-20.76042881032937],[117.38835075978832,-20.75271875017321],[117.40385164888528,-20.760048359434865],[117.38745076941316,-20.74476867017459],[117.39518121794995,-20.730578619707718],[117.42700136527611,-20.731118298113916],[117.42979146656087,-20.757998388122573],[117.44143138485387,-20.745338307469787],[117.44698113472381,-20.7513883372255],[117.45741126416503,-20.757208326736112],[117.46113127353436,-20.751648266519474],[117.43457154516292,-20.74048826778643],[117.44258194392184,-20.730588457330693],[117.54453084397402,-20.70772755212361],[117.54229164575985,-20.736187622392404],[117.55571134431835,-20.730827621697117],[117.55256113308269,-20.703987501704564],[117.59492113946646,-20.703627839605836],[117.58997100855422,-20.679757369718036],[117.63074095420761,-20.663757487617325],[117.6483401526178,-20.66197682674111],[117.61888071605188,-20.67883745828562],[117.61658081671578,-20.687257728445793],[117.64170077406868,-20.67796741715663],[117.64656140499868,-20.702127267051686],[117.62830140693572,-20.7090773279892],[117.65137152468971,-20.70391745682507],[117.65632154491004,-20.715457576645854],[117.65433174360446,-20.688897476596086],[117.66737162157612,-20.672267455862976],[117.66416137250596,-20.684127306086566],[117.67537136238026,-20.699017265619005],[117.6667917120195,-20.67937744593098],[117.6804417901537,-20.66658745518992],[117.69730132985313,-20.686986934477027],[117.68915135065858,-20.689047104887795],[117.6881913308773,-20.69152711494864],[117.70412131969186,-20.694536904185103],[117.76947087258021,-20.666066430836775],[117.7701908730824,-20.676316450858863],[117.77420094239959,-20.67007647062894],[117.79343067127446,-20.679286459745466],[117.80974083961009,-20.674156448925206],[117.77429091203219,-20.66352646058804],[117.86457964132566,-20.607455465898965],[117.86747871969082,-20.581925435616263],[117.89799877729605,-20.58524544416357],[117.87103871883653,-20.571745385387512],[117.88174791685726,-20.551944494760168],[117.90334767513174,-20.55367443372941],[117.91217891562977,-20.576584843432855],[117.93028861379251,-20.570864422530747],[117.91465887466663,-20.562674443235736],[117.91985782319328,-20.543564492878836],[117.9413384015517,-20.546654081864883],[117.93454841276619,-20.558534302257204],[117.94178863261239,-20.566974521957153],[117.94540862118355,-20.54618444166707],[117.9602388307853,-20.561944441044822],[117.95933881018424,-20.54940448101762],[117.97505869891778,-20.55047387027136],[117.96412866964587,-20.546903540774288],[117.9735285880241,-20.531503440238133],[117.97097872789848,-20.525193250324723],[117.95968874001437,-20.54680347098628],[117.94272879090326,-20.536823461743104],[117.96169860767779,-20.506632420664772],[117.93153811129113,-20.526583622222677],[117.94092791797874,-20.479902481510354],[117.94810786726516,-20.47784241115447],[117.95570785719899,-20.48843244084962],[117.96530856653708,-20.491102650404823],[117.952548056965,-20.47918218094914],[118.0177887703924,-20.45870147771641],[118.05008878572725,-20.422090375973532],[118.10976813961585,-20.401039913026523],[118.18157619020175,-20.336399889278095],[118.19673568901922,-20.33790985857501],[118.20021643989655,-20.360049478536858],[118.18479673041712,-20.34555940917858],[118.17297682168548,-20.350929439764254],[118.17230672217367,-20.359109859841944],[118.18372640056648,-20.34669989923528],[118.18413659102278,-20.35598986926849],[118.19758717017588,-20.361189818666602],[118.19983677039642,-20.36892943860482],[118.1800868414728,-20.358119449470724],[118.19823657055683,-20.369439468682746],[118.16953666292589,-20.368969400027844],[118.16513735403129,-20.382929850313534],[118.20546682032051,-20.376399438383086],[118.19892672134466,-20.385469458740925],[118.196167642539,-20.403740448973505],[118.2154966191955,-20.37092989788232],[118.25722578606978,-20.37770981597036],[118.25734554506995,-20.358839715858032],[118.28102561281136,-20.353409524723805],[118.2835057533367,-20.36739957468756],[118.29777579132163,-20.35161950393454],[118.31834554032541,-20.365389453057382],[118.31540554001184,-20.354679273133108],[118.28877584191484,-20.34861941433603],[118.34613550615988,-20.329878481568485],[118.34406573790145,-20.360039401835277],[118.36360583699447,-20.373949441010627],[118.36867571540145,-20.351418460648656],[118.37920593546718,-20.36960891026582],[118.37909581452975,-20.351358590167365],[118.40063577259282,-20.3486287091591],[118.40385547313488,-20.364288869099777],[118.41686553077076,-20.339548518360807],[118.45031467835395,-20.346728406866134],[118.45585471729125,-20.33505845654594],[118.4892752853246,-20.350977725107832],[118.47940502502539,-20.329137735434557],[118.48752500418595,-20.32595764504542],[118.51073502249272,-20.33062745401295],[118.50454513351471,-20.3405075543514],[118.50639524378387,-20.348767584314047],[118.51791504190346,-20.330797373686774],[118.50621500271644,-20.32764747420206],[118.53675462935533,-20.31163740272025],[118.53090492046877,-20.323897203056152],[118.54335507017481,-20.33843716257291],[118.5404948495585,-20.321707122607588],[118.55732463774385,-20.313596901796977],[118.52627466990553,-20.305347403161193],[118.56197144637784,-20.294382691476585],[118.57043470698554,-20.32012681123959],[118.55849471780252,-20.316656911761317],[118.5520251998535,-20.346297022223883],[118.57443481705076,-20.327946831102892],[118.57857537821899,-20.357666951084774],[118.5802249570419,-20.337246860893647],[118.59594528660774,-20.354476870280575],[118.61285493484506,-20.347536569477025],[118.58742490634687,-20.335376780557063],[118.62956463278395,-20.334356318648044],[118.57304262656716,-20.31617339109886],[118.59800421298452,-20.286542319799917],[118.5981994540708,-20.308247459914945],[118.64037826006764,-20.298481987955988],[118.66733452918146,-20.325335406897064],[118.65514459048833,-20.33110636747787],[118.67446451893731,-20.332266206616545],[118.66569477020218,-20.34284643707078],[118.69026470679071,-20.315785485813667],[118.768233848597,-20.281714842136864],[118.82088381452631,-20.28783445983532],[118.82263358379225,-20.275994329689937],[118.84635355250073,-20.28968413871981],[118.85484348184197,-20.290634058350506],[118.86028333096611,-20.282083948061448],[118.84935352224092,-20.28947410858615],[118.82780377319628,-20.272644459441928],[118.84727313106688,-20.262313998522085],[118.8298036123467,-20.258884439274492],[118.84207282992708,-20.230633898569877],[118.87453369781578,-20.242332977205034],[118.86955377877439,-20.253363157487808],[118.87382457875634,-20.26016272733871],[118.88266425806955,-20.26111284695498],[118.87822380751818,-20.24250288704351],[118.86028263816073,-20.225433417736088],[118.89651176231415,-20.167742475808996],[118.95915086514607,-20.127010992828787],[118.99383972783606,-20.035780360788827],[119.06835896074065,-20.01537974743605],[119.09370890736442,-19.988439856184996],[119.09971906546768,-19.959309645757028],[119.14709927252534,-19.978559673830052],[119.15603936253719,-19.994029743536185],[119.15723944306048,-20.00697970355981],[119.16063971302827,-20.01210973344378],[119.2070796097778,-20.023659411524942],[119.17215959187479,-20.00771942292486],[119.17159941946967,-19.956559392652075],[119.21827846550013,-19.953199410638327],[119.23996847460994,-19.97168937982225],[119.37338049463972,-19.991474424301536],[119.3716805855593,-20.008094594469693],[119.41517073136235,-19.994493382569388],[119.44305198014042,-20.017212651538713],[119.47101338731241,-20.005662420308102],[119.56934865269805,-20.080333386680476],[119.65550747406795,-20.046521382955905],[119.70087660800787,-19.995090750809673],[119.70937712850176,-20.021320720618977],[119.69205719043849,-20.032690931388203],[119.69108767089764,-20.041041361476548],[119.73301751620242,-20.013340409615292],[119.75390778486292,-20.021590318820206],[119.74114749519981,-20.005900339243073],[119.75275409324689,-19.98370216864411],[119.73007682476134,-19.976170259515875],[119.75737747196085,-19.963580348339363],[119.76520767189972,-19.97641984809919],[119.76415745104482,-19.95554969801882],[119.78776750991399,-19.973289527172884],[119.86623703333191,-19.969578834009905],[119.97277556300772,-19.932986919570983],[120.19594551397334,-19.91389430076782],[120.63101233260626,-19.770031343573972],[120.95080855156367,-19.638630351284778],[121.11393137460995,-19.538557274979254],[121.21014139418055,-19.466288261230666],[121.33323039973173,-19.34163925629265],[121.50398846765076,-19.10614830915695],[121.51802735425146,-19.042807288304516],[121.56038749881942,-18.98346632654784],[121.55318640792619,-18.94344629653704],[121.57821646626567,-18.95087624576354],[121.6000962042114,-18.940665304986506],[121.57596649631238,-18.947366245815424],[121.60273643143637,-18.869165244458948],[121.6281153585006,-18.841565293462754],[121.63770539798558,-18.847695293189368],[121.64267520654286,-18.817995292844543],[121.65145523590895,-18.81904532256654],[121.64878548667369,-18.834735302750065],[121.65319548637824,-18.835915282614557],[121.6555354637467,-18.767195242113605],[121.61980550556744,-18.742005323117162],[121.61815450441323,-18.70629529294994],[121.62884436338459,-18.70023525256482],[121.62584446393558,-18.70926530271822],[121.63078441401332,-18.721925242636036],[121.63547448302324,-18.704205232374058],[121.68118222013536,-18.720604300996193],[121.69809142807063,-18.69862325031494],[121.7411243750191,-18.70472424897117],[121.75187651314975,-18.674815278441596],[121.76693531194577,-18.67303524794959],[121.78095551049225,-18.66188524743342],[121.78690522976103,-18.65387426719425],[121.78819546990499,-18.660774277196055],[121.79246541949097,-18.65818426704415],[121.79083426790153,-18.609244246791924],[121.72939451135504,-18.57566425854608],[121.76476341788846,-18.552814257272132],[121.79094332420617,-18.503834266133023],[121.78813319560247,-18.537724306433248],[121.79834348456363,-18.52995424606012],[121.81703323183038,-18.491804235229285],[121.81018317196889,-18.481054275379734],[121.80325426342985,-18.508044295767746],[121.7889834936656,-18.4841742960731],[121.8152231605487,-18.451124235033443],[121.83999223843988,-18.44371327420273],[121.87202215701325,-18.47167330336634],[121.94668148031549,-18.439253310825514],[122.01742438337972,-18.390513288326684],[122.06352234776935,-18.325802286502988],[122.13003125222323,-18.3074122243567],[122.17795231730445,-18.2660612826453],[122.18304234604707,-18.23940228232415],[122.19830237463404,-18.2306922618094],[122.18505221617865,-18.247871282316723],[122.19983238514736,-18.249682271882705],[122.21202232355193,-18.228552231383198],[122.20492241370675,-18.217362271526326],[122.21462225255331,-18.2040222911508],[122.31506046413182,-18.17231222795481],[122.3702754282788,-18.116431225973198],[122.3780784336439,-17.989800234943914],[122.25065011167203,-17.952320698485114],[122.20715058668146,-18.008861090147047],[122.17534032784222,-17.973991030887234],[122.20494018475068,-17.94526082981287],[122.21287944182718,-17.873720289122815],[122.19965811657191,-17.68480921832904],[122.14517824633215,-17.5603392291938],[122.15002635922168,-17.355358277750867],[122.17321538458934,-17.26357826646539],[122.18730544285378,-17.24039724589145],[122.21106544121054,-17.240357285172855],[122.22638415839364,-17.18643729436907],[122.24310433755392,-17.196017243926793],[122.24105412682395,-17.16923728381849],[122.25162412571854,-17.157586243427016],[122.25740426569126,-17.168986283325946],[122.25751442551493,-17.163786263289634],[122.25491412559111,-17.160626273347578],[122.27983443377461,-17.157426242580883],[122.28204410322437,-17.14510622243657],[122.31899411113196,-17.158936241423007],[122.31721429100716,-17.151256281427113],[122.28815438262552,-17.139556272218766],[122.31389436083515,-17.138826211446847],[122.31941316034349,-17.135316291260406],[122.31199322058738,-17.127076251428736],[122.29260432202047,-17.13027628202695],[122.29328332161657,-17.119206291936347],[122.30163314109835,-17.120886241697978],[122.30349325069756,-17.11240625158864],[122.29151315169045,-17.117736231979837],[122.28437437255272,-17.129276212266372],[122.26722433397923,-17.136996222828497],[122.25320413438432,-17.119836293139933],[122.2955332897851,-17.067216261538743],[122.35105212502393,-17.036935219695877],[122.36636223272568,-16.99762528899274],[122.46966131377489,-16.936284265572],[122.4310423378778,-16.98337423699981],[122.46764136493448,-16.968824205838555],[122.46875122540956,-16.986334255918024],[122.48106110441637,-16.981334205528128],[122.48023021175098,-16.89457321499813],[122.48969134186144,-16.918493234876134],[122.51979132029939,-16.93367326410144],[122.50820111143419,-16.944883204508262],[122.50796138174633,-16.95435328457571],[122.52758137020786,-16.947663223965908],[122.55401112887378,-16.962383263298808],[122.57235131742182,-16.955663232729364],[122.60211107588545,-16.97128328197815],[122.6121701850169,-16.96524319165266],[122.59563104610966,-16.964293242118426],[122.57038031674105,-16.929353272617544],[122.53381005634056,-16.836933243078036],[122.54935919476398,-16.819822282520487],[122.55104940510614,-16.834512242565882],[122.5712392637991,-16.836142241996274],[122.55329937405064,-16.805352252314478],[122.57943935096165,-16.76212228128703],[122.6099482790287,-16.76564127043721],[122.63741916826338,-16.800691239879946],[122.73446722105778,-16.77763925699533],[122.75743739856968,-16.746039276150306],[122.74270727034173,-16.772189236729798],[122.77353622765439,-16.751399225736233],[122.78664633738461,-16.77167820550225],[122.79210607668757,-16.76058823527936],[122.78160634699542,-16.747409265486134],[122.80985624590852,-16.774288204875727],[122.84557616404217,-16.792017214004343],[122.82347611486408,-16.76983825447064],[122.83339630385633,-16.75826820412245],[122.82141623461901,-16.756968244444664],[122.83842621311037,-16.744468243894957],[122.81002619525741,-16.752828244732893],[122.77569622703237,-16.735459245573594],[122.78414615528618,-16.69595922508448],[122.76279632713914,-16.71031925577111],[122.74180725772744,-16.683389196184013],[122.77111627413514,-16.62859926501337],[122.7712962929757,-16.590299234761744],[122.81011509906925,-16.54528923339351],[122.79476506086841,-16.5716792239892],[122.83341534799045,-16.56068824284868],[122.81649536897052,-16.556108233286647],[122.84773509662543,-16.54648821236239],[122.86142409491403,-16.519088251809055],[122.87530423432858,-16.530208191499856],[122.88423403374152,-16.530237271255395],[122.85389432521988,-16.512678281974715],[122.9043843011911,-16.488507250435006],[122.89808429039194,-16.44718726034008],[122.91109324926197,-16.437677219923447],[122.92530317692321,-16.389437219224348],[122.95523324532948,-16.401727258491135],[122.98766312261084,-16.380886237479938],[122.98242329367591,-16.405886247783094],[122.99370318257883,-16.39339622739824],[122.99164327232812,-16.380076227367447],[123.03890225865058,-16.35919622596395],[123.02028233040839,-16.37819622658563],[123.03489285008793,-16.40018598633689],[123.01476317156153,-16.40575618691225],[123.04308290069075,-16.43984615637503],[123.07669220850563,-16.44032519548299],[123.0450233515365,-16.473775236543084],[123.04285324125348,-16.45894520650493],[123.01541334284337,-16.451736197192645],[122.98299320535352,-16.46511623815114],[122.97910300595501,-16.477076248333457],[122.99750334500004,-16.48579625789424],[122.97107322761396,-16.516096208802637],[123.00803334553842,-16.528415227887134],[122.95443404057183,-16.580126239666516],[122.99651335841943,-16.601835228671632],[122.9957530295978,-16.64083520894426],[123.02328329672642,-16.604555217971022],[123.03867333619016,-16.621345257668192],[123.0361932777964,-16.67151422805902],[123.05062314738932,-16.6907742177987],[123.0787431155873,-16.69323420706713],[123.08376332444195,-16.664804276749976],[123.09403230502141,-16.709113256764958],[123.1266220229037,-16.71105319591768],[123.13884222145016,-16.688463195450055],[123.14506229159988,-16.70842321541614],[123.13264233326576,-16.73802323593406],[123.10346215542157,-16.745283266749873],[123.10254235657624,-16.78370327702284],[123.10988202592922,-16.77824323679379],[123.10993207637893,-16.79418324689564],[123.15291209370432,-16.801542265813687],[123.17777319361572,-16.85771921552789],[123.15355325583174,-16.87842423629473],[123.14911303743918,-16.924704206710523],[123.23484412289851,-16.969934244774116],[123.26336332212475,-17.011819264311097],[123.29061101291933,-17.10770723423427],[123.3445872807277,-17.162718213217687],[123.38341722016136,-17.24001920273913],[123.39273724158953,-17.316239222999144],[123.45928830788857,-17.350599231561606],[123.48328913746091,-17.397049211268993],[123.51426931586647,-17.418448260644944],[123.51128923627334,-17.42588820076643],[123.51229900645913,-17.435508200804065],[123.53751915519324,-17.45437824030842],[123.53386806618009,-17.481887180576305],[123.54521813504662,-17.469217250216623],[123.54355709600796,-17.501067260463945],[123.57687834426369,-17.523827179800367],[123.58035917560933,-17.584178210107716],[123.5810993154204,-17.578998170056142],[123.58923929481891,-17.578018249852526],[123.59314924442981,-17.573738219730078],[123.60012713240852,-17.51556723918347],[123.57965720300783,-17.48360724947169],[123.58276828123897,-17.42473825901369],[123.56448824201811,-17.405788229334807],[123.58099707939863,-17.350138248571696],[123.58641724899795,-17.34925723843443],[123.5885070590222,-17.355717248425762],[123.59189717892869,-17.361147228378904],[123.59378714880665,-17.36151722833552],[123.6029372975885,-17.33938720797009],[123.62381511246015,-17.19864718654955],[123.64623523053191,-17.1839372159141],[123.59064402218353,-17.100977206715577],[123.58355309088998,-17.033246176446355],[123.60070202912794,-17.010605245882495],[123.64798120562703,-16.999724224670395],[123.66004230584053,-17.039635184641398],[123.68920229437688,-17.060015224077162],[123.70443206289065,-17.042665203601096],[123.74087202106008,-17.068335192905007],[123.78922323988084,-17.152275222316693],[123.8625030464502,-17.21655519103371],[123.91250198288192,-17.211844239854052],[123.88771312436035,-17.202504220361128],[123.82961201666134,-17.13463521125938],[123.79645815563495,-17.00399321117729],[123.82039814385224,-16.997882200578445],[123.80256807477424,-16.986363190919008],[123.82687922239093,-16.957263230161473],[123.95927712084178,-16.85240224642943],[123.95142696052916,-16.818102246382388],[123.94213716198763,-16.852062216817103],[123.89333703540144,-16.85721318796798],[123.8839680265461,-16.877883218319273],[123.79612910332874,-16.911824190581424],[123.76096825479156,-16.875844171171515],[123.75834817399931,-16.837734230983692],[123.71759797538643,-16.784854181601958],[123.71153813496856,-16.75270419153552],[123.68151808694964,-16.75167324224491],[123.61776926933143,-16.67948317330653],[123.5028101164308,-16.65881224598246],[123.52056025501935,-16.650052195487508],[123.50660020576247,-16.643132175786516],[123.5491201827299,-16.635142244688534],[123.57388025082714,-16.62522217401829],[123.55566025170229,-16.612592214381],[123.57246003046893,-16.607992223940297],[123.56339019055008,-16.58824117403272],[123.6020109778372,-16.582131253051735],[123.58925112829598,-16.567440203265832],[123.61944111646766,-16.573769252574394],[123.61515097624434,-16.554318192550983],[123.58859127757663,-16.538288193091162],[123.57863112853535,-16.549829253409367],[123.52606105185792,-16.544400194661907],[123.54221106152202,-16.572011204445417],[123.5177512129812,-16.56612124500852],[123.51161103422545,-16.597742205366483],[123.49428101465473,-16.57079125561869],[123.51345100332551,-16.568401225129445],[123.46370117571105,-16.534791256142526],[123.46808128497948,-16.51821118592532],[123.42854105739163,-16.511182186866094],[123.42855112705927,-16.49885219678539],[123.49659110300573,-16.514521195193993],[123.49514103255643,-16.494041235096073],[123.46145222431322,-16.477001175821187],[123.47347120333768,-16.46999125547642],[123.54402112962296,-16.50453918395988],[123.53559098016012,-16.503899194162752],[123.53414128038037,-16.50863023422932],[123.64303226377584,-16.530026211717995],[123.64448197353711,-16.524496241646812],[123.63704225385814,-16.51799617178371],[123.60763205545037,-16.504857252409522],[123.58849225685495,-16.51045822291146],[123.58297202690598,-16.498548252968003],[123.66294312145912,-16.491076180983477],[123.599242234536,-16.44871723224571],[123.50535098992026,-16.419981214359453],[123.50278131974542,-16.40707117433857],[123.58222213509916,-16.4276682025223],[123.54785114684084,-16.408490203237566],[123.56308131583212,-16.407939212860743],[123.5112510287751,-16.39132125402624],[123.509130998619,-16.38022120400601],[123.59800130349278,-16.405648171993793],[123.60517107328269,-16.41553820188432],[123.59181112419657,-16.41711823221956],[123.6080021233636,-16.425738251882386],[123.62140200259746,-16.42995717158512],[123.62958121188151,-16.422978211341444],[123.66553224988398,-16.436616190564223],[123.69722198725243,-16.41483717966205],[123.67976126842679,-16.416157210088564],[123.68829109757837,-16.404818209809868],[123.64795129970823,-16.38537918065138],[123.62924103018425,-16.356739200915456],[123.65869119842672,-16.36285921024497],[123.66354109864001,-16.383359220262783],[123.66297122828033,-16.36797921017559],[123.7169111048815,-16.372378228913668],[123.69743007525628,-16.33751915914955],[123.62715012860018,-16.29048021053153],[123.61137923953238,-16.287070200891527],[123.62445014947015,-16.31724920077248],[123.59337025132851,-16.311219201487763],[123.59876017128094,-16.322789221432398],[123.55021025338789,-16.28314017235896],[123.54958022289324,-16.262791172241126],[123.56607001218174,-16.276280211925307],[123.59929909971436,-16.26407017103433],[123.57607009072323,-16.245280241477577],[123.61663921853463,-16.261790190598074],[123.6096692885156,-16.243760220648998],[123.58010929030378,-16.239210181339114],[123.60192928871864,-16.232390180762575],[123.56370915075865,-16.21623120158955],[123.58063923976991,-16.22011021120094],[123.60112898835213,-16.216350200676835],[123.5816990893292,-16.205870221081682],[123.56894931014989,-16.20588121139341],[123.56387906059342,-16.21035124154685],[123.57368904968017,-16.19959119123623],[123.5584689900381,-16.175941181453847],[123.61334918611233,-16.160480180013167],[123.63577897507959,-16.176150249572412],[123.62043905558492,-16.157680179822705],[123.6552690236253,-16.16829018905019],[123.65984930294766,-16.15341021884207],[123.67575914217952,-16.163200228523742],[123.6653590825373,-16.15119019869484],[123.69342901073558,-16.15109020802043],[123.70141922122582,-16.190250188086708],[123.7136390598601,-16.167529227645545],[123.70311914018588,-16.153880187806973],[123.72343897931663,-16.17087920743402],[123.71316926954647,-16.154069207568234],[123.72846925863514,-16.156799177221686],[123.70309825954222,-16.128669217641693],[123.77056803628409,-16.170579246314666],[123.79680912557197,-16.209219215951105],[123.81461904468705,-16.219639235602063],[123.77159904736948,-16.21613921659018],[123.77569908742599,-16.228829216576976],[123.79503901643096,-16.238819216187544],[123.79694917691678,-16.263019236301965],[123.78330912729349,-16.243019166491067],[123.78349921776335,-16.262129216612337],[123.77714916791241,-16.25178921669388],[123.74296900015256,-16.253109247510675],[123.74066030055972,-16.263259177632175],[123.78272015870975,-16.2976391768643],[123.78320005833574,-16.284049186763603],[123.79638002829002,-16.31610923666468],[123.81006000751704,-16.32065920637383],[123.79954008777936,-16.303959166510566],[123.86594928407014,-16.327859205119125],[123.86015005500524,-16.35030924540146],[123.87645011386438,-16.347039185002334],[123.86580025493399,-16.36221921534888],[123.87609011464761,-16.377660235212357],[123.83646998664597,-16.354359245978692],[123.85409919751288,-16.435151176100383],[123.87110917669578,-16.44704125578438],[123.86703902611228,-16.412860245653608],[123.89997903420735,-16.422819184958584],[123.88435897351408,-16.35364923486308],[123.90897902214145,-16.36290924435682],[123.88572914315647,-16.342809174760028],[123.91702898135364,-16.352189164101247],[123.89281897247048,-16.333699204536394],[123.88380928232029,-16.30401919454876],[123.94131925996126,-16.35981918359527],[123.97571904818872,-16.378929242937925],[123.98759902720803,-16.37041920261241],[123.93358895893972,-16.297709193362408],[123.96098819672808,-16.279809182618724],[124.0000881544898,-16.291818231810886],[123.91595795845076,-16.231459193329655],[123.90991823831821,-16.21027923332876],[123.9700782255026,-16.253648172239156],[124.00282814340984,-16.254548251502758],[123.99982824384972,-16.264708171637686],[124.02621803192798,-16.25572816098321],[124.04197811145326,-16.278318160778554],[124.12445697616823,-16.280418198957552],[124.17973713327434,-16.309567227937315],[124.20185697405891,-16.404747168086264],[124.21149709328384,-16.398477147835532],[124.22272727301444,-16.418427177724542],[124.32496620625548,-16.414907185512405],[124.33185620636335,-16.43946719552958],[124.30810704828095,-16.45540718613898],[124.31916694785882,-16.46867723599221],[124.39014597267803,-16.445177164341676],[124.39030620297709,-16.458967224429966],[124.40730608230245,-16.47859720420573],[124.39162703391392,-16.504567154705303],[124.4152271624828,-16.50993718424918],[124.40753723333651,-16.525497204512533],[124.39546716417021,-16.527247154775765],[124.39227717450927,-16.532997174880553],[124.41030704355092,-16.54323718457275],[124.4276072018464,-16.51790722404513],[124.43553693149401,-16.525517183931434],[124.42984716164892,-16.515657243983743],[124.43432699122144,-16.509687173851265],[124.4298161812684,-16.49847723387019],[124.44264622065694,-16.50889715367391],[124.44353612028823,-16.494927173562623],[124.46822603874635,-16.498537173077676],[124.44138623999561,-16.475397173477216],[124.41910620167586,-16.48520718400422],[124.4027859223986,-16.469647164240435],[124.38880605209289,-16.41520716417053],[124.33653619558835,-16.418807155293443],[124.38749600061583,-16.345606203735233],[124.40738600994185,-16.37327669350389],[124.42624570856968,-16.36680659306861],[124.43126587884943,-16.39406660314582],[124.44954558753636,-16.388606492731224],[124.44923566805068,-16.41089660288595],[124.50128554443071,-16.40078635174946],[124.59975486829629,-16.414285909848743],[124.62671490633376,-16.404825729247865],[124.70336468125781,-16.401305387712572],[124.74542416827798,-16.38996493681792],[124.84052287298142,-16.434306125291723],[124.91719352769778,-16.42080451375996],[124.9222943667716,-16.39112314346579],[124.94896421505184,-16.392073012977256],[124.95334396435459,-16.37131288275685],[124.91774430700698,-16.388063233529998],[124.90127357864203,-16.416034344025153],[124.88189335976108,-16.408764854339672],[124.81447362431803,-16.416395245667196],[124.78767415543894,-16.385844635975463],[124.72520444922466,-16.372184977091695],[124.69349457071121,-16.344704927527456],[124.57096494833999,-16.329275689859386],[124.42417568854309,-16.35956654306342],[124.40594564916167,-16.334196533273975],[124.39455596999808,-16.338516173540444],[124.41071601794546,-16.293616162904556],[124.38516608920618,-16.276086233321642],[124.39897604826656,-16.274006153018952],[124.40787598716936,-16.25065619267783],[124.37904609826526,-16.21661621305425],[124.40017594657058,-16.20168621251254],[124.38876608706252,-16.190896192679343],[124.39858618595174,-16.169465222331226],[124.43466501384367,-16.178795161642125],[124.44968494162201,-16.122015230952545],[124.44435514070773,-16.065375170685193],[124.47724510890228,-16.078525160093935],[124.47997497907132,-16.09412523014188],[124.4584350906313,-16.102505210641603],[124.5141450684309,-16.16465515991268],[124.50817520971854,-16.20601521031048],[124.51884524843817,-16.178805149911256],[124.52640523830003,-16.194745229863674],[124.52541524806816,-16.181185189793336],[124.53669513740978,-16.184225199584333],[124.52698522754925,-16.161995209633304],[124.56072512446498,-16.119444198665],[124.59926492217105,-16.127384177942496],[124.64695410849833,-16.09809421679572],[124.61811524016107,-16.08974419731376],[124.60715502136715,-16.113414197691103],[124.58812509249931,-16.109504148046497],[124.58889402952737,-15.973483187121378],[124.61989435805201,-15.996253456652664],[124.616244317989,-15.982473376633344],[124.63714447670097,-15.984123256227658],[124.63404989720395,-15.998556386385875],[124.64173449665735,-15.995753226214275],[124.64264454644359,-15.98840319614697],[124.63902440651307,-15.980883176168572],[124.60558434839588,-15.969953386762826],[124.61305436789883,-15.968803376605608],[124.61555454764866,-15.964493356526768],[124.59845418879628,-15.967593146889971],[124.59687416836805,-15.942963206756833],[124.62601401605788,-15.920873146025817],[124.60785417656994,-15.891303196190808],[124.6294239250057,-15.881543145694346],[124.6545641328339,-15.853583205006998],[124.66847421215425,-15.862713164792734],[124.67594419215662,-15.885072224795087],[124.68158395188274,-15.888902164709522],[124.68201417102655,-15.849502164436794],[124.71194416894008,-15.839452223781167],[124.7045242288729,-15.814042153756095],[124.7415941467256,-15.822262203086824],[124.7008241584843,-15.784452223630115],[124.71901352704892,-15.770052133176835],[124.70916392750033,-15.76228215331759],[124.70299422797261,-15.766482193466864],[124.70435322754714,-15.750202193330873],[124.69359390890476,-15.782992143762458],[124.6753941000769,-15.784732224132918],[124.70479312732829,-15.74105214326079],[124.68870293842475,-15.745612173607839],[124.66045410094296,-15.781603184407512],[124.6338742127894,-15.790463154995194],[124.63638414241919,-15.780413214877793],[124.63279422261185,-15.778943144939484],[124.62569394320654,-15.786073215128951],[124.6294941031726,-15.795623205117126],[124.57202409817474,-15.861213216709897],[124.5294249130216,-15.961154178242126],[124.49649501588944,-15.997044199154688],[124.49197518534412,-15.959114148994045],[124.51246497350964,-15.93440419840931],[124.49243490480727,-15.935954188829895],[124.48731501478888,-15.920394168831082],[124.47670508592319,-15.941564139190737],[124.47489501480753,-15.885664158854613],[124.47891512472405,-15.89336420882326],[124.49941498335585,-15.889764198378067],[124.4836649443471,-15.889804158701732],[124.48426507380026,-15.866614228534422],[124.46095507498757,-15.854104228931451],[124.45935524428448,-15.817694178721254],[124.47328506352449,-15.822754168467412],[124.47665504325842,-15.820244228381172],[124.46028512418903,-15.816004158690728],[124.46381492368656,-15.803224158532359],[124.4624951533642,-15.784864168436922],[124.46256498374834,-15.802484178553245],[124.44338492509503,-15.809184228995232],[124.45828495421303,-15.811424158701492],[124.44464494545562,-15.829034179101695],[124.43906493672064,-15.870354169493456],[124.42485500710725,-15.847604239637036],[124.41752504821638,-15.876784209984594],[124.40929505844463,-15.863834210069935],[124.41029515709003,-15.805884199662199],[124.38595520663269,-15.717544169582288],[124.39593514631738,-15.731164219463796],[124.4076650053404,-15.720044179143894],[124.42380523461604,-15.732554178890458],[124.43726493331185,-15.711454228469266],[124.4090351750534,-15.710984229054713],[124.39735495611407,-15.726014149399639],[124.39322505528138,-15.677294179160812],[124.36882495666994,-15.671864209637826],[124.39024494513258,-15.662394219123824],[124.41267514416901,-15.681414198781036],[124.41437505308,-15.637214208450093],[124.42152500330828,-15.66734422850221],[124.44369521198946,-15.66972417805667],[124.45720495085803,-15.656324187686879],[124.43378407156706,-15.623003207950285],[124.45046395009138,-15.602753197468214],[124.45247419026435,-15.616193167516442],[124.50063425774414,-15.636673296659986],[124.49713401750081,-15.615673156591251],[124.45437390008854,-15.613533227459262],[124.45388395964049,-15.591863207324426],[124.4334741112632,-15.60843319785929],[124.43060419098843,-15.588073207782868],[124.40565403318355,-15.617714188502156],[124.43004403072084,-15.574453157703438],[124.41756395091903,-15.548883157792789],[124.43632424972641,-15.546973187388797],[124.4460140187308,-15.528803187065717],[124.4657942076976,-15.536883186709765],[124.46170423739328,-15.511693186625742],[124.4865341555589,-15.49726321601623],[124.49619402539027,-15.51653320594654],[124.51043421470632,-15.525113175711715],[124.49254399494892,-15.486163165818116],[124.44579402822114,-15.505133176911837],[124.47665393573686,-15.477883156090172],[124.50739401398943,-15.48372316549666],[124.51721299306139,-15.468613155194141],[124.55468323151571,-15.502782194659245],[124.57995305990313,-15.499592144126042],[124.58034295031861,-15.520042214255403],[124.6174830477009,-15.503832143399489],[124.62877304747494,-15.525652193320093],[124.6388029863996,-15.503902142973766],[124.62155323738448,-15.500652153296617],[124.61786319687332,-15.466082173138343],[124.64468320436455,-15.424792152324931],[124.64220318532708,-15.46310219263184],[124.66753312421888,-15.483732172266963],[124.67707312352009,-15.478182222040738],[124.67329311407293,-15.493492212218472],[124.67420320411377,-15.498072222231245],[124.69078300247065,-15.468012221701533],[124.67165298331781,-15.452882141977925],[124.66891304297283,-15.428592211868887],[124.68709303155578,-15.413702171409035],[124.67618322194382,-15.400672141537083],[124.74478193697874,-15.36177116992726],[124.7047319493591,-15.35982214069874],[124.705342148982,-15.34354115057712],[124.66199307183923,-15.354932171510772],[124.67236218102963,-15.346232141246508],[124.65647212179117,-15.336862151498945],[124.66192219120943,-15.324872171309936],[124.69104221962814,-15.333182140789212],[124.70720189839459,-15.32079121038735],[124.69689221850645,-15.296451150426499],[124.66732218028875,-15.296622171012618],[124.6792921793996,-15.28857221072118],[124.67468200897117,-15.255022180586618],[124.7013821578581,-15.278361170216177],[124.70504189711643,-15.253381209975837],[124.77058202418917,-15.302051139022915],[124.73613223711519,-15.343151169970703],[124.75326208631391,-15.354411149712428],[124.78324216327125,-15.294451168726399],[124.83130218101978,-15.325901138013881],[124.82217222128456,-15.311871218094083],[124.84680197954162,-15.299041187536476],[124.83638214051975,-15.316351157852262],[124.84767210058473,-15.353161147885228],[124.86234207981838,-15.359101137646162],[124.87570201869677,-15.34348120728727],[124.9152610169033,-15.373301166742863],[124.93238119589572,-15.374721186431799],[124.93709104591066,-15.389841186446006],[124.92533092660354,-15.388861186659248],[124.92675113661635,-15.39383115666625],[124.9452011255368,-15.395771196334818],[124.94592112525443,-15.383711186239875],[124.97133209444819,-15.420921166019399],[124.97885101376907,-15.409591155803668],[125.00299193306236,-15.44838015562101],[124.95220204668303,-15.475211136741338],[124.95295193691409,-15.489211176821987],[124.98447209473115,-15.476001156148866],[124.96180216636445,-15.488731216654394],[124.98135196506809,-15.48347116625697],[124.97987199530277,-15.49082119633399],[124.9817519252699,-15.494991146327457],[124.99624191403272,-15.476981155938576],[124.98691215516727,-15.505821216305439],[124.99952188448688,-15.51043119610441],[125.01017210356372,-15.496480215814492],[125.0040420435501,-15.476620165792708],[125.01834197257814,-15.471480185495672],[125.0229121329694,-15.505920205645012],[125.00211206447146,-15.517741176106219],[125.01412202381546,-15.521770215913095],[125.00460220452874,-15.528471156133014],[125.01711221407817,-15.544651186013045],[125.02206220319312,-15.514750205720278],[125.0267821628338,-15.511110165609379],[125.02680198295752,-15.51754020565251],[125.02938205288963,-15.522170165636714],[125.03952219226191,-15.521790195449242],[125.03094195244981,-15.50443018548824],[125.03988219177594,-15.497840185280655],[125.04425190177321,-15.511490135293462],[125.05480204087912,-15.498580165014392],[125.046892120882,-15.473750174990052],[125.08866147813396,-15.46320036416273],[125.22530740183173,-15.57228072248281],[125.421194531985,-15.696011179998486],[125.30072632795482,-15.613760811464271],[125.27669665896595,-15.588120721701696],[125.28762552821074,-15.583551241483162],[125.25486806017473,-15.580880232028592],[125.22402702132567,-15.540725182290977],[125.21663303201413,-15.553412172505931],[125.14150584526948,-15.48193207334417],[125.07004118882634,-15.440230204343234],[125.09085998592946,-15.354970143389778],[125.14046008251958,-15.33309015235331],[125.14383002259602,-15.34790020239385],[125.14426995216574,-15.32652015224095],[125.1591300214343,-15.335250162036424],[125.16410018104636,-15.330560171916574],[125.15775013096948,-15.306130191863206],[125.15252008159122,-15.322420202066551],[125.12478998315065,-15.316540142520484],[125.08857000573705,-15.3376901433139],[125.1101401241031,-15.320220152807675],[125.09917993464781,-15.314160182963372],[125.11553007343215,-15.302010192587563],[125.10186987403299,-15.290420162754017],[125.11892990234605,-15.255600152211802],[125.10033016403949,-15.285910182751108],[125.09001004393053,-15.247790132678338],[125.08662999445063,-15.264380192851812],[125.07746006468005,-15.247660172904032],[125.07342988504153,-15.25391013301932],[125.09566995426587,-15.283100192815876],[125.07977018536953,-15.29084019315507],[125.09430985451822,-15.292030182900925],[125.08125989573045,-15.31434018328748],[125.03965106798543,-15.30138017395475],[125.04495999732707,-15.283850163739215],[125.03068093800908,-15.274780133938334],[125.02638109876288,-15.300300184189837],[124.97913112217661,-15.329380165255904],[124.92009112627555,-15.356451186538404],[124.89792088728413,-15.339911166843372],[124.90679093629949,-15.317411166524336],[124.89148118742865,-15.32773118688253],[124.88306118769856,-15.315891156961634],[124.89524105675366,-15.305341176660315],[124.87614089783631,-15.302011176998864],[124.89385109616542,-15.271791146459819],[124.90465108559533,-15.275711206282763],[124.90461111519379,-15.255490166146814],[124.92282100439994,-15.270470135905994],[124.92744087330273,-15.229210175540375],[124.96950110045006,-15.212140154640789],[125.00565084887081,-15.241920154174696],[125.04148997549868,-15.178570143088875],[125.06022005442469,-15.180770202762833],[125.05604007435869,-15.164420162727904],[125.04582004483655,-15.157660172868123],[125.02017003659294,-15.169490143417292],[125.01383005667849,-15.15449019343198],[124.99283018877587,-15.197830144112244],[124.981980159289,-15.19097016426626],[124.99492035795018,-15.161990263830885],[124.98482989882432,-15.175940164111752],[124.98537998859886,-15.166110194034998],[124.97611000935106,-15.176300154275586],[124.97015017946897,-15.164240154304409],[124.96106091062757,-15.19556015468529],[124.97111101027814,-15.208290214584864],[124.93518088201034,-15.187400145112635],[124.94379098200586,-15.213120155125823],[124.92301109349837,-15.225720155599785],[124.91716109363722,-15.215120135637857],[124.90099097510536,-15.240210146111705],[124.90795119479709,-15.245650206017427],[124.87578089705137,-15.261901136734703],[124.89183111545584,-15.23032014621764],[124.86885085709895,-15.243621156742638],[124.88115099565522,-15.208420176271554],[124.8642810563912,-15.194931156500424],[124.89638116404518,-15.17343016574708],[124.85482095672593,-15.183551196603538],[124.86155115603178,-15.169030146377276],[124.83772095773735,-15.183141166927157],[124.84580118684158,-15.16269019663458],[124.83392116745271,-15.157951136829686],[124.86900102510164,-15.144870176072343],[124.8706911946258,-15.126220195914147],[124.91039019188152,-15.106790205032237],[124.94324990030512,-15.125560154543242],[124.95169011956034,-15.11322015430221],[124.97445002864433,-15.135300214028659],[125.01114985564969,-15.09349018306772],[125.02986986492479,-15.113270192858431],[125.04771001316833,-15.077100182287205],[125.0202801842061,-15.047030182584924],[125.02621012355154,-15.03133014236966],[125.01419005433266,-15.035070172615653],[125.02517907285593,-14.992360152124146],[125.01197895345217,-14.98315016230409],[125.0330692024629,-14.996000192004297],[125.04462915156003,-14.984430141714459],[125.05565916120798,-14.999770191617525],[125.07429890965145,-14.975749201115786],[125.09283893880023,-14.988139130864633],[125.05901909155904,-15.028260161749808],[125.08347891035417,-15.04059916139004],[125.07237901147504,-15.064890161755914],[125.10080892978712,-15.064459141239439],[125.10552888891239,-15.033169210941953],[125.12567918792041,-15.043489140650548],[125.1220590090471,-15.091629151042453],[125.1632491477303,-15.15134919071444],[125.17430904667368,-15.130059150373977],[125.22426915354255,-15.121159149435664],[125.21249896415169,-15.116349179608777],[125.22701917324348,-15.113809209337646],[125.22545894314382,-15.103419149294178],[125.24445901219327,-15.112939169028031],[125.26600898067794,-15.099969168566266],[125.27102919063204,-15.113719208573187],[125.28110916973898,-15.097529188289132],[125.28230904050832,-15.143609188582344],[125.3349388977277,-15.16290914781418],[125.33158906763036,-15.146439157758829],[125.33555917744278,-15.14912916770972],[125.34598802671427,-15.143089177491722],[125.36820791562147,-15.155849177203546],[125.37830808478478,-15.142599196943337],[125.41187812305381,-15.15755818648409],[125.48133793887344,-15.154788185319266],[125.48423808843415,-15.139378205166564],[125.47930788863407,-15.134018155210525],[125.45158789019082,-15.128898155630676],[125.39709795347491,-15.131688136554077],[125.3576581353993,-15.108359157057535],[125.40192803235597,-15.084648206152297],[125.40215809197268,-15.06374812600576],[125.37013788404197,-15.073728136610834],[125.37548787335119,-15.052698206377286],[125.41148786113382,-15.047438155738757],[125.48160719615105,-14.998568054246814],[125.44138726852962,-14.999428194914383],[125.44394722863129,-15.013838184970558],[125.42098815011933,-15.021638295404399],[125.40898764041857,-14.998568335446619],[125.4093775408638,-15.02508834562128],[125.38594800237581,-15.032538206063984],[125.36537795285358,-14.991408206129202],[125.35293817389696,-15.00886811645853],[125.33733792470213,-15.002618156680368],[125.33951811428963,-14.986798136535386],[125.31875796585294,-15.005859157018847],[125.2856080876806,-14.999179177541482],[125.2780981377502,-14.97880919753201],[125.30464812588076,-14.961628206958453],[125.27120810780298,-14.959579167519866],[125.25439788913327,-14.978389167939108],[125.25765802830637,-14.943738817646425],[125.23958822933747,-14.942308807950695],[125.23422817007588,-14.965329188200952],[125.23342791004156,-14.960929168184924],[125.23156812014409,-14.960579168214993],[125.21372795136053,-14.969799208589778],[125.20781787128666,-14.947159168539265],[125.22057805056578,-14.94856920832523],[125.2307181894283,-14.91911912794737],[125.25504805814396,-14.926569147574664],[125.25630803757953,-14.899819167370454],[125.269908127398,-14.933268737362969],[125.29469811603367,-14.937958196967722],[125.30769803495176,-14.92020812662365],[125.29462789541283,-14.903568216734348],[125.30808792472033,-14.908688126538376],[125.3070979344611,-14.891188156435918],[125.3339870427161,-14.881298155909297],[125.3050480944046,-14.881478156404786],[125.28667800495514,-14.852958146525836],[125.27395812600693,-14.870078126862056],[125.27169804583909,-14.853698136789388],[125.26410819649455,-14.865408207000591],[125.25428809682894,-14.852508157082928],[125.25095808738507,-14.872249197275377],[125.23552811819656,-14.867559197512048],[125.24912786679835,-14.834528207049988],[125.24414795703507,-14.831688187117273],[125.22356786887457,-14.866599177714434],[125.21010820962545,-14.864869187938538],[125.20891800928591,-14.84284915780939],[125.18412805042821,-14.826939138137696],[125.20517796854008,-14.791009157521815],[125.19298802924834,-14.791189167737715],[125.19467786887107,-14.776179157605622],[125.18160100992777,-14.792310177946458],[125.18156600978052,-14.784320177892642],[125.18793302936555,-14.781802177762964],[125.19003816912398,-14.775369147681953],[125.1667980007499,-14.790499138196402],[125.16970789036222,-14.778789158064997],[125.15466817100055,-14.766529168248777],[125.15079819138505,-14.775089158376012],[125.14143816140817,-14.747659128356212],[125.14671796118868,-14.752159148292604],[125.1598078800575,-14.732109217922837],[125.18898805865598,-14.747019137507282],[125.17985700848732,-14.709839157415308],[125.20114704704324,-14.697958176958366],[125.2114869568899,-14.721698186938395],[125.21286683582723,-14.668648146552314],[125.23436712445807,-14.66116814612461],[125.24565708419874,-14.682208166071218],[125.26211701345399,-14.69306819585918],[125.26083684288088,-14.657768125640384],[125.30842704001611,-14.649928144765568],[125.28845712067198,-14.623208124926448],[125.28035715144377,-14.640198145182334],[125.25687685260792,-14.630518205523098],[125.24902705269972,-14.611118155527198],[125.26087718210518,-14.615538135351303],[125.25538714209073,-14.597678185324725],[125.27450602095462,-14.595078174975265],[125.28248616019997,-14.5785882047246],[125.3035861190181,-14.579568204367762],[125.30041594881125,-14.5582181242763],[125.32571602784685,-14.584398144021563],[125.32824613724979,-14.5592282038062],[125.34759609624977,-14.564718123514078],[125.34206616578969,-14.52156914331288],[125.36134488451853,-14.5114791529164],[125.36414497425766,-14.505729152829607],[125.35505604559435,-14.551757133298713],[125.36893586501704,-14.56354712314437],[125.35459595619795,-14.584048143527479],[125.40009601341121,-14.572797142683097],[125.41027608235358,-14.545617142326442],[125.41066598270167,-14.566617202463775],[125.42498602223613,-14.586417122360393],[125.41345593314007,-14.60049715264919],[125.43823585196134,-14.613777192327511],[125.42995586291933,-14.641478212654828],[125.45003590146264,-14.623748122200277],[125.43725590168121,-14.594587132212306],[125.46342505037754,-14.605277151852539],[125.45237482055171,-14.579167151856074],[125.48343492859311,-14.568017151267934],[125.46739511935147,-14.559227211471402],[125.46653506898834,-14.53551716132299],[125.48046488814143,-14.532178151070871],[125.49139488800809,-14.560318191084649],[125.48861493745605,-14.519220140848255],[125.52031511533737,-14.500231130200458],[125.5290648952197,-14.522268160209688],[125.56061494330757,-14.514785119648819],[125.54800415459218,-14.548395180082764],[125.52992457557794,-14.546086770359263],[125.53479502560572,-14.563897120402636],[125.59933509192011,-14.562626159358235],[125.59894487187769,-14.558776139337981],[125.57247514319221,-14.547665189684292],[125.61371386023528,-14.51062414877244],[125.58822405159371,-14.50571519914416],[125.60066387069448,-14.49400519886542],[125.60127297964635,-14.433509178439738],[125.62195281814118,-14.412900177969751],[125.62271314764546,-14.38570117777055],[125.58857287929072,-14.36992112820488],[125.6037029680036,-14.343552107782196],[125.58226209855596,-14.305343157861548],[125.59879185710768,-14.273772127380164],[125.57369193829471,-14.261633117698196],[125.59215093697149,-14.243732127279365],[125.60826199639178,-14.262362127150807],[125.5976110765504,-14.23663219714331],[125.63315098457598,-14.236052146575055],[125.64153105460679,-14.265872206648256],[125.6485708838453,-14.243412166382655],[125.66672207357776,-14.28817213640629],[125.7032818618068,-14.30405118594656],[125.71792197056136,-14.277441155536739],[125.7244019602954,-14.283211155476653],[125.73007197994454,-14.280971145373954],[125.71453185106083,-14.296621165721351],[125.72376190080072,-14.312221125686609],[125.69721297249205,-14.325372196187619],[125.725703040892,-14.324531155741623],[125.72636289113477,-14.341801155850572],[125.66418295448955,-14.334983116768564],[125.67803287407419,-14.356713156701899],[125.65120282608207,-14.38757119733426],[125.68873496581064,-14.499392157518075],[125.6520239995805,-14.602036168797131],[125.64853486057635,-14.650212169183076],[125.70672490463173,-14.489382177170471],[125.77441390065748,-14.479696186067665],[125.80356308845167,-14.444186155382557],[125.81629413783314,-14.450346195233966],[125.8025738290598,-14.479066185638118],[125.85208388591896,-14.456676164744238],[125.85913411580722,-14.474966134766131],[125.81721393852641,-14.497576115546149],[125.84989293728009,-14.535896145323703],[125.82867311858973,-14.542756135686638],[125.85020289770176,-14.564006125513128],[125.83058290914657,-14.585076195950133],[125.84927301818685,-14.591666175717789],[125.85142294838398,-14.612117145827051],[125.87624312687865,-14.606246175420228],[125.88130293685481,-14.623316125463715],[125.89477304608288,-14.623076175264698],[125.90830293589224,-14.6608961553284],[125.92131295482534,-14.639806184993688],[125.9210030350129,-14.650906155074852],[125.92907315454936,-14.650756114956888],[125.93631310406793,-14.646316154821557],[125.93304285368934,-14.60923615461262],[125.90270310491363,-14.576476154827036],[125.92059296329649,-14.537226164295413],[125.94568280189812,-14.538716123942738],[125.96476281052288,-14.519216173533657],[125.97253304048289,-14.545726123605796],[126.00030197904735,-14.5549761432745],[126.01547203765887,-14.519466112814158],[126.04192194641746,-14.536706152561786],[126.05130211576977,-14.528786152375822],[126.01961310581926,-14.411366112007098],[125.98547286785545,-14.419516162547692],[125.97668312795386,-14.39328619249156],[126.00616278640015,-14.399756202116826],[126.0458211235808,-14.359146131276862],[126.06934099231357,-14.3622651709704],[126.08844006108627,-14.351195180628942],[126.07289996184417,-14.343735160792432],[126.07391010152382,-14.325655150652977],[126.09022998057875,-14.323135150409499],[126.05340991161482,-14.254195140442798],[126.08126995978093,-14.234145119915812],[126.09394085922364,-14.243985109808841],[126.13322912687144,-14.231434149182563],[126.16019777460089,-14.176474128434247],[126.14128807537314,-14.157764118560744],[126.16972701364772,-14.146174178094794],[126.10443595620994,-14.075736128495237],[126.08780612726827,-14.0861561487974],[126.06406589837619,-14.073336179038394],[126.03252706041732,-14.095086129631667],[125.9930868721691,-14.068197110004164],[125.9762370926576,-14.039627150046917],[125.98385613149543,-13.989798189592015],[125.98413583172537,-14.006127159701336],[126.01436612037337,-14.025427119404744],[126.01015697119739,-14.06541718974203],[126.02671588957355,-14.016707109169458],[126.03477596945505,-14.038286139205624],[126.05599578812974,-14.026586148826413],[126.02187606954149,-13.99684717909995],[126.03819488843114,-13.981517108763178],[126.06536478705908,-13.988207178428777],[126.07475503732803,-14.041456108667964],[126.10262479580355,-14.040826118277518],[126.08641506591172,-13.987666178132123],[126.10724397462636,-13.976736117768176],[126.08387492596697,-13.982016168128084],[126.01121503906013,-13.92570810875699],[126.03873380750869,-13.920997158335087],[126.06275408653714,-13.94293717815059],[126.09482397411709,-13.895326187373417],[126.08532390499994,-13.92093612768325],[126.10787392375886,-13.919046127358177],[126.0860039652163,-13.93832610779475],[126.08564396534248,-13.945666147850785],[126.10497378400949,-13.92558615744367],[126.13236404280548,-13.944476167198903],[126.13423390233899,-13.918956126995717],[126.15839383098299,-13.915026186639356],[126.14843408201295,-13.949676187015909],[126.1262137934175,-13.96399618741891],[126.15870379174957,-13.970126157018791],[126.13094382349088,-13.986926107513716],[126.10977510523361,-14.028276158091746],[126.1870440701896,-13.968115116622291],[126.21583398862629,-13.967565136233455],[126.22103381862857,-13.987894156305961],[126.19339412001477,-13.980085116620439],[126.14431388316783,-14.014976137526446],[126.18503383097035,-14.015795126981343],[126.20071396991128,-14.000935156667662],[126.2247238189648,-14.026405136525302],[126.21748385958821,-14.042915116736467],[126.16026511290707,-14.057526157605933],[126.14953495363338,-14.067496177820834],[126.15083490374283,-14.080146127891183],[126.1918648013095,-14.066255177240983],[126.17038507270452,-14.08212612764032],[126.16571588341452,-14.114225157926699],[126.17815603241112,-14.091365167599884],[126.21421507023457,-14.076474137013667],[126.20580580090383,-14.091525107230499],[126.22170593029963,-14.110464167150834],[126.17940703289331,-14.130345157854292],[126.20893710136167,-14.13647416750168],[126.18597809304887,-14.166924128020513],[126.20465780227828,-14.185174137897645],[126.24328798002195,-14.175704177319853],[126.23312802073438,-14.186794147531067],[126.2480579398967,-14.185623157326164],[126.24812886023913,-14.210703107499864],[126.23340812095265,-14.203633147644595],[126.21600893237083,-14.236554148104117],[126.24097891080886,-14.223383117682218],[126.25363905032766,-14.239163167625668],[126.27253903884444,-14.207133157155477],[126.26972886940233,-14.23652310739682],[126.28217908844394,-14.216713127096734],[126.30085876764282,-14.233603146972444],[126.31268801655231,-14.201263176594608],[126.36080705375085,-14.189923175901487],[126.32089602528738,-14.140963166068712],[126.30549700631799,-14.154733186362888],[126.29757701653647,-14.13882316635429],[126.31446607505015,-14.097312175846914],[126.34501493339087,-14.097993125460556],[126.33433484333048,-14.050022125262087],[126.39433387008962,-14.051762104514747],[126.39656299948419,-14.014902154229299],[126.4253529178857,-14.012052113850629],[126.43837301679991,-13.982712133484382],[126.45436275622465,-14.005202143444851],[126.48523204443072,-13.995682113001395],[126.49527209340424,-13.957622102613266],[126.51149164261834,-13.964711962467193],[126.53700075086239,-13.934432161949534],[126.5543707401427,-13.951811151864861],[126.55668089995639,-13.946841181802675],[126.57124107909313,-13.940501121586328],[126.57739095892576,-13.953821121607376],[126.56523087946178,-13.944121111682556],[126.50897186331146,-14.008832092806443],[126.49104207427983,-14.008562113021076],[126.49720276441847,-14.045832093207368],[126.4494739475021,-14.083722194053971],[126.45468387747269,-14.103512104128372],[126.47881289623253,-14.109632103876587],[126.51374299389292,-14.075482143215627],[126.52545307333212,-14.08165218311849],[126.49949310498232,-14.100172113559934],[126.4991629953817,-14.130272163774487],[126.51545404483146,-14.15740212376832],[126.55582300253705,-14.151022113243078],[126.56978308163265,-14.139781112999803],[126.56500410284657,-14.216751103594898],[126.57547394241637,-14.228691133555479],[126.60167405105716,-14.235811113299663],[126.60699305008471,-14.18008114284761],[126.6336229687549,-14.191201172618362],[126.65142281756283,-14.173441122290258],[126.66099197633673,-14.114750131769737],[126.64485208676682,-14.077081171689581],[126.6856019248604,-14.10368013141363],[126.68936175450807,-14.091230171283938],[126.69384303477594,-14.134710151538739],[126.71967197319684,-14.120590131151188],[126.71023201347533,-14.1002801111137],[126.73717193165845,-14.070430180605069],[126.72314202236153,-14.065190110723613],[126.76274091003233,-14.050079100181108],[126.74144392080954,-14.017167140183682],[126.75799192991515,-14.017419150003521],[126.75330194010601,-14.011909140016236],[126.74822694037367,-14.01126914006751],[126.73572492110229,-14.015669140236309],[126.72172991203372,-14.030479150495484],[126.70080690306465,-14.021555140666289],[126.70534491225943,-13.973913140280844],[126.72712392136702,-13.998347150209838],[126.75156182996834,-13.991779159893845],[126.75071079978784,-13.972129109765062],[126.77214089875632,-13.983159139608],[126.78681086781657,-13.97025909935781],[126.79699096729213,-13.972499189263454],[126.78762087780102,-13.972739129366474],[126.77355099867565,-13.982769179589893],[126.798041077275,-13.975999109276747],[126.80720093689698,-13.986369169251068],[126.8038410370545,-13.984229169272144],[126.79887086734509,-13.98615911933927],[126.80143082726403,-13.991239169347425],[126.79610102751289,-13.987749139380346],[126.79344098767466,-13.989329099420203],[126.80132103728535,-13.99259915935817],[126.8103210267028,-13.984109099201648],[126.80999088678675,-13.9899791692465],[126.81288098664311,-13.991109109223439],[126.80745073695607,-13.992809129293693],[126.81001106687472,-13.997889179301936],[126.8382998450448,-13.971059178811103],[126.85576994410714,-13.971589118630034],[126.87118010338983,-13.982058728541869],[126.87870016298325,-13.982048648463172],[126.88215039297725,-13.99855868854349],[126.9053801215754,-13.985218438208527],[126.83946988449894,-13.927679108493221],[126.80557982635396,-13.930459098875046],[126.79958009614047,-13.88301912860578],[126.77281983732009,-13.860709108739185],[126.7431579281159,-13.792278138583338],[126.76652190667285,-13.774826148203534],[126.7576819272702,-13.78593313837867],[126.76321292703409,-13.790986138353544],[126.78849190568786,-13.790851148076873],[126.8190749238114,-13.768605137590262],[126.82623984387776,-13.808528097794854],[126.84232897311452,-13.816968107682946],[126.84737907263208,-13.797748167493925],[126.87294878128489,-13.798988187233139],[126.85132793198385,-13.75819812717331],[126.88100882030507,-13.748648126793716],[126.92177774843995,-13.77610812656483],[126.94440807714705,-13.767578176273144],[126.91439883845541,-13.741218176394542],[126.96329799587045,-13.741658175898543],[126.98402677490355,-13.754147125778342],[126.98574793516109,-13.787468105996538],[126.9962779346363,-13.790828165915235],[126.9982878042988,-13.768677175738718],[127.00206781436114,-13.793978155879945],[127.01348775366455,-13.78535813570594],[127.03077783293631,-13.803948175667207],[127.01770799362788,-13.803538145792785],[127.0060789444568,-13.823768156050663],[127.03046894308619,-13.81694812576213],[127.03664904291158,-13.832067145808518],[127.04708797208598,-13.805708125520365],[127.05582877184851,-13.828167175594295],[127.0457887524374,-13.83339716572878],[127.04432893267321,-13.848877165852427],[127.08142874060125,-13.83995717543105],[127.06058906240197,-13.907907176111989],[127.10285883989732,-13.884287125540425],[127.10932874984353,-13.913867145688448],[127.09386889080878,-13.927367155930513],[127.1227488194601,-13.94817713580477],[127.1175090299633,-13.970567156012383],[127.14288903870693,-13.982237105857603],[127.15764901743958,-13.933716115377454],[127.17878894622653,-13.925846155127422],[127.16981881656237,-13.910626175101871],[127.19073805537562,-13.903996144863667],[127.1955479952914,-13.922286114949523],[127.18623877594976,-13.938816135151251],[127.1898988859282,-13.957216105248234],[127.19875885533214,-13.944756135079581],[127.20775884511983,-13.973576125202381],[127.21044875470109,-13.944606124972925],[127.22663799380946,-13.942506144812793],[127.23517790302571,-13.907796114490598],[127.24671803233751,-13.900406124335737],[127.26558780133892,-13.901916144180127],[127.28277780057442,-13.919246094152886],[127.27579776112067,-13.937956114346402],[127.29070790028037,-13.933796124187278],[127.3181377290494,-13.961146134145432],[127.34576697750462,-13.954935153867071],[127.32186805843303,-13.91468616378387],[127.34740681698953,-13.906565183509812],[127.41076680405638,-13.961375093374693],[127.43007687285944,-13.942935083087272],[127.4249867933346,-13.96668509329716],[127.46721693133945,-14.000875113203158],[127.44854700254912,-14.024765153521027],[127.45251779261743,-14.058765183731103],[127.47755687128532,-14.062295143558607],[127.48291693118047,-14.085055163678495],[127.49340696041054,-14.060705123423629],[127.50462668991351,-14.074654123435964],[127.52367683883348,-14.069264133251368],[127.5085067898087,-14.087814123499653],[127.53757676821277,-14.086304093266907],[127.52392701922453,-14.119774113608795],[127.55678675731023,-14.104624123252608],[127.58913670585083,-14.144243113294708],[127.61593690437931,-14.143643183095163],[127.64843701279366,-14.16960313304752],[127.64398667309919,-14.17783291313772],[127.63971672331975,-14.175992963154984],[127.63657677349786,-14.176762823182854],[127.63423676364627,-14.179422773218505],[127.66985700177253,-14.190533093045941],[127.6653368421621,-14.209713173214253],[127.69219679084469,-14.231913113185858],[127.68320684142381,-14.243383173329692],[127.71060683997845,-14.252693133207934],[127.779675716715,-14.333210093322702],[127.76070622800408,-14.367120473688535],[127.78212584669693,-14.350520153430276],[127.78828584661147,-14.388410153660677],[127.80652595555352,-14.382520103501653],[127.81047587546405,-14.40209015361613],[127.82843591446309,-14.402530163505807],[127.8197660352005,-14.440560113831728],[127.85014571378275,-14.484460133955245],[127.8626758730694,-14.483170163869008],[127.88025573200179,-14.470830093673973],[127.90210594098826,-14.505050153787257],[127.92927478944353,-14.502840123611472],[127.94935485844132,-14.524190173647822],[127.93888567906839,-14.530120113750518],[127.92737576988965,-14.557981134016368],[127.95353589848483,-14.570541173954995],[127.95264598862862,-14.586022174070658],[127.98481482676627,-14.579621093843155],[127.99305492616192,-14.556150163629551],[128.06934495220034,-14.620697483680749],[128.06938518236024,-14.650215603891693],[128.08679546130685,-14.638966603721208],[128.13091577892533,-14.664126123679097],[128.13127551902434,-14.687076703841614],[128.15021577793382,-14.6855655437381],[128.1611457374228,-14.70799559384594],[128.20121568512087,-14.706454133645915],[128.22171573401803,-14.721224293657777],[128.21844565436564,-14.754554523911478],[128.200635525306,-14.737534753871275],[128.18388552630066,-14.744245083997479],[128.1752152770364,-14.791794544378831],[128.19245495627308,-14.838644284633313],[128.11851516067043,-14.861326075151364],[128.13910498952555,-14.870755435117372],[128.10787545174074,-14.946898625816026],[128.10309614264463,-15.064489656679777],[128.07495690451685,-15.103979977104363],[128.09888783344036,-15.167329967434803],[128.08024951490216,-15.233030447997619],[128.09278981441034,-15.281011008276131],[128.06595005612812,-15.301171018556468],[128.04478016732614,-15.288240808574358],[128.0403682276158,-15.292757828629693],[128.0660398461833,-15.312251058634947],[128.08936871520055,-15.390291509072044],[128.05241888792452,-15.4794819898959],[128.01949921001048,-15.494311980174478],[127.99553908158371,-15.514131950444266],[127.99878904140836,-15.518091950454783],[128.06812892703766,-15.492061989904457],[128.11433854388983,-15.427981929216134],[128.12817941234619,-15.291711248176956],[128.1002093938022,-15.250170638019009],[128.1283077817785,-15.183669857405562],[128.2580271746308,-15.306310997684013],[128.25603733479633,-15.316361147764422],[128.2816169733926,-15.345900777866337],[128.29227760325455,-15.459841078635788],[128.32737742131644,-15.505100128816112],[128.34164732043132,-15.501270088732179],[128.29914752283906,-15.460190948609863],[128.30076633212548,-15.319710047599266],[128.239596645462,-15.247509817344197],[128.22024645640928,-15.203739487117483],[128.22107581601273,-15.130839086592704],[128.1940357774307,-15.09349913644901],[128.2281751349875,-15.003138435647488],[128.26547484270753,-14.982568005336116],[128.28922467128004,-14.974067905173825],[128.33120440908746,-15.03538845544002],[128.29250459105563,-14.9667377951075],[128.29586460072895,-14.937357334882877],[128.31392446962522,-14.925667284724042],[128.3618641874151,-15.066588515542135],[128.37398393668042,-15.061428515458264],[128.35811406732373,-14.991258195016743],[128.41038338442334,-15.032058415110589],[128.34911415775295,-14.96794797488505],[128.35821422687687,-14.885017064254301],[128.4486228620659,-15.002038244757214],[128.40239378428814,-14.878947194041325],[128.42167363318023,-14.881717453989932],[128.50173239887252,-14.978458124406627],[128.51143215842646,-15.0135983546274],[128.5189921179871,-15.014738394611138],[128.50779241850182,-14.973728154352722],[128.4703530205356,-14.931248084173076],[128.4669833105778,-14.889077993881651],[128.4274838126869,-14.8410471736766],[128.38095427530692,-14.823386553723616],[128.39343497451014,-14.804436153539946],[128.41855397302555,-14.795247143380173],[128.43640397206096,-14.812137183436596],[128.47527390972348,-14.78613746311298],[128.53590391623476,-14.786978122918791],[128.52848397663828,-14.779948122891843],[128.5504637253337,-14.767918112735831],[128.58708293335204,-14.807668132911225],[128.62345303124326,-14.8039085127798],[128.62082083134626,-14.787445142668489],[128.68130680788647,-14.796007122568623],[128.73823679471084,-14.839065132741895],[129.0014933995453,-14.879594592583096],[129.00192754386302,-31.686990625022766],[128.89637064903332,-31.717028945161786],[128.64234363577646,-31.850920866051563],[128.314277783684,-31.979353677337535],[128.02238049663646,-32.073965708746925],[127.70571410333709,-32.13668809045162],[127.58538512125439,-32.175038871294156],[127.51882646132988,-32.21410981188868],[127.32596900005915,-32.25651224331091],[126.95653185491535,-32.29758509624759],[126.77258758197938,-32.292327507781344],[126.67279768690084,-32.30835679878046],[126.42203429355047,-32.28407042111572],[126.20314846500108,-32.23226300320389],[126.08118073364471,-32.275106014857386],[126.03706137003637,-32.268577285348165],[125.95101938308787,-32.29052863652231],[125.8012346465487,-32.36671098885109],[125.53206886995108,-32.54921789351974],[125.3152812434756,-32.60790091701334],[125.10242440765342,-32.7153843109066],[125.02619508938822,-32.72884530221098],[124.89458768158525,-32.832817744956124],[124.81404883468088,-32.87284904654373],[124.74100971636847,-32.900130147958315],[124.39358270012649,-32.94906466456224],[124.23866478545122,-33.017577107919166],[124.15431666045494,-33.09604882000616],[124.10119829082223,-33.176140171496435],[123.99800986389148,-33.42636140491591],[123.97602964118046,-33.558592686059704],[123.87508113803372,-33.599004148381916],[123.87772139865503,-33.633164618503336],[123.77442685670223,-33.69817251104397],[123.74750285297813,-33.76531660197232],[123.76416317130338,-33.795226531766225],[123.65630309979645,-33.84693599438529],[123.63914357343828,-33.876986614918394],[123.57338445409262,-33.88771765643666],[123.5342951919231,-33.94011867758323],[123.51209534548956,-33.942508848097134],[123.50801511546466,-33.922088658085215],[123.47402505027952,-33.90616868877676],[123.37145542603038,-33.89587915108654],[123.33029588325716,-33.918769562163725],[123.2869067321445,-33.97986024349467],[123.16307754290565,-34.01662120663604],[123.1519974944422,-34.010621196873224],[123.16540745225238,-34.00839109653816],[123.17215732053404,-33.98952084627988],[123.14846729380093,-33.97628084678468],[123.16107705076189,-33.94592049632605],[123.1338971435814,-33.90436000677303],[123.08312719038896,-33.87151991784377],[123.02272732932076,-33.85663035925474],[123.0048575826234,-33.87080050976926],[123.00226769355358,-33.885500659907954],[122.97906781725743,-33.88740084049461],[122.97589790828847,-33.902300980648974],[122.93509817410109,-33.88609093158791],[122.82939865154137,-33.90996171438603],[122.7738287890605,-33.87772165565043],[122.74776896381586,-33.89581193641517],[122.61869951392976,-33.89282250977918],[122.58165983063199,-33.91630273087963],[122.5855898906497,-33.93287283085813],[122.59736982896882,-33.93726284056718],[122.57154009394912,-33.961403101374955],[122.57504997289608,-33.94832299121599],[122.5575800151885,-33.93660293162327],[122.53606008851378,-33.93525298219229],[122.50967030335828,-33.95340315299179],[122.50073021410608,-33.93649306314802],[122.44444036226317,-33.91921321458557],[122.36421074461734,-33.91350362675243],[122.35416090697052,-33.933103867127066],[122.32629105117478,-33.92889390787626],[122.27451150052443,-33.95946441946796],[122.26825215185616,-33.96813468968585],[122.2773215317421,-34.00073495959465],[122.24944173628228,-34.00458515039309],[122.2270311791351,-33.9879950309396],[122.19326182563157,-34.01717547203592],[122.16531245942616,-34.002425202754075],[122.11358273816941,-34.017185774300344],[122.11253240764077,-34.00035560424711],[122.09330257076651,-34.00282583480998],[122.11899210578764,-33.9800153539618],[122.08539166787392,-33.90278483454165],[122.00101170801808,-33.82928496661624],[121.9151121118107,-33.838244919174805],[121.89398204618303,-33.863505059922886],[121.90810601414368,-33.867494159525826],[121.90049193582173,-33.87898522980715],[121.82928237738497,-33.88886549196794],[121.78988348441975,-33.90903543324505],[121.69509394717346,-33.861196395870294],[121.64469420667582,-33.89816492758852],[121.62767604806642,-33.86929640796807],[121.54659429889946,-33.82797593026608],[121.50484618593399,-33.83958715162156],[121.46774212097237,-33.82284533269991],[121.42856123741784,-33.83021739396762],[121.36188403714588,-33.815429036006336],[121.34946089976007,-33.83023837647408],[121.29900253739207,-33.825031258061344],[121.26850190333563,-33.850697369166454],[121.19870599394498,-33.84456728139399],[121.17714511885575,-33.87759441225598],[121.09984531955725,-33.84849491464584],[121.00793114505947,-33.87273501780594],[120.86854595602252,-33.85624642240865],[120.84110489076528,-33.865682973385674],[120.81137400642122,-33.8863833844982],[120.81348395639839,-33.89263640445631],[120.59348200044228,-33.88623226203425],[120.55338003756071,-33.903157393524225],[120.55838787795518,-33.926399133459036],[120.43658009933812,-33.97186798799402],[120.23107526943716,-33.93239240523388],[120.12660224694227,-33.954473429182904],[120.0421780884715,-33.92335434217642],[119.99137867708352,-33.93588474413977],[119.94440541670781,-33.977873186107836],[119.85076362091775,-33.96982281962696],[119.81638007704875,-33.983462411006265],[119.78174213486801,-34.026718962538794],[119.75044448055826,-34.04081450381071],[119.74322471236826,-34.05297383414628],[119.73840580321037,-34.05451791433968],[119.73385987427021,-34.06072807454441],[119.65030882889917,-34.08768293791526],[119.6402796918815,-34.11261622842277],[119.59747209985653,-34.13457303020049],[119.57853305428972,-34.1601320710629],[119.58783482343304,-34.17083264074706],[119.53492567465865,-34.22136883306465],[119.50373220341044,-34.28800100460622],[119.48211975634118,-34.27951433542414],[119.45712992084543,-34.289061626461645],[119.50321711362622,-34.29033603463739],[119.50745794691109,-34.3591139647866],[119.54185028281366,-34.3828206435369],[119.5698980480035,-34.37661128240375],[119.57628809759221,-34.38716740220127],[119.50272882067766,-34.41145947521484],[119.47811866405212,-34.402146896147876],[119.49247853124403,-34.39303240553621],[119.48252217179694,-34.37521433584915],[119.41574437228519,-34.37327510850008],[119.39085228892802,-34.4194320397082],[119.4186282068091,-34.45890733877789],[119.39020037137557,-34.459581889918375],[119.38215288416382,-34.48535130035899],[119.35574386774826,-34.47469147137072],[119.36620056536641,-34.46246924089449],[119.3464022675655,-34.4462102716162],[119.28986140690299,-34.45196653392538],[119.27115173089094,-34.469047884761764],[119.28485748130947,-34.51307134440711],[119.25781872596602,-34.51885655553032],[119.25450003742871,-34.534586755736846],[119.22225517238209,-34.53131814703437],[119.23937082874959,-34.516163756268135],[119.2178937110917,-34.49794782706022],[119.18072193629621,-34.48587520852448],[119.1522403413505,-34.494496979731736],[119.06911984244026,-34.45879900299787],[118.96091498919587,-34.45126387747069],[118.91180107771775,-34.462864569585186],[118.90096868027405,-34.47642684010267],[118.91417820981232,-34.50316403966741],[118.81160881654358,-34.509459174033225],[118.75536159775746,-34.54555945659295],[118.74545097234513,-34.59365588723275],[118.7817192275039,-34.60898750575317],[118.72239545999581,-34.65687967850344],[118.66609224970377,-34.6677873409721],[118.64520779453241,-34.691207821977706],[118.5198478363161,-34.71743775754075],[118.44015412190393,-34.760743041229325],[118.40043873238497,-34.82384038326079],[118.39708562635917,-34.876631073642244],[118.4224166225825,-34.881445812545145],[118.42775796284212,-34.89873099238602],[118.40343531794103,-34.916690513538455],[118.33404915750295,-34.89142380650222],[118.29970145439177,-34.91184425812187],[118.22366503720812,-34.919844121561034],[118.21100987085116,-34.9439355122356],[118.17533360636547,-34.94007988382602],[118.17256821865405,-34.96773226407192],[118.21071035321539,-34.978831002402025],[118.1946562687612,-35.02310864331835],[118.1674637713125,-34.995215604422626],[118.10876879019888,-34.98588844703945],[118.0348115145083,-35.02041259055916],[117.96188555583693,-35.01311614387197],[117.94881252719084,-35.00187509442504],[117.97972032143971,-34.99091571295538],[117.98146972770549,-34.94001006265334],[117.97693894925132,-34.95201027291381],[117.94894108320965,-34.94363670416579],[117.94868945695785,-34.99815804441455],[117.91868989307329,-35.01656450587854],[117.91954745424546,-35.035771515922285],[117.85960676335452,-35.02684253865986],[117.84825862643409,-35.04488352926529],[117.90930066923488,-35.08443147660676],[117.92786449542861,-35.0728711956992],[117.91040362694372,-35.05354905642193],[117.92036425446018,-35.040856835906624],[117.94360362415263,-35.09165032505477],[117.95008259295217,-35.08949124474693],[117.95787965208437,-35.09535726441339],[117.9791253086988,-35.09637143344096],[118.00227039433378,-35.08750993234045],[118.0212196526355,-35.10791508156129],[117.97620362932732,-35.09862717358497],[117.94826500589222,-35.128261714998665],[117.9408738661685,-35.1146856052804],[117.89881820361042,-35.12343393726039],[117.76216229106625,-35.05450111332491],[117.68560658270715,-35.04333212687565],[117.64461224066842,-35.062108778893744],[117.65140051108254,-35.08375799866561],[117.62842792685299,-35.11282874987845],[117.63970584653775,-35.134467919437036],[117.61124629108721,-35.13332387078148],[117.60559959073709,-35.11529406097226],[117.54864357767865,-35.0825219635439],[117.51436876268075,-35.07459998514874],[117.48527038842202,-35.088956056605376],[117.39748844859231,-35.031964240592096],[117.33247731846029,-35.02279885370713],[117.39575768645344,-34.998127040531095],[117.42849190283272,-35.021605969049794],[117.46577690671977,-35.02053037724902],[117.45156869827458,-35.01005259788789],[117.4795735325689,-34.99351487646998],[117.45520996462095,-34.96694397752773],[117.42907433020483,-34.98605750886944],[117.36916586870215,-34.96947358169685],[117.35476403271792,-34.99303632249665],[117.33423723608416,-34.99369844349725],[117.32643831904751,-35.01737385397788],[117.3370413885717,-35.03462589353561],[117.32607756101325,-35.043883114108574],[117.27213359810074,-35.021061106643366],[117.19525216025097,-35.01709025039896],[117.16472411590748,-35.02694463194567],[117.15047985073429,-35.06146624279565],[117.09795748711089,-35.0324205452736],[117.01893598012236,-35.035498339221974],[116.9568548589662,-35.019350092263814],[116.92123878807352,-35.06433592424505],[116.88456217277555,-35.047795696025666],[116.8619976570858,-35.05660826720393],[116.76828423908975,-35.01470720179018],[116.74193208393427,-35.02249246316871],[116.74541791449633,-35.03738783305302],[116.70720855003268,-35.02894291497357],[116.63038496487621,-35.06082124905794],[116.61032325601562,-35.03326725997863],[116.57230570213727,-35.03300489194512],[116.5328579663133,-35.00442507387391],[116.48167471547457,-35.016142956589846],[116.43634460953086,-34.9740331487858],[116.25073997173993,-34.87604117817891],[116.13705562749854,-34.84473093412388]]]]}},{"type":"Feature","properties":{"STE_CODE21":"6","STE_NAME21":"Tasmania","AUS_CODE21":"AUS","AUS_NAME21":"Australia"},"geometry":{"type":"MultiPolygon","coordinates":[[[[144.0491712367439,-40.06780842012951],[144.05087684573263,-40.07408179027618],[144.03715186768756,-40.08001077942286],[144.03674284709064,-40.08616778943204],[144.02612685861095,-40.090689798772175],[144.0269568679977,-40.09484977884987],[144.02330186900957,-40.09194879859698],[143.98966887471119,-40.09822678646324],[143.92412685366963,-40.13033077243324],[143.9300668602632,-40.15121178293512],[143.92648486052016,-40.155110782727654],[143.9269138801884,-40.157403792768434],[143.92546487040036,-40.157990772678794],[143.9159588537942,-40.14345878198491],[143.9008358871182,-40.13936978099162],[143.9044318983908,-40.12138079111825],[143.87528089443921,-40.11675077922458],[143.8761658644202,-40.115375779273265],[143.87486990476967,-40.11442678918487],[143.87582689469306,-40.11345577924049],[143.87385990523606,-40.11189977910565],[143.87647188477888,-40.11153476927066],[143.8735068856769,-40.10845577906316],[143.87639388535786,-40.10633676923564],[143.8761168863916,-40.09729478916568],[143.86807889876877,-40.089462778606226],[143.871991918631,-40.0838747788242],[143.87090986926526,-40.07992076873214],[143.86550189154593,-40.06835277831939],[143.8580149033689,-40.06464677781936],[143.8883668784802,-40.05658777971441],[143.89299289255268,-40.01091978974626],[143.89251787308058,-40.006876779692405],[143.88526989506718,-40.001209779195435],[143.89167713468854,-39.993498039561004],[143.8796638997251,-39.96795776864383],[143.84375191936405,-39.94157277619524],[143.84453200119498,-39.923208826138456],[143.83377293342753,-39.92135077544094],[143.8671779265831,-39.83347277706356],[143.844245643544,-39.715554754910784],[143.92271337385608,-39.66885960965954],[143.93462379492297,-39.63819627024444],[143.9242145914721,-39.595274179324754],[143.94795301874714,-39.579402750755875],[143.98439566963305,-39.60097031322693],[144.0053863061859,-39.59662398455432],[144.10996698861655,-39.67094145175775],[144.1016621001143,-39.763344251759435],[144.1279237987681,-39.8221252438085],[144.10501920551468,-39.89128144272369],[144.11139261184803,-39.913802553268624],[144.1369297555123,-39.927658205009116],[144.13303298079313,-39.977332825044456],[144.10081286123517,-40.02879879324983],[144.10620185857977,-40.043674793685945],[144.0491712367439,-40.06780842012951]]],[[[148.0223552134465,-40.41662744145012],[147.9886755691438,-40.4211442787555],[147.98727105411217,-40.387083208441936],[148.0798033633151,-40.33982994565026],[148.14380325185496,-40.33615772082669],[148.19186151007847,-40.356205694858964],[148.21070822190464,-40.317812036170125],[148.266869658221,-40.340690250895136],[148.28224987829316,-40.31962511203011],[148.3172454928912,-40.31155123485119],[148.32979467346294,-40.290749425758236],[148.4070835767829,-40.377984242630035],[148.45149501866655,-40.3766799362861],[148.44851453515142,-40.405511506209876],[148.48189161474482,-40.43491710914135],[148.43731352238137,-40.43994579548795],[148.43087670001066,-40.46524254510561],[148.41381949366522,-40.462014143679916],[148.39795932276462,-40.48944326253418],[148.37799018833348,-40.476547000814286],[148.35056022118675,-40.492821768654096],[148.3099319781099,-40.42671987492995],[148.27342424463595,-40.428972511951585],[148.22677932818863,-40.466070738355064],[148.19597377824593,-40.43549878566096],[148.14249525652497,-40.44809080137892],[148.1512555840848,-40.45379550212521],[148.14013735522798,-40.46057136126042],[148.12772120047055,-40.439676650128106],[148.0603677212302,-40.45326106474203],[148.0223552134465,-40.41662744145012]]],[[[148.0665593706771,-42.67440467784754],[148.04971648689576,-42.65566850637944],[148.0254829699711,-42.66817474448524],[148.00932698430182,-42.66117373313975],[148.03789195026695,-42.649183625385966],[148.02460971588533,-42.629552824203024],[148.06856856577818,-42.570112477438585],[148.12014673309756,-42.58499780170928],[148.14067739204515,-42.63115523363299],[148.16898386374578,-42.648180676032176],[148.14452426585393,-42.66735945414459],[148.0812775895662,-42.66174416897237],[148.06821766932345,-42.68122343801936],[148.0871222942433,-42.68946128959857],[148.09303309834888,-42.720873380250346],[148.06528671453896,-42.717324657979084],[148.01379019136033,-42.74209036394318],[148.0387483449011,-42.68409273564644],[148.0665593706771,-42.67440467784754]]],[[[147.9037291547297,-39.98497239933489],[147.87995186965972,-39.9072340069622],[147.84781114683122,-39.89801834432926],[147.8045512023065,-39.91656400097644],[147.74820408846074,-39.8737464462216],[147.80366251341053,-39.83534952042113],[147.84384491579064,-39.837043023647695],[147.84091138013602,-39.80879887324395],[147.86972144782055,-39.7867143954217],[147.84798351666362,-39.7506569434629],[147.88419165859008,-39.76131007643108],[147.94276396348155,-39.719637080890955],[147.96406298850462,-39.72761864265474],[147.95579325942504,-39.73200973201458],[147.95596316764767,-39.74492726210566],[147.96674048189433,-39.77285140314149],[147.96751756360788,-39.759140923122054],[147.99071053663064,-39.779261865113476],[147.9606761187867,-39.73011871239674],[147.98575886975752,-39.762888234615815],[148.09486204573832,-39.86573886405922],[148.1210712968974,-39.895133756362696],[148.12247731632357,-39.897434726490665],[148.11783134757945,-39.89450578609573],[148.11426244792867,-39.89675185581927],[148.1116384286226,-39.895209885596955],[148.10896344918746,-39.89467891537657],[148.107978459339,-39.894895935297896],[148.18609500786116,-39.94659493196103],[148.17098284119834,-39.94257645070578],[148.1772504087412,-39.95204596127279],[148.2911399059515,-39.96510536065546],[148.28626196260635,-40.06791011086789],[148.22328592690218,-40.121032526032764],[148.27916365718582,-40.11641491057467],[148.28765684056316,-40.08077120105858],[148.3341724540653,-40.20910450563478],[148.28329591042032,-40.231365131594295],[148.25893351794937,-40.20984973947275],[148.21028767688165,-40.21068184550285],[148.1932085689194,-40.21889591415817],[148.18540128607808,-40.24984125370462],[148.12211018452552,-40.27402165869641],[148.04611479209103,-40.24949342238787],[148.02521675925072,-40.225803080557014],[148.0418771491326,-40.204115681776685],[148.0176319582606,-40.17054727961698],[148.007023939175,-40.1053557783735],[147.96391318130753,-40.075123644714935],[147.95365492994958,-40.098992014029726],[147.9338547524004,-40.03463447205318],[147.85902155778797,-40.02337932597387],[147.9037291547297,-39.98497239933489]]],[[[147.73388924680683,-43.09269431335759],[147.68419074566606,-43.102425069449865],[147.62383334330295,-43.06777319446714],[147.61942795330964,-43.00608300378487],[147.68398129326064,-42.98377625879309],[147.6658644236231,-42.93885307710898],[147.73136733741546,-42.957152322424506],[147.70804299536977,-43.00354214081588],[147.7269168092256,-43.01870123240229],[147.7184581596026,-43.027962421777836],[147.7404327571135,-43.01410307345575],[147.7493837609229,-43.04336608432827],[147.7667397589232,-43.03265907565684],[147.77383371414783,-43.05492508634402],[147.80669075861763,-43.04641206892691],[147.81379872503496,-43.06059707957273],[147.84070571949988,-43.06038709172838],[147.8359265933638,-43.04110228124098],[147.84544072295267,-43.03066907194776],[147.8599707459566,-43.05743008325842],[147.8724475384652,-43.0233496040764],[147.92500004873116,-43.01587572826348],[147.84686436528517,-43.01304462196675],[147.85097824520176,-43.00790353226907],[147.8379034803358,-42.9915484211317],[147.8567833577873,-42.982504212597604],[147.81131612017606,-42.9622414988423],[147.8658781011934,-42.94703085313575],[147.85774904459078,-42.93544547242027],[147.83705303701188,-42.94783412082687],[147.8332687497508,-42.934643680451956],[147.81489560305798,-42.93785590899693],[147.82182940607842,-42.90787122938988],[147.80290580214216,-42.89322002779476],[147.87641981770457,-42.888658603665974],[147.90780980826378,-42.908741036299126],[147.90396191298368,-42.88234562584619],[147.86112829287805,-42.87498153236351],[147.89171062141938,-42.842512534644285],[147.9201169555191,-42.84300215693271],[147.93986027638167,-42.87716357870901],[147.97089264194233,-42.86421038114187],[147.9578053519867,-42.88192350018196],[147.9988662286752,-42.9145525236752],[147.98343621785395,-42.941246952573096],[147.99951453110754,-42.964193023996806],[147.96133061599951,-42.98405269102029],[147.9264341676364,-43.02121472840786],[147.9355284337009,-43.03495961921489],[147.9502212506976,-43.034751420398315],[147.9450705080943,-43.05921562011511],[147.97073068628043,-43.102543542419234],[147.98109366341072,-43.10736032328207],[147.97731791290008,-43.115949403023414],[147.98061707111114,-43.12329538332946],[147.95435967455197,-43.13658554128151],[148.00582170351626,-43.13904465545148],[147.96369512432022,-43.19167050233117],[147.97270233073482,-43.203038543119376],[147.99270951468074,-43.21560250480317],[148.01148042985713,-43.22170512635383],[148.00135584105652,-43.2276896155671],[147.99394270346227,-43.221969574937056],[147.9849378249248,-43.2246786942239],[147.97148373890636,-43.21683272309511],[147.94963098360802,-43.215776941326],[147.94516440771747,-43.19466675085237],[147.89663492835342,-43.19098138692417],[147.89468605668156,-43.13819598648349],[147.8864279706339,-43.12325110573895],[147.86729514369893,-43.12926819423389],[147.86333712772557,-43.10784340380062],[147.85038871797957,-43.12408608284863],[147.8661001327488,-43.13726816418097],[147.84555768445577,-43.15433408262379],[147.86135472958875,-43.16493608394876],[147.87033471968937,-43.15182707459947],[147.85300371913084,-43.179564093356966],[147.87625767247982,-43.19169709528971],[147.87462068062,-43.2063510952369],[147.8444766997102,-43.18752008271546],[147.7974337150119,-43.21744406910632],[147.79973368080783,-43.242327069423894],[147.78945670401723,-43.235186068563145],[147.78561971440112,-43.23796007827104],[147.7825736876476,-43.22049806793373],[147.77642570002453,-43.213157087402685],[147.71730071446524,-43.19882507260534],[147.71551473788767,-43.17833307235295],[147.6945607138987,-43.167204080623776],[147.69817972634183,-43.1457000707964],[147.68514474008998,-43.138687069720916],[147.70340072875777,-43.122132061085495],[147.73212973250673,-43.124084073386236],[147.73441773394245,-43.11123407349961],[147.71908473834648,-43.10299108223235],[147.7475201710949,-43.11211139455006],[147.73388924680683,-43.09269431335759]]],[[[147.2342600814032,-43.361608965436],[147.22234123708384,-43.33983344439329],[147.2710845333392,-43.2955063779506],[147.29086136704746,-43.2417755692055],[147.305819795848,-43.2970030406678],[147.3176430537014,-43.29475986157911],[147.3578882409928,-43.25578573451787],[147.34116175986006,-43.21906952301277],[147.38328074285366,-43.20689776624514],[147.378966088271,-43.17603349574162],[147.33179404675005,-43.185284322099406],[147.3423034867938,-43.16998092283909],[147.2994933741303,-43.1808525895529],[147.30095906563184,-43.168449369600786],[147.27601191110986,-43.16653171764484],[147.29608066831167,-43.15702621915888],[147.28212314306734,-43.14431907800211],[147.31020860868034,-43.13428657013959],[147.32922806210235,-43.15226169172178],[147.3372224727298,-43.13654337226239],[147.35591247822745,-43.140745313746976],[147.36116257110146,-43.113561934011955],[147.32841331537284,-43.13098534154393],[147.33008668737236,-43.11486801158818],[147.30663687246698,-43.113369139748414],[147.35735682916504,-43.06364911344566],[147.40071830090275,-43.12708173718431],[147.3924744774495,-43.162418236727454],[147.40912409303658,-43.1688791180682],[147.41077589805283,-43.20053442836753],[147.42668080389979,-43.20623925964691],[147.43291163771156,-43.23951554031459],[147.426235057054,-43.25347081986474],[147.40969100236936,-43.24080791849801],[147.36863503864132,-43.25650760536316],[147.3238262915379,-43.30069483209387],[147.32704671237823,-43.35855639265402],[147.3344358494819,-43.36772233328043],[147.34864766638296,-43.36851712439621],[147.36769705504813,-43.35042076579097],[147.38149053805378,-43.37828381702004],[147.37894583682046,-43.39028095688449],[147.36450190958416,-43.392108085762736],[147.33796809059174,-43.423135793851394],[147.34445541709596,-43.43760985443569],[147.33451759896568,-43.43911000366646],[147.33128767927684,-43.441612053427235],[147.32075848737836,-43.46955545275267],[147.3272121919599,-43.49709144340301],[147.3018678347225,-43.51461162151625],[147.26315072682365,-43.48787432835549],[147.24636305968116,-43.49252158707293],[147.24586889743466,-43.440383106757935],[147.2015045472694,-43.43700365329113],[147.24037561060058,-43.426667076257644],[147.24171834218896,-43.41389197629426],[147.23618352252694,-43.41953508589362],[147.2272634654245,-43.41255714516282],[147.22001562684028,-43.41330025460333],[147.20286310974893,-43.41808648329618],[147.1989857566385,-43.4449447231377],[147.20352383447724,-43.4531846835338],[147.1795616568857,-43.47124316176982],[147.18284216361815,-43.4888502421176],[147.1554607801341,-43.483793589968165],[147.146539270121,-43.496767789345924],[147.13295134916635,-43.454428578069866],[147.1146143055284,-43.43728061656077],[147.09390242118525,-43.428384734913394],[147.09715096283114,-43.41235452507919],[147.11589863902907,-43.41136433652248],[147.15252706447794,-43.45828440960573],[147.1728594896477,-43.46201415120116],[147.17427299288767,-43.43779591118229],[147.19241054033193,-43.42914968254345],[147.1678915984732,-43.408724790533206],[147.18585879776958,-43.387644381814546],[147.17910137430542,-43.35254218110362],[147.2052513144103,-43.38273609329378],[147.2342600814032,-43.361608965436]]],[[[144.86956862490905,-40.725018858378],[144.87644661525664,-40.71075485876489],[144.8718356499294,-40.678585858266906],[144.92939562544288,-40.62230686187078],[144.93738562066963,-40.649759862574165],[144.95443060709619,-40.65218586375385],[144.96203760485915,-40.65870884431188],[144.96798863370915,-40.65872585471947],[144.95476260971213,-40.62946084364634],[144.991576607827,-40.66999085640059],[145.04931758545948,-40.68033485042667],[145.0678855678309,-40.714351861899964],[144.97694361619426,-40.70767285561311],[144.8937426084121,-40.74046686011335],[144.88264562113733,-40.73556485932896],[144.87280661429168,-40.724941838598056],[144.8724056243951,-40.72472185856949],[144.87075264472904,-40.72460184845624],[144.86956862490905,-40.725018858378]]],[[[147.25748926364113,-43.10680892588139],[147.27209243884866,-43.11890059708385],[147.24638965370372,-43.122298885100534],[147.2627256290129,-43.131193866420105],[147.23858920066579,-43.15443469466601],[147.26097861595386,-43.22350368677861],[147.24251720331847,-43.26808637557973],[147.16772513675102,-43.28336741985296],[147.1421497738715,-43.27120272780702],[147.15117009634508,-43.24111168834473],[147.0891862088988,-43.243960253567586],[147.09245048188492,-43.21855102368382],[147.11330705809624,-43.214600475273805],[147.11416093848533,-43.21067240531879],[147.11736482773526,-43.211230365569435],[147.11769482769344,-43.21104237559392],[147.117829807731,-43.21058734560192],[147.10184905165312,-43.20654966434544],[147.09444951587082,-43.18802874367495],[147.10902323322486,-43.185278324785905],[147.0947488185679,-43.1688866235956],[147.08056379231866,-43.16339491247134],[147.08648277684438,-43.19281496308556],[147.071812298539,-43.20231936200456],[147.0833272755032,-43.20668815291623],[147.06193017732335,-43.22508742136434],[147.01035255311166,-43.19028212720804],[146.98441379865514,-43.18941945521083],[147.0562657351427,-43.039676329934025],[147.0340457038763,-43.010878308068015],[147.02325484604475,-43.01137754724044],[147.00703932895755,-43.014553026010795],[147.00166783967148,-43.01736499561316],[147.03302370401352,-43.01140233799217],[147.05468874542646,-43.03998237981416],[147.02969157795079,-43.05863962798975],[146.99135208733398,-43.11872218536506],[146.993012435568,-43.12864219554573],[146.97245512843415,-43.13857125402097],[146.98069481380458,-43.15890421476212],[146.95954098861912,-43.15611647312451],[146.95275727936234,-43.16082152262971],[146.94997429951363,-43.163826972432524],[146.97445922361698,-43.16930432433926],[146.97190042918217,-43.20398659432839],[147.06454853331437,-43.24908871169437],[147.10013816991903,-43.29020450466],[147.0805775736991,-43.29241384316173],[147.0653346610548,-43.332800512201224],[147.04504664827775,-43.31228952052869],[147.01192064471942,-43.315820097998476],[147.00416435351192,-43.33548438750695],[146.99383960574082,-43.335066546711474],[146.9875234281826,-43.32732753618522],[146.98102434982235,-43.32541859567612],[146.97624632082685,-43.325410655309376],[146.97169948149232,-43.327420714971204],[146.97881576826492,-43.33945174558127],[147.0077174516133,-43.343471427822514],[147.01932404055916,-43.333883198663926],[147.05931047938964,-43.35304985184459],[147.01666625109237,-43.40326381882827],[147.01762882507333,-43.443441939115424],[146.97302667614724,-43.4318923656279],[146.95055734865076,-43.4473667439869],[146.92364335891054,-43.41556977175718],[146.92363590541777,-43.43982388188518],[146.905878731904,-43.42078592042599],[146.91564014606257,-43.44705400131171],[146.94180049156873,-43.439946743276636],[146.94867241822288,-43.45308481387275],[146.9832286706996,-43.454693376531765],[147.00179866316856,-43.479639238090186],[146.9807820765052,-43.48724347651629],[146.97255002093794,-43.468624555785965],[146.94203299601057,-43.478107973496535],[146.92899665608476,-43.49666149259638],[146.94370863075576,-43.51201170380423],[146.97675415730748,-43.4875785162089],[146.9778882061376,-43.49400354632994],[146.95416244857645,-43.511796654604204],[146.95282997579253,-43.53297469461396],[146.92410532225975,-43.530287982399706],[146.91726175139573,-43.546283101960476],[146.90367379533575,-43.538928220882454],[146.91085308739724,-43.51413605130047],[146.9007882492662,-43.515937180540426],[146.87737451814934,-43.55801754897394],[146.9037363119838,-43.56203030100915],[146.87259615458666,-43.58970275877625],[146.91679432824117,-43.56877516204341],[146.92155505282295,-43.599222212568186],[146.87361708950527,-43.62335436903138],[146.87098138785768,-43.63861348891049],[146.8266291866399,-43.64307892555284],[146.83128264968877,-43.615103705760056],[146.78514918162185,-43.600276982172694],[146.70537921382243,-43.633359606299],[146.68609587317442,-43.59668755464805],[146.6601225071178,-43.60770687274442],[146.6582509716856,-43.5785156824496],[146.64013351426206,-43.58742289112997],[146.64496830424397,-43.580352811457296],[146.62366530133048,-43.562369859757105],[146.6085187135919,-43.56907003865201],[146.6100425145896,-43.5597879487178],[146.59936575655271,-43.56191906792566],[146.60755340648296,-43.55019389847993],[146.57519254698119,-43.5246129259119],[146.57828673192557,-43.485121555936026],[146.559393788792,-43.464870494410285],[146.55141576403926,-43.5103799940518],[146.5960784598732,-43.543472937581235],[146.5421802041738,-43.523255173426946],[146.50874490115197,-43.52405345092607],[146.4864607030836,-43.54384385936322],[146.4740387670305,-43.53456675838595],[146.46932789690106,-43.54256765807616],[146.45267784158503,-43.53441995679011],[146.4055697108285,-43.53980338330732],[146.34472951753256,-43.512817958643936],[146.29014173467252,-43.54464687476753],[146.26665592190122,-43.52862413294711],[146.2729095447844,-43.498436903250266],[146.2160123786517,-43.48555183898428],[146.20803306339522,-43.53554536865969],[146.19309628595528,-43.53997156758349],[146.17757014322927,-43.51136142629116],[146.14800935087936,-43.50147361406777],[146.14715867734742,-43.5282668741463],[146.11044103579812,-43.52361419142982],[146.10988440128736,-43.55706152156476],[146.07945636999054,-43.54095956925353],[146.02991627653876,-43.56993657578838],[146.04282524225448,-43.508534576407534],[146.02915924124414,-43.46429382517799],[146.00574672627044,-43.46388290346992],[146.0180361248703,-43.45508121431873],[145.99738432585087,-43.40693189256105],[145.97124205186816,-43.40343296064137],[145.96453010613624,-43.38259913004375],[145.93426179141724,-43.390871187890426],[145.92147172543278,-43.38128329691259],[145.95324603169357,-43.35937430910166],[145.97076120658056,-43.36968619042831],[145.97747132708975,-43.355560250841414],[145.99365735837765,-43.39423898222285],[146.00190559056844,-43.36546214267123],[145.9892504556479,-43.3478792816574],[145.97508331847084,-43.3491422906339],[145.9868224786964,-43.329309381382615],[146.00310162312056,-43.344945252649865],[146.06801087827992,-43.35312852742712],[146.08351136247833,-43.371513218657306],[146.09160198173586,-43.36446691921185],[146.0583134115148,-43.344485256673075],[146.08619239596243,-43.342021828697455],[146.13054587474502,-43.35545073201639],[146.13717690091664,-43.37306665259579],[146.1267040230446,-43.37369380183118],[146.14006203567857,-43.40662065298468],[146.1517919219611,-43.415559483892615],[146.1664155384253,-43.418739064983306],[146.143868984665,-43.408125593271926],[146.13463098097736,-43.37653170242738],[146.15694678411288,-43.392078414147086],[146.17677143129367,-43.38213313555096],[146.15538060848422,-43.36280041387734],[146.21026878678128,-43.36356266791729],[146.20907490536513,-43.37562067789316],[146.21630972241346,-43.38589445848033],[146.2202055811343,-43.38918231878473],[146.22333250048993,-43.389061259014504],[146.2128977761596,-43.36404161811344],[146.22668349365603,-43.36108941911354],[146.23165329793423,-43.32259339927609],[146.20862056170213,-43.33048766762087],[146.18906069793962,-43.31519787610038],[146.17637004903725,-43.32665107522792],[146.1761026929969,-43.29833503505825],[146.17108478386822,-43.29968908469665],[146.1735417040208,-43.294821054851404],[146.1728617143315,-43.293606044794984],[146.1713146947118,-43.293212064679224],[146.17109770487423,-43.292365064658796],[146.1702117050688,-43.29230808459338],[146.1690377154815,-43.29110808450076],[146.16844969561507,-43.29103809445718],[146.13641270486053,-43.345610632394546],[146.11187101966365,-43.3483809506105],[146.0718316209961,-43.32744136757042],[146.06981153387665,-43.30953743732803],[146.05712636775107,-43.300791476355144],[146.0656664463789,-43.29765448696225],[146.06718645718985,-43.28939049702953],[146.06447242776434,-43.28937449683116],[146.053264338578,-43.30070246607269],[146.04918031665056,-43.32108036588248],[146.05897742287348,-43.333549316663714],[146.00377464429218,-43.33533132264804],[146.0060147258132,-43.32073339273391],[145.98348047031504,-43.32262145110419],[145.9831104728265,-43.30477955098287],[145.9534212023227,-43.28105283870009],[145.97315539925907,-43.27297877009075],[145.97995834302117,-43.23479194038276],[145.9161241296544,-43.2112495956252],[145.92813215802184,-43.204645516460324],[145.91629017220333,-43.19216075553586],[145.93734716786867,-43.19146752705851],[145.92134287506175,-43.16317821574793],[145.92579320486033,-43.15775438604159],[145.93364994337915,-43.15650424660452],[145.94045883277158,-43.15042625706602],[145.93346295349417,-43.155944266587994],[145.9262432549149,-43.15665141606835],[145.92047698548825,-43.161369285675555],[145.92710717030212,-43.18939963630505],[145.91390617273575,-43.19193176536195],[145.9137202129506,-43.19063278534159],[145.91595620273324,-43.18876376549363],[145.91599719285142,-43.187826785491616],[145.90865324450752,-43.18700088495533],[145.91580520283225,-43.18826678548005],[145.9100411932589,-43.1940738050934],[145.91381715150803,-43.20114271540443],[145.92068016955662,-43.204890605921534],[145.9136501305513,-43.208470655431235],[145.9139271292272,-43.21781957550092],[145.92846809245665,-43.24517724669975],[145.89715091648944,-43.26412636453184],[145.87180185257552,-43.25865963266975],[145.87567479979452,-43.27317247302652],[145.8695457513369,-43.27133154257384],[145.86416777241692,-43.27173560218744],[145.86384376242236,-43.2722005921665],[145.86284377258576,-43.27255259209614],[145.86249370259728,-43.273013602073306],[145.8807006964993,-43.289671253477195],[145.90108791548013,-43.26544730482378],[145.92395304039042,-43.26742012649034],[145.92663794533502,-43.30047383686],[145.89918177115783,-43.300287024870286],[145.87054256418222,-43.32260107291713],[145.85055053055206,-43.30676538138957],[145.84720549027278,-43.31405135118666],[145.83911344195565,-43.31425344060389],[145.85336954085247,-43.30014544155804],[145.8156716517377,-43.27850304872499],[145.82056689453836,-43.25008530892719],[145.80648584767317,-43.24885947790648],[145.7966895137526,-43.219042267043314],[145.80789665268358,-43.2094432877991],[145.78773394977762,-43.188250756235696],[145.76156776461576,-43.193238764381675],[145.75794649917998,-43.1648792939711],[145.72164846062935,-43.13633897121601],[145.73623120018758,-43.11671809215695],[145.71616331583124,-43.106004110661736],[145.69426886876477,-43.11848063916083],[145.68336132346738,-43.10037361828446],[145.66495652788163,-43.09623368694732],[145.67485281923362,-43.07045045751703],[145.6858407368239,-43.071244408306676],[145.6912027361995,-43.067487368670115],[145.68223290034453,-43.05045528793798],[145.6476380578545,-43.04849338545687],[145.64396204177123,-43.02475814506811],[145.60993331095887,-43.00916602256003],[145.5906422398345,-42.97250598099177],[145.4948840973661,-42.99150983430229],[145.49220205259073,-42.95595045392285],[145.50440290099112,-42.94869928474715],[145.4815671280721,-42.93106628303815],[145.48762600912198,-42.913375063371795],[145.45197439859723,-42.897804220770894],[145.42085659299414,-42.837076088252545],[145.41458714160856,-42.780785637509204],[145.38264256981387,-42.768691015197824],[145.3805948828962,-42.74815403494363],[145.39670426107392,-42.736391846012594],[145.36582119358073,-42.68914826358886],[145.36621535770743,-42.65649930344065],[145.3336423942872,-42.65775876116339],[145.33578564708313,-42.63255828117769],[145.3118158135691,-42.62064507943524],[145.28538813753295,-42.632358567650854],[145.2629528335495,-42.62161008602669],[145.30171925842552,-42.59903836861247],[145.30441756143338,-42.571198418650795],[145.27774832796092,-42.56319396674396],[145.28069905866772,-42.55289694689436],[145.2674744644987,-42.52858022583969],[145.25283124834598,-42.522074514783135],[145.25503446213813,-42.48873541475627],[145.23601698814326,-42.47228976334188],[145.2538956781267,-42.443495154431645],[145.2153000758886,-42.3658814913223],[145.22318597561338,-42.35528210181334],[145.19613434462283,-42.327821889782825],[145.21373164734504,-42.27771599073313],[145.20588517188506,-42.25440930006041],[145.19918501410314,-42.24765616955785],[145.18917190678275,-42.24260213883466],[145.1936257476731,-42.22829861906592],[145.19011540094073,-42.20799902871119],[145.16590878697494,-42.19923191698329],[145.1771149054645,-42.19307171772704],[145.19976942898563,-42.20789888938135],[145.20730433843335,-42.20007954986233],[145.2210120503607,-42.24200368104475],[145.25606774001133,-42.26731209362456],[145.25347707786716,-42.288458813559295],[145.28959130119466,-42.28288215604917],[145.29957769741034,-42.29664028682206],[145.3175126251804,-42.28533577801477],[145.3100411822502,-42.320443747683456],[145.45328429219717,-42.40441937820184],[145.4466449093186,-42.43742863791306],[145.47391466232833,-42.52582977031692],[145.4802066075439,-42.475365990487695],[145.46404802508417,-42.442582309168706],[145.4738820433277,-42.44054811985191],[145.45265900749814,-42.44198852836194],[145.4580329073227,-42.434775418701825],[145.4919536619771,-42.422243711029246],[145.53106198043642,-42.449519723945215],[145.55474561675638,-42.44039666557476],[145.59224472756665,-42.45195855830091],[145.59727573666382,-42.450961448653246],[145.60152061629623,-42.44708136893409],[145.6081556941631,-42.45303224943852],[145.61820950308265,-42.445468080113066],[145.6114953757142,-42.435798199582514],[145.62630849136872,-42.445875910692116],[145.64822607818905,-42.43576252219945],[145.6719961121336,-42.4448527739455],[145.66529054273883,-42.527483763915484],[145.67098811701274,-42.562350154511385],[145.71817858366987,-42.590021818036355],[145.741364218748,-42.59112548970389],[145.6718481670508,-42.56070410456388],[145.67327204215016,-42.44271680402502],[145.64578809888428,-42.434258582017385],[145.62577146166183,-42.4444669306462],[145.6129193456097,-42.434353189676],[145.60925740608937,-42.43644323942673],[145.6164195434513,-42.44545608998557],[145.6082996444375,-42.45069023943605],[145.60141260651682,-42.44555136891809],[145.5814186802875,-42.44810177751046],[145.55712359682963,-42.43605882571991],[145.52453198255327,-42.44350413344996],[145.51306084606992,-42.43448932258881],[145.5576192769368,-42.35701520532476],[145.5123716939819,-42.37418309221191],[145.5025935672933,-42.363999251464605],[145.5267414527999,-42.36052578315488],[145.4941227644406,-42.32185394063584],[145.48085760168115,-42.364466649930705],[145.46338272051773,-42.32344648847327],[145.4324713580065,-42.314290796243874],[145.4229957430511,-42.289961415443805],[145.36483198979957,-42.25166352114662],[145.37226258457935,-42.20212537139723],[145.3460547193252,-42.20677666958442],[145.3562974188491,-42.19408727023309],[145.35974546794145,-42.19571027048381],[145.36812837644325,-42.194071191062974],[145.37544546456547,-42.197132221593336],[145.38457845261632,-42.197843212238595],[145.38800741205222,-42.19679015247373],[145.39119933179344,-42.193715062681186],[145.39684139029703,-42.19645510309271],[145.41122439712206,-42.19840505411486],[145.42042637542406,-42.19703396475491],[145.4237011556798,-42.18979177494579],[145.43242819364036,-42.191865785571714],[145.43402806371913,-42.18869268566706],[145.44900637926196,-42.19975585678324],[145.46982819536086,-42.19713066823783],[145.4707612152561,-42.19646464830006],[145.47142306556515,-42.192989578327754],[145.46817292682493,-42.18829850807262],[145.47038088655512,-42.18689447822079],[145.47151380652056,-42.18536043829236],[145.4773598252014,-42.18638240871074],[145.48318668431358,-42.18405734910958],[145.48522079357227,-42.18662337926735],[145.48702882316883,-42.186903369396646],[145.4923906723791,-42.18455229976269],[145.4921755030345,-42.17976521972125],[145.4981584020643,-42.17784117013367],[145.49995836189467,-42.17630613025252],[145.47156779656524,-42.18492440829378],[145.46757195687377,-42.18887352803336],[145.46967318545288,-42.1966566682243],[145.4338360738114,-42.18827468565122],[145.43213214374745,-42.19149777554887],[145.42858211482468,-42.18870972528356],[145.42418612564543,-42.189286764977176],[145.42045918620155,-42.1908738247235],[145.41957935562274,-42.19682697469417],[145.3911183418807,-42.19315803267244],[145.37756841420588,-42.19656120173927],[145.37168639573682,-42.19393216131194],[145.35630135921102,-42.19122717021771],[145.34690491399377,-42.16857148943488],[145.32913901701028,-42.17328571821613],[145.33393161876072,-42.151746938433746],[145.30782861442685,-42.14889309659134],[145.31816908887674,-42.17617182746407],[145.29376716346485,-42.17915398577414],[145.28182228494754,-42.1866653049809],[145.2681545357477,-42.20237487411285],[145.28504275133378,-42.21008400533389],[145.28354351316545,-42.19800263516312],[145.2901634819903,-42.19663361561801],[145.28587689026585,-42.21718922543099],[145.2896870782135,-42.22727957575229],[145.22314168286326,-42.21869192106561],[145.25941436096815,-42.17509188335394],[145.26399836842327,-42.10848389330869],[145.25170338664412,-42.06290888220128],[145.25360521682566,-42.05839179230902],[145.24588507181133,-42.03111093162107],[145.26758438846468,-42.02277289308803],[145.24564603228976,-42.02767994158556],[145.24654813028565,-42.0422089317283],[145.25186226697153,-42.06004382219661],[145.19056467361779,-41.94611942730521],[145.20257141959792,-41.95891488820981],[145.20412015204275,-41.936802218195574],[145.19491441247916,-41.948208877618825],[145.12444081263044,-41.90048603247064],[145.1092074685977,-41.8770937412883],[145.07146593896675,-41.854698508559245],[145.06860543182714,-41.836172868259666],[145.05679334569572,-41.82406319737866],[145.0396244405492,-41.81268286613353],[145.02836646278655,-41.81289986536017],[144.98505831096952,-41.735524781957196],[144.95494695929986,-41.716758629789496],[144.92702624439139,-41.72091983790232],[144.911225291173,-41.69121534665801],[144.91279815178083,-41.68362228672333],[144.92620700989173,-41.677073157603175],[144.92752185031895,-41.671395077661565],[144.93583504805548,-41.676320798257315],[144.93662100788995,-41.67638778831145],[144.938573027532,-41.67611770844346],[144.94110207677795,-41.67815262862778],[144.94142308671294,-41.67815862864976],[144.94185105669274,-41.67762060867605],[144.92491779154537,-41.665595087451344],[144.95551333740536,-41.649305639453985],[144.97610403563064,-41.63007270075787],[144.99394790240737,-41.62726374196621],[145.0052575713011,-41.61780865269007],[145.0347280653457,-41.618382794718926],[145.05107484065473,-41.630048625908955],[145.05405477000477,-41.63049559611667],[145.0590166893847,-41.62746357644161],[145.06209812625838,-41.64796971676797],[145.08123715131313,-41.65710272813831],[145.1037808269565,-41.655881639687806],[145.0903598502334,-41.651039648734134],[145.09709369908032,-41.649469609190305],[145.10405840839306,-41.643731539639404],[145.0656200854259,-41.649018707016516],[145.0806403152077,-41.626308497925905],[145.06835076641605,-41.63648160713504],[145.06072963910353,-41.62696587655686],[145.03481650550324,-41.61694888471705],[145.0510744433512,-41.60799991578626],[145.05142437340425,-41.60699488580475],[145.0512875635353,-41.60614590579062],[145.04835358430398,-41.604647865580255],[145.0505794342702,-41.601289875714826],[144.97474941606595,-41.62872087065748],[144.9182495026409,-41.66756385700661],[144.91744949347316,-41.662031856921246],[144.90514052738177,-41.65012584601453],[144.9066685280616,-41.64200484607374],[144.89712353027502,-41.63949485540832],[144.90066249973913,-41.63807785564194],[144.90587750982075,-41.628806855946394],[144.88830838885673,-41.58318085449391],[144.83957666793657,-41.50555387074315],[144.82131656214827,-41.500759859475544],[144.82240653246112,-41.49635084952498],[144.81137955605507,-41.48469783871125],[144.81358648648617,-41.477448858820615],[144.78528556591826,-41.4457008367238],[144.75860655360336,-41.425752844805814],[144.74589258663858,-41.42147784392205],[144.78989271105812,-41.39508887675319],[144.7594915435157,-41.3411808543926],[144.765817722091,-41.342625884828806],[144.77055966128566,-41.34150584514353],[144.738077589613,-41.325564852857184],[144.74200951048684,-41.31167281304503],[144.7252405750055,-41.30155285185551],[144.71975459610007,-41.3014708414847],[144.71907959673652,-41.29723284141539],[144.71734059726245,-41.2956978412894],[144.72044458674137,-41.294917841494545],[144.71920256777196,-41.2883008313736],[144.722614517294,-41.286645881594616],[144.72263644747002,-41.28512586158757],[144.70592960437162,-41.254740870289794],[144.6867456095223,-41.24321383893209],[144.69485744303213,-41.19998083923568],[144.6928065147358,-41.18897678903558],[144.68213661756496,-41.18281083828218],[144.68197163866324,-41.17377583822022],[144.6760075802861,-41.16996983779729],[144.6779566001961,-41.16747882791447],[144.6731426217653,-41.162203837560746],[144.67389762184,-41.160308837600894],[144.67261461220784,-41.15932983750903],[144.67612960161458,-41.1584948377409],[144.68206161195488,-41.14570479806825],[144.683142713305,-41.13244186806633],[144.67138361488122,-41.13868783730994],[144.67151961607652,-41.12830683726061],[144.6645826083529,-41.120546846750166],[144.67014863765414,-41.1171898371057],[144.67409264677866,-41.11804483737591],[144.67550563658693,-41.11731483746692],[144.6758566566248,-41.11640682748541],[144.67600462640934,-41.11799082750431],[144.6765457064199,-41.116997857535125],[144.67807860049874,-41.0797648574283],[144.65934063680612,-41.057354846041136],[144.681225703357,-41.050193827473194],[144.6839656541971,-41.038471877591455],[144.69527364080628,-41.0484728484097],[144.71495264665677,-41.050965849750646],[144.71924745602269,-41.049203840030486],[144.7219636749936,-41.05342286023764],[144.72455170431712,-41.05485988042046],[144.74616068990144,-41.05639582188882],[144.7752155509117,-41.08427980401203],[144.77452545269765,-41.07032079388645],[144.77982572154409,-41.07128982425086],[144.7823637116966,-41.065793804391724],[144.78951946984859,-41.06955985489787],[144.79159050952643,-41.06885182503423],[144.79173454004152,-41.064260845018055],[144.7905695706059,-41.06141979492303],[144.7950807499862,-41.05918681521621],[144.79541155050129,-41.05428586521093],[144.80077376832932,-41.06376088562808],[144.79818572860043,-41.06575483546384],[144.79754672861358,-41.066701805425865],[144.79073370756765,-41.08681889507764],[144.79286851688954,-41.08900984523472],[144.79912750560197,-41.08951582566193],[144.79117075754718,-41.086267815104165],[144.79546665744067,-41.080052875360266],[144.796339638214,-41.07207579537439],[144.8011056982352,-41.064006855651975],[144.8006254285839,-41.06185586560725],[144.79775371989027,-41.055571875377],[144.79653476027795,-41.05431385528724],[144.7938725608406,-41.05396581510478],[144.7900655806772,-41.06165182489019],[144.7911775896281,-41.06867686500525],[144.78236769172918,-41.065511834390406],[144.77417873284676,-41.069634813859096],[144.77234457262855,-41.0745218337625],[144.7456937800865,-41.05560284185279],[144.68247057461335,-41.03742183748485],[144.65982462719072,-41.053268836050606],[144.65228861942208,-41.04683882550768],[144.64708664059472,-41.04553284515074],[144.64489565096085,-41.046072835006576],[144.63891363222015,-41.045331834600596],[144.63977664245627,-41.04187283463902],[144.631800624419,-41.03845982408422],[144.63327862462708,-41.034208844159416],[144.62903166612094,-41.0285548338424],[144.61477265083695,-41.01210683279288],[144.61247465125837,-41.01235083264019],[144.60734563268096,-41.008768822276124],[144.61662864082166,-41.00912883290051],[144.62583061950627,-41.00497282349429],[144.63284562943662,-40.993828833902064],[144.63089952465043,-40.95246479353728],[144.61175265034515,-40.935703832157984],[144.61478262973023,-40.935903832362264],[144.61836367934197,-40.93323784258729],[144.62066664868934,-40.93497883275163],[144.62949365741372,-40.93114282332214],[144.6330536479679,-40.9204388335004],[144.63541063741968,-40.921195833662914],[144.63753164703994,-40.920903833803656],[144.63977566688405,-40.918487823940644],[144.64229062618588,-40.920265844119626],[144.6488606649277,-40.92006384455984],[144.6558086542974,-40.91385583499157],[144.65685865452411,-40.9101618250412],[144.65648263492315,-40.907372845000104],[144.64920365718737,-40.90013482446984],[144.65191567669987,-40.89978182465008],[144.6582586449465,-40.90420784510153],[144.67698464064523,-40.90977083639273],[144.68582865940996,-40.90558982696442],[144.71319165019943,-40.85329182851155],[144.71302463231194,-40.83550783839917],[144.69719264847197,-40.809114827181666],[144.70286365790218,-40.80455983753792],[144.70220264885864,-40.79746584745299],[144.70602364830611,-40.795843837701334],[144.7086296425826,-40.7548558276435],[144.70015463475715,-40.750293837046186],[144.69127163592285,-40.75506883647491],[144.6863146402597,-40.72606583597566],[144.68112066152838,-40.72380683561308],[144.68247667179958,-40.71921683567819],[144.678367682861,-40.71693082538855],[144.69680766191343,-40.6943888365016],[144.69240368636437,-40.66342083602798],[144.71437865295263,-40.65624882746816],[144.7264536623311,-40.64154584819881],[144.74880366241982,-40.68956283998295],[144.73635365476358,-40.69010784914488],[144.7717596660716,-40.70590885162903],[144.76620465554134,-40.71964184133153],[144.77050264361617,-40.72899183167577],[144.76544162349057,-40.738445831387246],[144.76574662327047,-40.73982284141573],[144.76652965301344,-40.740723851473845],[144.76527058299123,-40.742998811401634],[144.7660215727738,-40.74361386145597],[144.7798036417949,-40.72916784230644],[144.78552265311038,-40.708464842575566],[144.81060263605215,-40.72729690438338],[144.83654964204075,-40.71869085609596],[144.83621759884332,-40.746466886232014],[144.84225658686807,-40.75332279668157],[144.8489076572927,-40.738752847050584],[144.88132763974502,-40.74955185931902],[144.90781262447237,-40.750777851132014],[144.92912707743497,-40.77540588272811],[144.9279756196325,-40.75870188255408],[144.97960935144383,-40.743440056000274],[145.00061315362535,-40.77507647762142],[145.02419163959527,-40.770565089214834],[145.01564097021577,-40.77927527867711],[145.01876510840037,-40.789453288949815],[145.05265948214253,-40.786858761265854],[145.06529091583477,-40.81922176232038],[145.07727850480987,-40.8083385230844],[145.09985575824047,-40.82667742474652],[145.1085480480229,-40.81440917527671],[145.12167662258054,-40.838597296321815],[145.0904419680538,-40.84350352419281],[145.0878940882977,-40.84559857402897],[145.09138001737114,-40.847687544281385],[145.11969952267276,-40.841028916199015],[145.13318583193612,-40.82534912704202],[145.1316117329686,-40.81928108689854],[145.1641523559046,-40.82557985918716],[145.16716316611286,-40.81898575935818],[145.11043667006538,-40.79427500529222],[145.18780358390578,-40.80406840070437],[145.25692523223722,-40.7898373354291],[145.24183266373655,-40.80163071444545],[145.2191511272403,-40.80900508290976],[145.2194071771064,-40.80970509293157],[145.21731817749708,-40.809821122787014],[145.21611224760076,-40.81090013270936],[145.2589945199173,-40.805746515664204],[145.26045482089262,-40.71233485523146],[145.30867755532933,-40.76415886889332],[145.28893156888788,-40.76629587752646],[145.26614625948017,-40.797897316117805],[145.28075767278344,-40.82990450731965],[145.29360750065828,-40.82689127819931],[145.28008600728793,-40.793710047065986],[145.31288340591743,-40.83520003959343],[145.28764200890538,-40.850927587920104],[145.32146356249805,-40.849688060276065],[145.31559940509118,-40.83767502979743],[145.39189887884442,-40.849700775212284],[145.39538009652068,-40.86323585553408],[145.44605482572186,-40.87121688914423],[145.4430248858889,-40.87465599895043],[145.44669204377942,-40.88609102927402],[145.43738319530215,-40.88840626863162],[145.43318824583827,-40.890678388349244],[145.43238228581475,-40.8921504083009],[145.43244926575653,-40.892520408307746],[145.43302330556628,-40.89316541835183],[145.4348402752334,-40.89300438847881],[145.4353752949766,-40.89425537852362],[145.44802206338014,-40.887246009374316],[145.44725585514578,-40.87402388924487],[145.48161858912326,-40.86880291163834],[145.49972726678135,-40.8592784728629],[145.50263309714853,-40.851691323024895],[145.51160399518204,-40.85355919366977],[145.51012421410192,-40.864701353628796],[145.52232841892075,-40.88763538462301],[145.56047744793105,-40.916804037491836],[145.729345091672,-40.94493882968567],[145.7245773196043,-40.96896890948142],[145.7412760243156,-40.98536181077084],[145.7209694691137,-40.978531969277725],[145.7086247712178,-40.98090007840803],[145.70295888329758,-40.973039107958044],[145.70196590350892,-40.972891107886205],[145.699924963731,-40.974293147748305],[145.69689601431045,-40.97436718753221],[145.69646593435002,-40.9747209275035],[145.70905978091147,-40.98268106844929],[145.76853848757918,-40.996867612791384],[145.83887111863635,-41.038846378088074],[145.8298294889947,-41.05000037750028],[145.8360794869033,-41.05695635799006],[145.8410260782367,-41.03868936824246],[145.8770942414501,-41.03684516083371],[145.88472324897995,-41.044668071429264],[145.899110966297,-41.043740922463755],[145.9041919146816,-41.04870784285943],[145.91690438223043,-41.04852726377808],[145.92141699099236,-41.051376784120926],[145.90934494302803,-41.0538627932615],[145.92326315726797,-41.07800261440618],[145.92490535844414,-41.066168924457706],[145.95810433237864,-41.063023076845745],[145.98452233574423,-41.07478857883047],[145.9760644470854,-41.077199758229916],[145.97252459706306,-41.08281283800486],[145.97376771619642,-41.08773681812315],[145.9858493655738,-41.07409493892294],[146.077359692471,-41.11555444582436],[146.10437333649674,-41.12110494783011],[146.11551934434723,-41.12092693864447],[146.119661323795,-41.118934928936305],[146.11978035341477,-41.12172393896088],[146.12783633140324,-41.12517194957031],[146.1253003509818,-41.1323219394253],[146.1288115099157,-41.13530032969934],[146.16743974093347,-41.1466030925956],[146.1522462518836,-41.16228399157016],[146.12077142887088,-41.15569290922664],[146.1253722567941,-41.16489016961575],[146.14463118347308,-41.16147794100727],[146.1421969930521,-41.168459640868534],[146.1457410022496,-41.16932220113321],[146.1488575108363,-41.17559078139731],[146.15191351006766,-41.176929751629],[146.14417540323043,-41.164061610988554],[146.15769019056626,-41.1642694619807],[146.16852830932677,-41.15745693273722],[146.17009580940248,-41.154488202835395],[146.16927279966347,-41.15370618277054],[146.1686757404119,-41.14878712269875],[146.16882469061508,-41.146979082699374],[146.16931467073098,-41.14533306272598],[146.24845212378364,-41.15710633861432],[146.2436052521348,-41.17720390837135],[146.25248390824817,-41.193876019120644],[146.25542392310834,-41.15180723909824],[146.2873148357458,-41.16066904150264],[146.33269531742508,-41.1566129548364],[146.3336873167325,-41.160462934931786],[146.32960525739634,-41.16147993463526],[146.32965818664948,-41.1671599346715],[146.32092526766075,-41.172493944055326],[146.3227562567399,-41.17684194421559],[146.31910333736346,-41.177527923949135],[146.31789230750326,-41.17827195386372],[146.31852517728956,-41.17896792391451],[146.316029087401,-41.181863993746276],[146.31590042736974,-41.18229890373923],[146.3160389472738,-41.182830433752514],[146.35686517247447,-41.158465376638226],[146.36683492609242,-41.19261950757213],[146.34848837821963,-41.203797776275],[146.34774023660557,-41.2173389862965],[146.36418779455394,-41.208419877465545],[146.3598110436241,-41.22213569721881],[146.3885669759101,-41.23822855944489],[146.38635569763034,-41.22834651922448],[146.3888509061544,-41.23592953945292],[146.391803646638,-41.22779546962611],[146.40049320420565,-41.23343097030395],[146.40172763431957,-41.23070938038026],[146.40034056491265,-41.22823937026311],[146.3623389259223,-41.20067399728434],[146.36970024538053,-41.19379497779145],[146.3651185883727,-41.17765542735966],[146.36892732811077,-41.17395700762124],[146.3683293787233,-41.170140987555136],[146.36888830878794,-41.16880532758902],[146.36981938878128,-41.167459987650446],[146.46528205121135,-41.15955546470857],[146.53189932362932,-41.118415579452666],[146.5457212494855,-41.129535960551344],[146.54178209690795,-41.15504265040165],[146.5544011637029,-41.160750571379815],[146.56199929135462,-41.16737053198724],[146.54798734394143,-41.16844766094298],[146.54093657441763,-41.17528278045365],[146.540379104022,-41.17912499043378],[146.55364342244297,-41.171472631384106],[146.5729888163544,-41.18913255293559],[146.56241206734197,-41.19729769218864],[146.57572865173833,-41.22015764331779],[146.56110219218704,-41.23843085232441],[146.57299318974813,-41.239325733221534],[146.57174930957922,-41.242451753145964],[146.56894122036104,-41.240677762925195],[146.56510237061534,-41.24443783265859],[146.56598640032874,-41.245303822729824],[146.56494752989596,-41.250130842679326],[146.56517255973532,-41.25101684270125],[146.5779352486208,-41.24056068359943],[146.57615704985292,-41.233841683427784],[146.5687780313992,-41.233034752869486],[146.58503622190875,-41.205076493930676],[146.59391954406897,-41.25141857486148],[146.60360475180826,-41.25421949560519],[146.60343181151785,-41.25667551560615],[146.60533696083243,-41.25904952576286],[146.60680007050684,-41.25935152587456],[146.60422375172078,-41.25396650565029],[146.59504451395193,-41.25064055494157],[146.6088712234834,-41.23373540588461],[146.60923348627585,-41.21202731578835],[146.58787249014682,-41.21425751419592],[146.5954853693143,-41.20930942473958],[146.57835968589487,-41.18467048331323],[146.60959116326615,-41.15843705550996],[146.60166197567256,-41.151873084876485],[146.56671221091216,-41.1637534723201],[146.56445581362217,-41.14645841205226],[146.63337664294988,-41.125707687112694],[146.64710024448465,-41.093805977964],[146.6790863473615,-41.10075301041547],[146.71352114407736,-41.07502273286937],[146.70759898671844,-41.063708772356996],[146.74452759677882,-41.084762375271225],[146.76838581293916,-41.07882805704521],[146.79866105335626,-41.10682702950284],[146.7922432944019,-41.10832902902408],[146.7881488047049,-41.112031928734396],[146.81364711967245,-41.11267395067489],[146.82009384510127,-41.13764276130767],[146.8008582392836,-41.134279219826595],[146.76324875454824,-41.14965043706042],[146.7706442010385,-41.16526147771027],[146.79018231979109,-41.1460649590832],[146.81794688448235,-41.145428651188915],[146.83901416311275,-41.200019953103045],[146.84499384377605,-41.186329803480184],[146.85758397043463,-41.19301671447724],[146.83407750899315,-41.163117792516815],[146.86012163273037,-41.1721235945514],[146.8778193922482,-41.14997636577416],[146.9231554407974,-41.16975900934913],[146.91561125851172,-41.197774258932334],[146.8975098513946,-41.202539427576774],[146.94578382426153,-41.26018751159588],[146.97473520976544,-41.251676253765304],[146.9706351628146,-41.309207293778464],[147.0049277444993,-41.321212016477695],[147.03377678418568,-41.35578677889122],[147.0584407820921,-41.335675790675005],[147.07686451777437,-41.34098136212463],[147.06896901750207,-41.35435348159214],[147.073931772512,-41.3839554821427],[147.0824913892069,-41.395949672870636],[147.1119800927431,-41.401041985175056],[147.11575463027864,-41.41370629553845],[147.1230584294151,-41.409552596079145],[147.11222493984909,-41.421928345312466],[147.12123718512413,-41.44362639613164],[147.143220292775,-41.42928519774982],[147.14593797389315,-41.41719911789149],[147.14750900315673,-41.42034011803085],[147.15009791247627,-41.42161112823838],[147.15322085201356,-41.420522088473874],[147.15369878244195,-41.41670105848918],[147.15674872175336,-41.41737105872907],[147.1592187109168,-41.419955028934915],[147.15816383057322,-41.423981068876095],[147.16089183954008,-41.42763203910801],[147.1646227589487,-41.42661400939112],[147.16392286871263,-41.4293430393524],[147.1657738578176,-41.43323802951784],[147.17234023609515,-41.43642848004454],[147.17326876615368,-41.43467098010651],[147.1662608777176,-41.433272029555745],[147.16540874877893,-41.42673001945265],[147.1638527492066,-41.42583000932704],[147.16124682952855,-41.42720803913309],[147.15999426074148,-41.420127148995945],[147.1574456516347,-41.41724097878226],[147.15467271234644,-41.41600406856061],[147.144423004168,-41.4173581177752],[147.14210532298478,-41.42934819766393],[147.1270248055592,-41.43212829651371],[147.12786623828492,-41.41093919645856],[147.07977108369832,-41.3668184324955],[147.07528490624438,-41.35452645207986],[147.07677786613758,-41.35316443218719],[147.08109577529197,-41.35317840252014],[147.08262071517737,-41.35182838263004],[147.08447108463935,-41.3531279627801],[147.08764063386747,-41.354251343030924],[147.08894360369317,-41.35366034312807],[147.08266170518485,-41.35171438263256],[147.08106376532527,-41.352979392516545],[147.0774738160528,-41.35278742223869],[147.07645586621774,-41.353037432161656],[147.07519588631283,-41.35415044207086],[147.08260052615776,-41.34463735258762],[147.0724025100435,-41.330678441722156],[147.04588022441874,-41.33660919971339],[147.03999886799804,-41.318657509158776],[146.97817066140308,-41.308766904353696],[147.01539572851294,-41.27637386702663],[146.9765920118857,-41.23323419380259],[146.9456720284936,-41.22885439140882],[146.94466466168453,-41.20654713120451],[146.91200154731357,-41.21195838873739],[146.9373003164398,-41.18176895049953],[146.9612751603947,-41.19209385239402],[146.96542556986282,-41.19004651270033],[146.9003345196137,-41.13697402741814],[146.82779987378467,-41.13629268188603],[146.82691029771217,-41.10806549165704],[146.78660639268304,-41.054110518285995],[146.80712091753466,-41.06298154989466],[146.87480721030272,-41.018825994793836],[146.95926819282758,-41.02747899129843],[146.94768123532228,-41.0255637904002],[147.02090317724378,-40.98025200575592],[147.0727801846363,-40.999670019859394],[147.11604150697943,-40.99456374316729],[147.15900268611938,-41.01367718659869],[147.13442909800082,-41.034888714819644],[147.15789389394342,-41.03138732661459],[147.16171857636738,-41.00795609677606],[147.20267711832918,-41.00899498995617],[147.24945197683132,-40.95346652326987],[147.27984862258188,-40.94167904556766],[147.30256570604445,-40.95768078743028],[147.34562285024154,-40.93946227068668],[147.35543550253163,-40.982267201700346],[147.38427112723343,-40.980432893946265],[147.3989653605732,-41.00851280525905],[147.41212035729376,-41.01397357632178],[147.4257120446784,-41.01395853738799],[147.43039294394242,-41.012749507748445],[147.42983490445005,-41.009824507687796],[147.43211691382118,-41.011209477874914],[147.4345458432609,-41.011886468069505],[147.4350478232747,-41.01107945810426],[147.43489985337118,-41.01058247808979],[147.4327388339992,-41.00903348791121],[147.40519630917993,-41.009928735755594],[147.39705929170833,-41.0028878050773],[147.4414872331541,-41.0029021985629],[147.4907328069094,-40.979336352299946],[147.58283986106358,-40.893150389072105],[147.59482003481716,-40.8491234597655],[147.669690064377,-40.82101417554035],[147.70646548193477,-40.860298928692686],[147.75746083256368,-40.857592562741765],[147.75033296246994,-40.86810867223389],[147.75196309107326,-40.8759446624093],[147.75232896211153,-40.867941652392176],[147.7564769717117,-40.865103582706745],[147.780007235176,-40.87980831467088],[147.8220277761552,-40.88691599807313],[147.88262349719264,-40.86812150282365],[147.8738837968026,-40.88289961220747],[147.9041601717494,-40.877656344609534],[147.91285893128716,-40.86906526525932],[147.88504855538284,-40.87778149307439],[147.88707832697997,-40.86354345315495],[147.95885049707616,-40.76475743835752],[147.95880232845064,-40.75496534829669],[147.95022953061988,-40.75109342758321],[147.94275674181594,-40.752704516990505],[147.93960259430517,-40.73913345665751],[147.94991644133228,-40.74640739753072],[148.03066475545603,-40.750228024072904],[148.03913592066712,-40.772940144890526],[148.03755876248528,-40.76209603469981],[148.08574418170235,-40.77368835867178],[148.13848057384945,-40.82928367327893],[148.17526938679632,-40.82963724627617],[148.14817132124068,-40.83469862409883],[148.1213940475952,-40.825786861869354],[148.11528005042592,-40.813947801303755],[148.12618507523993,-40.83602888231827],[148.17380760579314,-40.83870937620975],[148.1783751374392,-40.82090012647851],[148.19759986116307,-40.83941810815369],[148.22283628541388,-40.84609090025249],[148.2268167503643,-40.87637020075342],[148.26191719139166,-40.89244002371675],[148.32383784596936,-40.98783451934466],[148.34482154197306,-40.98771836106743],[148.349896539943,-40.99511938152733],[148.30158375431552,-41.0291931577579],[148.2968321805429,-41.061932497557336],[148.29386991583004,-41.02893620712398],[148.24950195117123,-41.0510845336189],[148.29815717001912,-41.06381649767685],[148.2695194466148,-41.126013305689035],[148.26804776320654,-41.15178142571689],[148.28490455755107,-41.16858830719425],[148.25287467051825,-41.19092570470021],[148.27194606832379,-41.18059946620184],[148.27563676372344,-41.2076930466598],[148.26697768611834,-41.20264284592174],[148.26201284697842,-41.203320925519215],[148.26912311462402,-41.21017021614065],[148.28529083163963,-41.20923822745958],[148.27929569975186,-41.23042288709005],[148.30385008198385,-41.2514643892235],[148.28799262522364,-41.250233727916346],[148.28761765433367,-41.256921717923994],[148.29592739286082,-41.25600156859986],[148.29957622280074,-41.25152346887335],[148.30039021236652,-41.25344745895113],[148.30652597148577,-41.25133432944223],[148.31211572107009,-41.246726239874384],[148.33882893437226,-41.25740466212893],[148.30778138390951,-41.30221211983693],[148.2906179869693,-41.304024508439895],[148.29544660910943,-41.28269349871349],[148.28160603267125,-41.276542817543906],[148.276996517997,-41.3151877973877],[148.2357418549093,-41.32267069405469],[148.27158484553235,-41.33955978708397],[148.30947841145297,-41.31696003006063],[148.33201336293712,-41.27647574167846],[148.3589505370111,-41.28146016392089],[148.32730876952095,-41.306440671463854],[148.301345035922,-41.366169819675044],[148.2791287694297,-41.37172037788579],[148.29570925621897,-41.37167991924441],[148.26723449873828,-41.46168507742513],[148.26618053035736,-41.45191115728312],[148.2329155256074,-41.46038512461015],[148.23342145805356,-41.442764204551054],[148.22763460079062,-41.431599414014435],[148.22893060870544,-41.44430133419279],[148.22406279008587,-41.4412994837779],[148.22271579036916,-41.44115252366701],[148.2210428504299,-41.44298755354081],[148.2218408097758,-41.44644451362569],[148.20717424298564,-41.4439799324139],[148.20235839333972,-41.44802506204385],[148.20104443370172,-41.447288101932415],[148.20493730349523,-41.44346502222836],[148.2054342437584,-41.44096900225469],[148.20247435440987,-41.44044508201012],[148.2008653947074,-41.440553121879425],[148.19788648502896,-41.442344191646534],[148.20154637348352,-41.44812407197816],[148.219706910123,-41.446916563454074],[148.21651999058813,-41.4479916531999],[148.21622302016664,-41.45131366319458],[148.23239748823198,-41.44290822446819],[148.23022960650945,-41.45776021437565],[148.23182454577443,-41.46069915452276],[148.24205622284128,-41.46721082539638],[148.26648150881644,-41.46215808736617],[148.27100461210654,-41.50241171796582],[148.26430861637914,-41.481922047300884],[148.2492780687156,-41.48601252609414],[148.2671347422898,-41.50635381767138],[148.27562551104995,-41.5034865583504],[148.28802291069374,-41.55818194967729],[148.3166575526008,-41.57536498212354],[148.3203003551848,-41.62137928268376],[148.2931878650182,-41.65894835067241],[148.2840780079012,-41.719986210271124],[148.30477451971518,-41.74816317212734],[148.28430028233555,-41.757784710502904],[148.2644834086034,-41.80999801917419],[148.27256559131757,-41.84887395005507],[148.28745083589735,-41.86579611137001],[148.29986280243082,-41.87271011242664],[148.3056734619097,-41.868442482879274],[148.31094252015995,-41.87326940333877],[148.30402427887987,-41.89128674287247],[148.32359473120025,-41.91718857462436],[148.30252894247053,-41.936887313006046],[148.3098045874206,-41.96139830374057],[148.28938188833922,-41.98265204218467],[148.28463830098065,-42.038971902111314],[148.34539304713385,-42.11845477754271],[148.31961131019952,-42.13244001550262],[148.31799351989343,-42.136682135393464],[148.3242077467831,-42.14930095597411],[148.29774002953658,-42.16636111389697],[148.35681880579378,-42.17947171882264],[148.3468203913802,-42.222574888240416],[148.3276491040802,-42.2302057967074],[148.3069092922397,-42.27050238522865],[148.31451902989136,-42.27603399588394],[148.29198389364893,-42.28114371406343],[148.28880335736446,-42.260436093687645],[148.2577368648314,-42.252065301096046],[148.2507508092887,-42.23143564040959],[148.29048014620903,-42.198591513481155],[148.25926403731927,-42.165690610740434],[148.2976092534453,-42.14015099374011],[148.298428715432,-42.12562688372627],[148.2684310937261,-42.109974001180284],[148.24757988687057,-42.11682783951169],[148.24167897185347,-42.09102059888488],[148.20844749048157,-42.07737775609281],[148.2210753492259,-42.06882459707651],[148.1572069011509,-42.0742205618962],[148.1726888525964,-42.04336407298524],[148.21431490545143,-42.03564108633865],[148.24305372461015,-42.00251811850227],[148.24526087491512,-41.99746307865451],[148.24541498563443,-41.99236207863855],[148.24390431642968,-41.98899143849608],[148.24055431750196,-41.98621846820652],[148.21409280278766,-41.98598610604248],[148.2175585496094,-42.00295038642062],[148.21312774022505,-42.00475052606878],[148.19826378084454,-42.020647204944204],[148.170993469721,-41.99706249258794],[148.15354526199977,-42.00517106121182],[148.14342224176602,-42.0205118404735],[148.14587223033578,-42.02695293070898],[148.14351470039298,-42.0297641305328],[148.14608319816756,-42.04146945080735],[148.1332686703562,-42.04393593977826],[148.1623629653412,-42.038655082117415],[148.15255026384176,-42.062199141449774],[148.1295327485863,-42.06109870957027],[148.10332601077823,-42.08178432755548],[148.08234110648854,-42.07133760579328],[148.07580125766387,-42.07221274526753],[148.07984716853065,-42.06076501553185],[148.07622663026686,-42.053816645199284],[148.0640230706195,-42.068047454289015],[148.09533521226,-42.08254249691069],[148.1033140406171,-42.082901327560734],[148.11867812851648,-42.0763366787727],[148.15076709239565,-42.07447972137318],[148.23520260213132,-42.0978881683936],[148.12393729511265,-42.092412509290064],[148.09735434968744,-42.09736736715742],[148.0729977923481,-42.112388565264304],[148.07222279267657,-42.111200585194815],[148.06186292446148,-42.113133674365486],[148.06147091450637,-42.113361684334976],[148.0610209444453,-42.11439366430426],[148.06154796418699,-42.115440654352824],[148.06066094427368,-42.11605865428436],[148.0549080356133,-42.11475075381075],[148.04667111672356,-42.118404763163724],[148.05220407554594,-42.11890372361479],[148.0550250155658,-42.11491575382116],[148.05954097444354,-42.11642567419562],[148.0610649241901,-42.116078664317214],[148.0616429741439,-42.115605664361446],[148.06176492445326,-42.1133236843586],[148.07003881298633,-42.11206259502248],[148.08509673801387,-42.12549831631913],[148.07129429657022,-42.15417751535902],[148.08388712204095,-42.167901996457175],[148.0135882756496,-42.23933730115858],[148.02815573961036,-42.26059746245527],[148.00035120796068,-42.30992057047971],[147.97756426291502,-42.307386388624835],[147.9704416206015,-42.33294807819138],[147.93096687690863,-42.34415909507047],[147.96204274871852,-42.35732509764848],[147.96014376143202,-42.34142704740734],[147.98585566687012,-42.33723106945963],[147.97574798939849,-42.33386704862481],[147.98807687824532,-42.324811069570316],[147.99032473923805,-42.31496011969738],[148.01848977356798,-42.31499409197462],[148.02687016679081,-42.34962742284447],[147.98050775794414,-42.40533831940417],[147.99750721962255,-42.43855644096082],[147.99289924079883,-42.43689147057925],[147.98161049296698,-42.43765759967154],[147.9769606434109,-42.44102568931464],[148.00987677687127,-42.440267091970306],[147.98852807262656,-42.49833218056461],[147.9944066526745,-42.489939960993404],[148.0110369164138,-42.50953607244574],[147.99482814718834,-42.52652451122875],[147.96873255339372,-42.520318759087104],[147.94897473254858,-42.55321674767405],[147.9142130550408,-42.5162754846706],[147.92386599476671,-42.50483714538484],[147.92241088559496,-42.50121010524771],[147.9242557755886,-42.49871204538252],[147.9237376959787,-42.49677310533014],[147.90518620836158,-42.50613347388841],[147.89731151732985,-42.524015863353306],[147.91337505046914,-42.548499304780236],[147.85075628169798,-42.55860479980352],[147.90250761010742,-42.565943544001556],[147.94553135540735,-42.60633063768792],[147.9316168245128,-42.631546066704715],[147.9577165360882,-42.65257529892397],[147.93794971125212,-42.64488278728806],[147.92975510292018,-42.644887946627804],[147.9629971425013,-42.669529309442794],[147.9387674528273,-42.70067864765918],[147.94655672718747,-42.72799699843633],[147.90000591435128,-42.743841194773935],[147.87958069481172,-42.7689482432687],[147.8695395394933,-42.818738752733196],[147.88406091253668,-42.845558854045855],[147.8704810966141,-42.83685695290738],[147.86406064043425,-42.81996963229988],[147.86513545093192,-42.81512361235982],[147.86456244112048,-42.8146436123112],[147.85554671786085,-42.8491171017749],[147.83511968030467,-42.86092712020035],[147.84472081636181,-42.87422134104259],[147.83244295014345,-42.865726180011805],[147.7905307732297,-42.903068076857835],[147.72832609665463,-42.898842001866],[147.7219988997703,-42.886544941294765],[147.68022344585242,-42.90362058806015],[147.64745777419557,-42.89276019539655],[147.64210311752,-42.877627534889214],[147.65613174399385,-42.88198209602721],[147.68420239080976,-42.8643638481638],[147.6963354269241,-42.87381658918091],[147.7009552663021,-42.87158813953671],[147.68413538106913,-42.862693858149406],[147.65333584504293,-42.878757195787564],[147.60597816618687,-42.869212471977605],[147.6212467669609,-42.84249532304327],[147.59673458626233,-42.813341430941755],[147.60334830713157,-42.79810374138294],[147.5941876214275,-42.781559490567155],[147.59207199901266,-42.801069140505696],[147.55484784740432,-42.7959230475322],[147.53517841449246,-42.77496785586408],[147.53521502007015,-42.805291266031844],[147.51305061788233,-42.78287657416054],[147.48725640023994,-42.80309377223698],[147.4529293304208,-42.7815130994177],[147.4685377787325,-42.771060950588854],[147.44761149518092,-42.75618607886181],[147.44907993303627,-42.76891509904651],[147.45907811984557,-42.776774039875576],[147.43463629525587,-42.77405822793923],[147.43709563305688,-42.78575728819608],[147.46000371490936,-42.809496140126235],[147.48540343991894,-42.80792281211725],[147.48982040797986,-42.815019822503785],[147.4775535308112,-42.812882961525936],[147.47170368087762,-42.82070213110782],[147.4811186680662,-42.82673006188188],[147.51315912372408,-42.811310474323655],[147.52224729943154,-42.82796552513122],[147.57858254827244,-42.825100919568236],[147.61338802806694,-42.84597253243891],[147.56456600929002,-42.83785583852849],[147.5036317479703,-42.86427712385975],[147.4949724429031,-42.91127038343173],[147.53051164264767,-42.93129898634376],[147.5386729665243,-42.961630847152364],[147.51646538250256,-42.95211623534768],[147.50915093179248,-42.967302384852715],[147.52867221514435,-42.98516112648972],[147.53920568447109,-42.97489693726615],[147.52766419874453,-42.96199601628497],[147.5377971063161,-42.96428786709755],[147.54180575621803,-42.9593047973873],[147.55405963981792,-42.98569978849839],[147.5237515450557,-42.99271126614204],[147.52137506142847,-43.020818616106155],[147.4412127956716,-43.036935359879074],[147.41881139833708,-43.05047955819221],[147.39186714477734,-42.97593752567625],[147.40138302315017,-42.97359439640985],[147.40879186317403,-42.962901206933374],[147.4301747193204,-43.02760843896142],[147.4702093013063,-43.02570510209947],[147.47848651596794,-42.982094852515864],[147.46533645042928,-42.97015789141613],[147.44538376335487,-42.97837814989108],[147.44606463523544,-42.96451407986972],[147.46475592736203,-42.92343753111786],[147.49142862131967,-42.9271334232383],[147.48363758550045,-42.90948740252896],[147.43507409563588,-42.90866357870385],[147.42140557393793,-42.939735047798315],[147.4089346966499,-42.938796116814316],[147.41733184927017,-42.90883902731134],[147.4046958854414,-42.88427837618672],[147.35240690745283,-42.87576426204393],[147.35863129008874,-42.848666872384186],[147.33778855480986,-42.84569608073768],[147.3385515550641,-42.84284703078188],[147.34534832428886,-42.83852487128994],[147.3446413245833,-42.837493871229064],[147.3467163143956,-42.83583584138236],[147.3470163043883,-42.835458831403784],[147.34705630439308,-42.83536882140641],[147.3470522944202,-42.83518682140512],[147.33378162630302,-42.84106807039935],[147.3199394126719,-42.81666217918537],[147.2816266428,-42.80104935611105],[147.29274732214068,-42.78973117691675],[147.26468188952484,-42.778485424668226],[147.2560889955729,-42.74862298383684],[147.26558870501086,-42.73893997452391],[147.2626016168785,-42.73018501424366],[147.25223415599476,-42.7512020735508],[147.25673705423918,-42.75699910393282],[147.19899589062726,-42.72530642927198],[147.19145112188406,-42.72734851869758],[147.18397538271503,-42.73227761814447],[147.18598459107113,-42.7409047283472],[147.14995252691494,-42.75182116561428],[147.1440548271877,-42.75841030519352],[147.13988013681296,-42.76705946491742],[147.11654660098932,-42.771422613136615],[147.1387932366057,-42.77008147484972],[147.19832833860482,-42.74042657930238],[147.23261840992924,-42.75185530202835],[147.25350906364412,-42.76577422372923],[147.25264029083516,-42.78660333377473],[147.28321155406502,-42.78998130617454],[147.25895912878704,-42.79182144429499],[147.2557083261491,-42.81485048416685],[147.29802294688437,-42.81872331748566],[147.301895273913,-42.8338212578697],[147.30527101428862,-42.82639027809285],[147.31733072140565,-42.8291716590495],[147.32211678000172,-42.832076179439085],[147.31306174939772,-42.849193268824685],[147.3278538070143,-42.84459719995521],[147.31966820718205,-42.855118429372716],[147.34120111957682,-42.877050381174385],[147.33224361807618,-42.90020661059947],[147.3609679801352,-42.9141144829215],[147.33856774602367,-42.97441397149489],[147.31484030097263,-42.97413917963932],[147.32955891739653,-42.977801100808946],[147.32415447440428,-43.006152330539564],[147.34428665362051,-43.05166607235855],[147.3140978387486,-43.05948351004127],[147.27767746331668,-43.01110082693926],[147.26506335372864,-43.0263227660384],[147.27661523978864,-43.036988606995905],[147.2556455889032,-43.07315057555697],[147.300459136915,-43.09160497914931],[147.28478293733042,-43.11117832803161],[147.25748926364113,-43.10680892588139]]]]}},{"type":"Feature","properties":{"STE_CODE21":"7","STE_NAME21":"Northern Territory","AUS_CODE21":"AUS","AUS_NAME21":"Australia"},"geometry":{"type":"MultiPolygon","coordinates":[[[[136.9485734533989,-15.736408966937876],[136.9292336749568,-15.725439156207997],[136.93883343566725,-15.68896884623542],[136.91901356710983,-15.681949035522054],[136.94000340576446,-15.684228816236427],[136.9474832060536,-15.66333863631812],[136.93629332683076,-15.660398745922924],[136.96103298606312,-15.640088366583175],[136.99073278311252,-15.67286818783599],[136.97677280531798,-15.634458187062826],[136.99997253433932,-15.622847887745236],[136.9913824462209,-15.584447807150953],[137.0088623350949,-15.58671760775401],[137.03202231202079,-15.633937548908634],[137.05451215043985,-15.640387279717014],[137.0651320002893,-15.62683707996675],[137.06311212948165,-15.65268721010537],[137.08167197825597,-15.65575698075682],[137.07344242550718,-15.745837421198988],[137.10624231250426,-15.77398714253468],[137.07496301179899,-15.846137932051933],[137.03985322432138,-15.835508310782808],[137.03450302602508,-15.797108180296108],[137.01629324682858,-15.805568429752045],[136.99262332874756,-15.792118688851748],[136.9893831500678,-15.760608568491783],[136.9696733316721,-15.749078767741638],[136.97838307244962,-15.712408477739356],[136.96386330268209,-15.730548747400016],[136.95431333398062,-15.710218776919689],[136.9485734533989,-15.736408966937876]]],[[[136.61733491958793,-15.555352194717392],[136.59651498995638,-15.581282964262376],[136.6050250380098,-15.623773204870805],[136.5896951882037,-15.645303584555625],[136.55089536072146,-15.639854253285373],[136.52285599192192,-15.654384382518293],[136.494756503976,-15.643534371550892],[136.51339650355328,-15.622614291968674],[136.5045162051054,-15.592084021447459],[136.52533591590222,-15.530932881614246],[136.56682527343858,-15.530592442918763],[136.5786552933972,-15.510861913135745],[136.6104250310671,-15.523821754246526],[136.61733491958793,-15.555352194717392]]],[[[136.43613913474843,-13.893488815747036],[136.4088904281624,-13.831749544411396],[136.42258044797123,-13.815629194703583],[136.49505841340803,-13.84021923714662],[136.52457720248717,-13.82146829791697],[136.530837033356,-13.785028437819818],[136.55223639110608,-13.819807998770024],[136.57503039065242,-13.797687239308575],[136.60095341903744,-13.805925250192338],[136.5941052100171,-13.787017709823978],[136.6314713980103,-13.789238251024143],[136.63108938879716,-13.766133250826043],[136.60769840009496,-13.76341624006345],[136.6112683909385,-13.732364239926417],[136.58447440281674,-13.717242238958798],[136.59237840310254,-13.696265239039164],[136.57504440415136,-13.691435238454135],[136.61305339264698,-13.677962249544905],[136.63626140111333,-13.68834125036377],[136.617783381508,-13.705043229912626],[136.63148640030514,-13.720083230467903],[136.64709540016935,-13.700024240801923],[136.67546140862336,-13.702720241726853],[136.6785283992054,-13.68056723164623],[136.69462639935495,-13.651434251925734],[136.69630539888118,-13.663033252072925],[136.71856739765258,-13.6657092428077],[136.7261203777669,-13.650800232929948],[136.7312473871037,-13.662738253190922],[136.72032239584482,-13.716885253276534],[136.68113737718488,-13.737058242184638],[136.6970623250973,-13.77490660299858],[136.73536082325234,-13.770946024195437],[136.71250175366558,-13.793796283645358],[136.7268604512608,-13.843185514504158],[136.7544695201925,-13.832345195305697],[136.80071239700214,-13.85559725698924],[136.8281361957722,-13.849853767834565],[136.84473595579502,-13.823953838166947],[136.8372867069163,-13.802424247750261],[136.79700775792264,-13.834174476696345],[136.83931668756688,-13.780294357637935],[136.83938684875451,-13.74539451735865],[136.9052248447203,-13.764113579666144],[136.924414542267,-13.806513170640557],[136.88400476311188,-13.842793149604045],[136.85781401207254,-13.912822459310943],[136.8125958747315,-13.904123307766369],[136.77089732531653,-13.951113216793006],[136.76432937369145,-14.00924325704879],[136.7810073922475,-14.02587824772222],[136.80684037111675,-14.019060238505343],[136.80636737050716,-14.037674258639885],[136.7864393915088,-14.039173258005249],[136.77665838133987,-14.059362247850979],[136.7590193926564,-14.048059247189723],[136.75171037170094,-14.08769424727276],[136.73687940317876,-14.067249246630237],[136.72046137394773,-14.070235256126194],[136.71956139280428,-14.105558246381397],[136.69880336333117,-14.122692245853175],[136.7164963717377,-14.142018256576142],[136.710742370908,-14.175732246662443],[136.76298736740262,-14.196717238513946],[136.78793537633172,-14.188942249259107],[136.76967037794213,-14.17031124851765],[136.7815263774889,-14.165019248858908],[136.77630837845396,-14.144831248527488],[136.79973038710608,-14.147744249310398],[136.8638323714872,-14.211733251916229],[136.89576838012732,-14.201565242882655],[136.91713507021547,-14.166011053300014],[136.91384938138236,-14.137371262960906],[136.9298403602981,-14.144085243542708],[136.92730736970466,-14.165085263628276],[136.96319635777508,-14.165502254819659],[136.93336537800124,-14.2048322541487],[136.95938236520553,-14.245075245334428],[136.93968236570174,-14.261236254811985],[136.96312134362663,-14.284573245776702],[136.9339303651973,-14.284649264810309],[136.95073134361448,-14.304085255522965],[136.91270937632044,-14.285249254114444],[136.89788935671555,-14.296919253720192],[136.90407036590062,-14.310816254035565],[136.8894213567744,-14.308436253534353],[136.85742336953027,-14.278595252244509],[136.8412793898189,-14.29552225185277],[136.81662138172646,-14.27868125091311],[136.81373839132988,-14.294810260948976],[136.80565137262423,-14.26971724048409],[136.75384736577732,-14.259042238719791],[136.69304238845737,-14.276667246906007],[136.68114137836673,-14.298447236700051],[136.64882238016878,-14.29677724565534],[136.6289103922576,-14.266434244778628],[136.49159839059664,-14.237829250229876],[136.43735599486487,-14.19628626821316],[136.39555699691144,-14.202316756972676],[136.32470863931277,-14.24609746515569],[136.32446895037467,-14.213307714886007],[136.41141705712343,-14.16947686719771],[136.44261659694962,-14.123456837792116],[136.40815958353866,-13.976318255548918],[136.43613913474843,-13.893488815747036]]],[[[136.2111533986678,-13.824643218354616],[136.18457640181907,-13.767928237106835],[136.1499854333293,-13.776940226150845],[136.16847943058966,-13.834180227158225],[136.1183864333257,-13.83001722564086],[136.10555241445024,-13.81521423514395],[136.12056643453232,-13.787316235363509],[136.11292504665875,-13.731253124689315],[136.12255484643998,-13.722253084901398],[136.1442944245652,-13.746585225739146],[136.17182042306644,-13.749059236575967],[136.17377342427247,-13.7070702262977],[136.19261841413817,-13.680285226644362],[136.18134141481178,-13.677247226283965],[136.24225443201485,-13.666756228021516],[136.25282841062634,-13.69365622855509],[136.29300442810805,-13.707990239882221],[136.30165741676672,-13.736261230371007],[136.26621039855667,-13.737475239309466],[136.252188418791,-13.753008229011716],[136.27635739742504,-13.756726229769948],[136.284063426048,-13.787665240250817],[136.25969540739416,-13.785014229494273],[136.24826740594432,-13.849849229669879],[136.2050694379693,-13.85705621843227],[136.2111533986678,-13.824643218354616]]],[[[131.06096587076482,-12.332115400259871],[131.02845576246904,-12.305485459816618],[131.01298585304738,-12.323265569837643],[131.03046548294031,-12.231495379271655],[131.0023755644232,-12.205005408866063],[130.99597550498618,-12.168635428544679],[131.04530496294333,-12.142665218709022],[131.0653448118478,-12.166795199041358],[131.11320426976712,-12.15504499931675],[131.12544442899065,-12.182575049620187],[131.16906408708329,-12.173204929892323],[131.22205412421815,-12.227165100729737],[131.19336450544088,-12.237715150576365],[131.20979432467334,-12.23962513072408],[131.2037748547665,-12.261325130839712],[131.20598448458918,-12.270375250926305],[131.23205406342382,-12.266775191112457],[131.22197426379097,-12.277995261114679],[131.2223342637371,-12.282395241151008],[131.22501420359163,-12.285025271192957],[131.23400400333824,-12.266325201125124],[131.20699444460382,-12.263125210879531],[131.212324284553,-12.240175130748874],[131.25088394296262,-12.220015050913583],[131.22888407407532,-12.20726504063482],[131.27356442296946,-12.10011496019282],[131.26636443349486,-12.076915019956166],[131.2971345524114,-12.042595079955023],[131.29951453206237,-12.07015504018475],[131.32093404092404,-12.089855100517925],[131.31407394054494,-12.167465041048793],[131.334323409231,-12.211455421557941],[131.38088360669448,-12.256476372309193],[131.47230410224716,-12.28369792334711],[131.7545488394033,-12.273886776066265],[131.8792678043676,-12.214537116956528],[131.90423752311764,-12.22433723730871],[131.93941644094645,-12.272917068075927],[132.06972296460512,-12.303526059821532],[132.17081135111417,-12.213266430351],[132.22436079892097,-12.194556640872412],[132.23820104861565,-12.16974686085549],[132.26173131750198,-12.17341726118132],[132.27847138607348,-12.224197511785345],[132.35317224301713,-12.198808702556205],[132.3894017408576,-12.236398853323273],[132.41712147978836,-12.222398993584495],[132.4420215597134,-12.146459253333111],[132.5130408568253,-12.124129754128683],[132.55600664544477,-12.085688134427743],[132.57718062420233,-12.105852144880282],[132.6289686421545,-12.086891135467443],[132.6187596336675,-12.015072144766249],[132.64155563434272,-11.900653134205907],[132.65533120389716,-11.889801514319485],[132.63618462575045,-11.82112513351315],[132.58045963867,-11.787522142463724],[132.6448506367456,-11.727995132915481],[132.54110665136173,-11.718982131384145],[132.49958863369977,-11.680402120513866],[132.5057526540507,-11.636704120260115],[132.59718262987894,-11.65418013166632],[132.53776464338102,-11.587373130318955],[132.55470163311588,-11.555425130306421],[132.52618363444637,-11.547052119846805],[132.53057764462164,-11.521550129709883],[132.4974666362507,-11.50538412913026],[132.5269766355225,-11.468718129250995],[132.48423662708663,-11.485590128796794],[132.45699963862793,-11.457277138209047],[132.35504164313116,-11.441355126734964],[132.30392565495896,-11.465659136262428],[132.23788565786617,-11.455969125351194],[132.13905567120835,-11.521818124642332],[132.1156946522561,-11.517184124325144],[132.11589365196068,-11.540446124506717],[132.06610367427754,-11.523844123786743],[132.03482364609368,-11.482996123105925],[132.03122266652147,-11.459930122886506],[132.0490746757716,-11.459726123093176],[132.06007664564038,-11.432200123010253],[132.04281867649647,-11.421279132724067],[131.99333566847903,-11.429295122213466],[131.9947086587131,-11.404523122038603],[131.96239067998872,-11.41128311172243],[131.940265661082,-11.396936121362666],[131.98494267943875,-11.377544131719297],[131.9681126802382,-11.369287111464244],[131.9660826606299,-11.342915121238347],[131.93100367182558,-11.36597412102083],[131.91852166242631,-11.35899812082796],[131.94360669182683,-11.320269130810573],[131.91510365295295,-11.325330110531109],[131.86008067559263,-11.293719129683558],[131.8396956762077,-11.314457129622236],[131.7768606786965,-11.325623119039102],[131.75911466968805,-11.301940118671567],[131.77756267881716,-11.311741118939938],[131.78049165891014,-11.291875118818258],[131.80490566786574,-11.29489711909962],[131.79980968837376,-11.267627118836137],[131.8520546860617,-11.28143811950212],[131.84886568650373,-11.253502129252945],[131.81529667833271,-11.212917118580627],[131.8396186671736,-11.227411108952653],[131.86056867651098,-11.209541109041908],[131.88086267538966,-11.235199109460465],[131.87617867604382,-11.194053119092885],[131.87906166602082,-11.185570129059174],[131.88324368588843,-11.182115119078388],[131.91264666439565,-11.20757411959824],[131.9045596846295,-11.216216119575195],[131.92825668343312,-11.235703129988224],[131.92892766313668,-11.259173120176255],[131.94597167259596,-11.245076120258666],[131.9617036818536,-11.253202130498474],[131.96156567212566,-11.230234120320146],[131.97311668157744,-11.236514110499314],[131.9874906711843,-11.219569130532454],[131.9619316627012,-11.17928611993212],[131.97052266244089,-11.171451129969007],[131.98297369181952,-11.181082120184616],[131.99557768138874,-11.17385713027285],[131.97099566283165,-11.136165119702667],[131.99424967201475,-11.125095119882072],[132.01188866123525,-11.130384130125138],[132.04658664899512,-11.199670121061073],[132.07599064803054,-11.179797131252757],[132.06714067824717,-11.19184612124146],[132.0835286675367,-11.195100121459761],[132.0864426769608,-11.232686131784021],[132.11448865606351,-11.211830121956998],[132.09662066617597,-11.262710112136256],[132.11743365517756,-11.274079122472324],[132.1006646451871,-11.329943132702661],[132.12358266397794,-11.350762123137347],[132.1376356740602,-11.29692312289144],[132.15692366293666,-11.322962113325932],[132.14534166267404,-11.382745123646442],[132.15815966214848,-11.381948133795914],[132.1704576411486,-11.420657124244439],[132.17744568115214,-11.397092114148219],[132.20449965976823,-11.416918124634286],[132.18470965128708,-11.362309123969],[132.19471865101684,-11.350695114002523],[132.22302366958627,-11.370425124505383],[132.2373826493769,-11.34009713445042],[132.19815165149552,-11.30162113366611],[132.17327968225095,-11.323500113529505],[132.1985336619057,-11.267969133411059],[132.18084766296954,-11.241410122988643],[132.2002876723841,-11.224467123096833],[132.16178966445847,-11.184952112320202],[132.162674674717,-11.161336122148672],[132.1418316856469,-11.154908111846447],[132.1356276663019,-11.122361121520443],[132.18762264407974,-11.131107122220081],[132.19514566336113,-11.163818122565152],[132.24429368091998,-11.197767123437558],[132.24111967076368,-11.220070133570143],[132.28227265836088,-11.274874124512275],[132.2657316603216,-11.176177123540146],[132.32026666820363,-11.167883134170335],[132.33902365778948,-11.141398124207182],[132.33276266837507,-11.116383123932762],[132.38304064509947,-11.20823512529785],[132.37347366432545,-11.295042125844194],[132.39797867324287,-11.300143126205818],[132.40357967343058,-11.269236126040594],[132.4232016627228,-11.261814126243381],[132.41989064333197,-11.227146125930918],[132.43353164298347,-11.211703115992965],[132.45098765218316,-11.217876126274396],[132.47770565051064,-11.259411126956389],[132.5069256591267,-11.272284127453696],[132.4870746595582,-11.300046137398319],[132.51020663870761,-11.292486127655158],[132.5180186580327,-11.317482127955945],[132.5018606585239,-11.33020512783338],[132.54768264644525,-11.342676128560232],[132.58575265410497,-11.395368129499433],[132.62243464233777,-11.411491140141843],[132.6396006305925,-11.481570140929698],[132.66839364886613,-11.51623112161121],[132.73414365605686,-11.518111132581556],[132.78457362502542,-11.446167132768144],[132.80791862411306,-11.44179314308292],[132.82358861403793,-11.40416214302566],[132.8489646231582,-11.392585143319002],[132.85847064242523,-11.414119143630929],[132.89574762066258,-11.427036134301373],[132.90920564077058,-11.384669134178683],[132.86506163330674,-11.340157133155543],[132.9182686312253,-11.332244133910272],[132.9688816377519,-11.417679135364097],[133.00724262589455,-11.433236136090288],[133.04606063309552,-11.504487127264637],[133.07564764158454,-11.520305147864164],[133.07090264120055,-11.555523138062217],[133.15284162515434,-11.706942140581083],[133.24926159054993,-11.732867132395732],[133.33986659733236,-11.693982133643495],[133.3535846162869,-11.719452144080712],[133.31647560778416,-11.725211153483691],[133.3165215970262,-11.767829143817615],[133.3695916145609,-11.777093144810358],[133.36859961494133,-11.758321144646224],[133.40189360396442,-11.732736145029424],[133.41423761297207,-11.758032155444884],[133.39815560347694,-11.768572135244092],[133.4475936011422,-11.779148146201278],[133.45621461034,-11.802470156537433],[133.53435358772177,-11.7609871376191],[133.5176915962778,-11.877037138226124],[133.56339160557144,-11.808440138520519],[133.60495561371482,-11.81108613930558],[133.604193603208,-11.839446139513901],[133.63069760209692,-11.837138159987077],[133.66394658099182,-11.819336140467945],[133.65666760150035,-11.809376150253518],[133.67915960091466,-11.78916214051658],[133.66855459162832,-11.776020150214308],[133.7395515784151,-11.783130151612324],[133.77350358734844,-11.762711162101386],[133.79446757717992,-11.725590152213003],[133.8372075853834,-11.723426153024413],[133.8679085734232,-11.755073163873462],[133.9184895714574,-11.744416164787019],[133.94118056993165,-11.77108814544819],[133.91533258097814,-11.774564154961858],[133.89068957126236,-11.813051164777738],[133.84727859313716,-11.813572153930041],[133.8232315836268,-11.84129415367971],[133.83914657221658,-11.87696916426998],[133.85913459131712,-11.878239144670582],[133.88074156967667,-11.912530155364532],[133.9131055683679,-11.907100145961056],[133.9159275679613,-11.920930156125848],[134.0388965739417,-11.855303168080344],[134.07873756130422,-11.897868149230673],[134.07582256061397,-11.936505159475482],[134.1315625889456,-11.90004516033875],[134.17579857579636,-11.95616617170462],[134.15114055627046,-11.984577161413224],[134.17328054490224,-12.002656172018765],[134.1825125646755,-11.994277172146283],[134.1942615533898,-12.02957317267186],[134.16233956326212,-12.101045162565919],[134.1823905816189,-12.135510163258093],[134.1936355724274,-12.07514416301832],[134.22841054171215,-12.037051173452236],[134.2538305706391,-12.034563163972829],[134.24597256208497,-11.984570163410666],[134.28627056033434,-11.98332417426141],[134.36224355555714,-12.046790166404927],[134.49557454904385,-12.072652169551755],[134.60453554472113,-12.05047516183744],[134.6571785432143,-12.015666172768709],[134.6890075330853,-11.962255183080346],[134.74857655078512,-11.949119184364482],[134.7721515294997,-11.959454175000388],[134.7649495388107,-12.000900185160424],[134.77965954808238,-12.004169165532753],[134.79851854614515,-12.049429176337995],[134.84345552386287,-12.06124117749963],[134.84203753263068,-12.113823187883963],[134.85575452156573,-12.132172168357528],[134.97057552577124,-12.158570171342431],[135.05584250929684,-12.262296184266514],[135.14451053594513,-12.237045186280513],[135.2127935213144,-12.29598318847992],[135.21013650198935,-12.274924198244198],[135.16121851549215,-12.225533186609894],[135.26630453077695,-12.224913179281689],[135.29673150853026,-12.257760190328051],[135.34273552675236,-12.246642191432173],[135.35291351671492,-12.23100220157229],[135.31426150814772,-12.242490200659542],[135.2228014936556,-12.190008197889119],[135.30533551071358,-12.161551179781618],[135.31778552062033,-12.144233179965465],[135.305456511691,-12.12475819949062],[135.35143249010952,-12.107401180545196],[135.36623153004913,-12.08523718075391],[135.42241549760564,-12.083427202213574],[135.40650051782873,-12.101212191936996],[135.41567150703708,-12.115340202291405],[135.45273451540152,-12.11484619326639],[135.50743651374654,-12.086647204496062],[135.51956751393064,-12.060525204611185],[135.56953951060245,-12.100640196276382],[135.65434648857018,-12.039296198088751],[135.91047749982542,-11.952537194537907],[135.8771984702872,-11.98649820386694],[135.8698285009166,-11.97599821357386],[135.83149949234476,-11.984629202562596],[135.83299548179747,-12.001232212738287],[135.7729364831899,-12.044525211405213],[135.7585934828105,-12.079784211289397],[135.65419450526122,-12.15665619902676],[135.65764349350175,-12.213400199576554],[135.7216524786724,-12.281813201887596],[135.70767648850455,-12.309809191726018],[135.74608247810164,-12.263256202415802],[135.7660864874419,-12.254844192904638],[135.7699624968117,-12.270653203139632],[135.77896547773165,-12.224694213021538],[135.8039284773509,-12.199124193514072],[135.85385449559388,-12.182698214786017],[135.8858814951285,-12.149718205426927],[135.89288547362267,-12.19040820595314],[135.91208049393663,-12.150553206178236],[135.92900346282877,-12.162550196757355],[135.94931148263132,-12.138603207145207],[135.95939847178,-12.152190197543716],[135.96011449219017,-12.137270207444077],[136.0011755009324,-12.118187198471672],[136.00337349184093,-12.08443320826305],[136.04507448063666,-12.063069209298177],[135.9735274801436,-12.186098198222503],[135.95724548095183,-12.1833852177332],[135.92859047111867,-12.221137197217185],[135.96893547773843,-12.274005208798386],[136.0016954764348,-12.268190219695173],[136.01347548693857,-12.233588199756873],[136.04866045540342,-12.23209921076514],[136.06295845424853,-12.24913422131857],[136.05392547404333,-12.269457211219345],[136.03331147490962,-12.271543210637212],[136.0294354743454,-12.29618821072333],[136.008881485447,-12.290404200081674],[136.02324047391923,-12.31975321073358],[135.97607648456307,-12.369892209775507],[135.9665704637286,-12.41250621984505],[135.9780914637444,-12.39429820002989],[136.01481846199954,-12.396607211108524],[135.99623448144658,-12.443497210948749],[136.01776345995773,-12.460234201705914],[136.01648244901716,-12.493561211937003],[136.03085545892458,-12.474612222201165],[136.03721846833994,-12.48432422246407],[136.06424047873375,-12.430100222813914],[136.08537546693086,-12.457688213653343],[136.10765247646836,-12.439267214157645],[136.1217814855324,-12.448753214649146],[136.15113945458194,-12.435825215410137],[136.16041647333776,-12.46258722590004],[136.2231304404734,-12.462147217759753],[136.22023147008645,-12.478977227808995],[136.30412244869402,-12.400204229690928],[136.30435144976173,-12.365694219419112],[136.333876439753,-12.323196219968821],[136.3249044506723,-12.30679722956453],[136.3521104600716,-12.286811220228065],[136.3435964712336,-12.26200922976902],[136.37913345000197,-12.250397220756224],[136.36367545069572,-12.250410230285398],[136.33916946323114,-12.204632219170788],[136.22892646786087,-12.21437721593289],[136.21627746931253,-12.185623225323479],[136.16998247118136,-12.192116224001333],[136.16715946218085,-12.16354021368714],[136.21635346030055,-12.153410205065562],[136.21212647113737,-12.132316214769299],[136.23170346024054,-12.133203215360059],[136.26463146083046,-12.066933215809666],[136.32626145878,-12.045546217492996],[136.34147344773254,-12.057628218051455],[136.34377846838558,-12.033522217926265],[136.36970247741053,-12.028294208671568],[136.36774844802403,-12.011491218476058],[136.3791474772461,-12.020334218894785],[136.41546146762988,-11.95777120949753],[136.43134645651907,-11.970980210091643],[136.44320245693962,-11.941402230216163],[136.49074844450246,-11.952936221776422],[136.523783463502,-11.939263222690338],[136.5314134639549,-11.91481621272934],[136.56162447255,-11.917743233695337],[136.57386245252744,-11.90199222395027],[136.5575814837256,-11.886687223316917],[136.562326483841,-11.876736223384384],[136.58077445178392,-11.91573722427835],[136.54732746238074,-11.942289213448145],[136.4715684650691,-11.961381211252027],[136.47265145386265,-11.997772231580486],[136.4568444751687,-11.9784472209363],[136.44536945504004,-11.998297220743925],[136.46956946392433,-12.000071221503973],[136.48994044183513,-12.03755822243753],[136.50344446254394,-11.996872222526054],[136.53101546151487,-11.991355233337927],[136.5624344373217,-12.078724215026913],[136.59052644556746,-12.09462223603609],[136.5792954641491,-12.153752226163391],[136.602596441417,-12.205962227318564],[136.6464044385022,-12.235265228938477],[136.64881543725326,-12.270125219297594],[136.70734745402848,-12.288152241304454],[136.72104944411754,-12.266805231568847],[136.7417704630062,-12.272261232276552],[136.76201843339507,-12.233188242609216],[136.74813146464743,-12.214163222008715],[136.72259642528712,-12.229321241313965],[136.7298364554935,-12.213291231415392],[136.69889643765302,-12.189687220235593],[136.6780084381896,-12.201697239668343],[136.6807364385735,-12.186306239630115],[136.7820834349813,-12.158596242648882],[136.8128454519862,-12.207315234038274],[136.87230843895352,-12.21857523606174],[136.88545441741863,-12.24663624671917],[136.9025664266216,-12.247545237286358],[136.90119442560155,-12.27948922750128],[136.9268044244107,-12.28067624835101],[136.93381443225945,-12.33466124902067],[136.87777142369404,-12.367130237447983],[136.87070644352005,-12.381769237336371],[136.910271422199,-12.367785238516841],[136.92156342253617,-12.34280323868425],[136.94345945102856,-12.358001229527998],[136.9789204399557,-12.342455240572122],[136.9637684495606,-12.374058230328425],[136.90249042179803,-12.390012248442517],[136.7820244428798,-12.521508245594273],[136.77265543217405,-12.555569245568583],[136.76085944371044,-12.5258182449475],[136.77564643401857,-12.496191235183202],[136.79543643322668,-12.492702245793486],[136.79377342466884,-12.451870225408321],[136.72572045678754,-12.481826243463113],[136.7427174447708,-12.519054234309795],[136.72698641518107,-12.528513233882276],[136.7486074440104,-12.533761234618154],[136.73852242380994,-12.553782234456868],[136.69647260539355,-12.564631073199983],[136.6930928448375,-12.586191083266952],[136.66927298579765,-12.590551352544132],[136.68040307485245,-12.603561213003491],[136.67686297534487,-12.593611272810241],[136.69608281468373,-12.586651053366015],[136.69715266521268,-12.569151053258308],[136.7348722034095,-12.570910604478714],[136.74728041349746,-12.551017244715494],[136.76220344193106,-12.57733323540859],[136.72890942323986,-12.584329224396424],[136.6929144334693,-12.627839233598738],[136.67843444281525,-12.668073233463438],[136.69445542065986,-12.710604234318334],[136.63291745392397,-12.699082232270387],[136.60630643440416,-12.722528241619894],[136.60258441379068,-12.746641231697685],[136.6250144318909,-12.772373232613614],[136.6088714312624,-12.814832232447422],[136.62168843984662,-12.839477233051317],[136.58512741228168,-12.81806923172598],[136.58549442381664,-12.770504231352895],[136.55061243645088,-12.740064220012982],[136.52513141706436,-12.75816422936362],[136.54261743467043,-12.806550230300449],[136.51663242591363,-12.806158229486654],[136.4841304286655,-12.768478218172469],[136.46552943915404,-12.78061022769463],[136.48847943740245,-12.801329228572683],[136.4825274463407,-12.843071218725227],[136.51864544357971,-12.875348230108287],[136.55287141199727,-12.873846231164972],[136.5468134309116,-12.916135231317059],[136.63810642542586,-12.950128234465433],[136.64550742372572,-12.990929245029836],[136.66821243219098,-13.004275235858838],[136.62936343364495,-13.017007224729209],[136.62080341567665,-12.967762224060527],[136.5818474065411,-12.99859223308174],[136.5816344358936,-13.018711223237553],[136.56239341682425,-13.018666232633072],[136.5562904388989,-12.964029242000565],[136.53186142916843,-12.99189024146157],[136.51948643027032,-12.976289220949587],[136.4923714210603,-12.992231230234722],[136.4539644433297,-12.979208228940221],[136.48068343114227,-13.007160229992527],[136.50776741018592,-12.99632422074634],[136.5104374194276,-13.015770220986392],[136.53540141812266,-13.018829231789603],[136.53378344710467,-13.052566222011386],[136.5670634152772,-13.059152223106462],[136.5316944339012,-13.154228242766436],[136.51107941538947,-13.139429242004072],[136.48385841602723,-13.16084824133054],[136.4687684339824,-13.247129221558131],[136.4467944150242,-13.248448240889186],[136.4542404154288,-13.224476230926097],[136.43959343636155,-13.217896230420832],[136.39860744752926,-13.244482229374293],[136.3439054476513,-13.325712228356412],[136.33081442835157,-13.324154227945725],[136.31888042974933,-13.298720227378878],[136.33804642947416,-13.277413217789634],[136.32809744082866,-13.250181217268205],[136.36809041877956,-13.25251421850494],[136.3882624386178,-13.226367228911393],[136.35626442268597,-13.147889227301922],[136.37137144220574,-13.139753227697357],[136.35476941375322,-13.116554227004048],[136.37039342330462,-13.106690227401215],[136.37228642428659,-13.072898217186827],[136.33284142748548,-13.032308215658539],[136.29146042713367,-13.107269215008868],[136.32141444527565,-13.119870216016773],[136.30704045521267,-13.14413122577653],[136.31619443428374,-13.159380226176504],[136.28287044563794,-13.168232235240083],[136.28856144608307,-13.145197235226517],[136.2566094273494,-13.15468823434045],[136.25395543852866,-13.121135223990853],[136.2432894482725,-13.146017223870816],[136.2190584497314,-13.137240213074731],[136.21399344943327,-13.154791223064485],[136.24747044722395,-13.173019214213381],[136.23546241738637,-13.186692213963198],[136.24467844606642,-13.214440214462604],[136.22159143757585,-13.202482223674892],[136.2008864472061,-13.247170233415657],[136.17551043889776,-13.233020232546673],[136.16220542927746,-13.241979222223705],[136.18117242711108,-13.281658223105575],[136.15506445888042,-13.266262232207024],[136.13414444173415,-13.207174231113866],[136.15036443167187,-13.18329323140162],[136.14525245385482,-13.12055421074644],[136.09744745494814,-13.161171219663869],[136.10774743410062,-13.17235221005635],[136.07811545446543,-13.208074219473332],[136.08441644340894,-13.23250421985399],[136.06159044472406,-13.226314219136249],[136.05007045490055,-13.23920721890334],[136.06207844358684,-13.262870219443723],[136.04637746292437,-13.310233209365144],[136.01192244753588,-13.214360217594477],[135.97611145875752,-13.232446226703516],[135.96411843745588,-13.29553521686323],[135.9480044595547,-13.25217920605236],[135.91872346047558,-13.26988520535468],[135.87990545966377,-13.362128224985511],[135.92090542713774,-13.378100216283357],[135.92646368567463,-13.417735696759708],[135.97299340380232,-13.402315277974198],[135.96108389309913,-13.44557519797714],[135.92946394478642,-13.442385557042927],[135.93125416396526,-13.46680540728963],[135.89433379706756,-13.425155985900618],[135.85973398836052,-13.44022628503701],[135.85505490623552,-13.519965875541626],[135.86928526427434,-13.561725556279283],[135.83974541564083,-13.566345805478505],[135.83529562514434,-13.590815735548077],[135.86517580268642,-13.622255316646067],[135.8806361005015,-13.669075087459774],[135.90740592945286,-13.658164838136559],[135.92164600818884,-13.675964728686402],[135.88911614950104,-13.688015017852715],[135.87939630928585,-13.712025087767456],[135.91450645642138,-13.74722472905114],[135.9562463543803,-13.743344340219007],[136.03360533223912,-13.682463831973816],[136.02591515356025,-13.652043951506492],[136.08306473052713,-13.655443533204005],[136.0134960608301,-13.762803862031138],[136.0157463887191,-13.828333632620351],[135.99168671907628,-13.857833682157729],[135.9890868980503,-13.89611354238817],[135.90974790937483,-13.990423840855838],[135.91317813762907,-14.042483581369243],[135.87877856573243,-14.166813151376713],[135.90359816368962,-14.190502802274548],[135.88145850515576,-14.181263031568243],[135.81582950726317,-14.228953430084626],[135.7940398085236,-14.226053609446986],[135.74709962950655,-14.278696238548468],[135.7025407321337,-14.271353907248539],[135.73015049989738,-14.296663678217953],[135.66775123030294,-14.399153567299612],[135.67033119942823,-14.424363517570947],[135.61962164224508,-14.423093736164654],[135.58952199153669,-14.505133705991316],[135.53662250285953,-14.561123764996351],[135.51842269203706,-14.625463585013327],[135.54106242999575,-14.652703395841403],[135.51912265120563,-14.653273475252226],[135.49950280166294,-14.675773444900992],[135.46501315359438,-14.675773633974742],[135.41634361465873,-14.735013663144294],[135.38208391684634,-14.725723872162948],[135.41094369108714,-14.873123034090952],[135.4154936408996,-14.870583034191837],[135.43114351887866,-14.910692684924928],[135.44024347811558,-14.919322585235781],[135.45582331638678,-14.948952335886052],[135.47047321494458,-14.970212146446416],[135.48001311411147,-14.980272056781972],[135.57996200649723,-15.045291360003064],[135.65733108182502,-15.052521072186062],[135.72415013608486,-15.116280284547038],[135.74897980463942,-15.116500105243766],[135.8627984360419,-15.182729188987954],[135.98153551591682,-15.286977333233077],[136.1646814118352,-15.392325259463345],[136.2097604791535,-15.392864650817902],[136.23971996663852,-15.416074361904387],[136.2704199609625,-15.535764813783059],[136.31726945641503,-15.589594765635717],[136.3207694458123,-15.601674815838471],[136.31451954577904,-15.614244935747385],[136.3174995552186,-15.625975015931433],[136.32644924546184,-15.601965236014335],[136.41207819952564,-15.62614437883986],[136.5338960686565,-15.731934653481945],[136.5475958279292,-15.728884583889279],[136.55546588672902,-15.750384564308478],[136.56843579623094,-15.741824294650199],[136.55937576726024,-15.727564404250513],[136.62101543425507,-15.706153246035013],[136.64407518400913,-15.672432706502079],[136.6649351125457,-15.678472367217381],[136.6716149726402,-15.6639121773155],[136.681835081317,-15.684602077808137],[136.72413496836194,-15.696331509263423],[136.6826754980725,-15.77790270857789],[136.64629558064374,-15.767313207328119],[136.64279560079493,-15.769113277230609],[136.65839558942235,-15.78157317782859],[136.64472563991166,-15.791593517471105],[136.67050555825685,-15.794133128316512],[136.7137754634686,-15.856793180206678],[136.6908056432723,-15.903394069837562],[136.70638578135933,-15.931214080560421],[136.72950567989835,-15.932383741316048],[136.7714952788095,-15.889432712335497],[136.76074547853813,-15.916253132199767],[136.8229551653163,-15.899222044091937],[136.88877499011875,-15.932271266518777],[136.95325460594464,-15.938320138704627],[136.91271460980167,-15.899670597050468],[136.9703940571521,-15.874879478769794],[136.97799383754088,-15.850939218832398],[136.9873138861094,-15.87511919933674],[137.00353379519066,-15.873088929863355],[137.08358357773145,-15.944148343126336],[137.25442262472347,-16.012336319517157],[137.30896277864971,-16.085105771992023],[137.30152275933992,-16.078955871683842],[137.2984833295372,-16.078716321576188],[137.29493286966834,-16.08110598147182],[137.37261264289236,-16.133334884603375],[137.38381248225028,-16.13188470498521],[137.3569326045322,-16.115615103911725],[137.4092023502025,-16.1443043559785],[137.57378032878725,-16.174808862084486],[137.7296792268179,-16.232237858205156],[137.86202909093825,-16.422696794621608],[137.9946539678389,-16.538296570524707],[137.99906130486545,-25.996849173538216],[129.00057905637536,-25.998591879552773],[129.0014933995453,-14.879594592583096],[129.03167082780334,-14.886389702599791],[129.0441306171021,-14.907460222740271],[129.06595060581964,-14.891059792601485],[129.10129932378703,-14.915049262747726],[129.10842839342556,-14.989220013280875],[129.1306989020992,-14.948959422974886],[129.15677881058943,-14.969069483107303],[129.15334835079685,-14.983409903213003],[129.15817876050784,-14.969299473108332],[129.1889276787194,-14.987159093226058],[129.16951788988106,-15.05151863370025],[129.20055810807747,-15.122595724205912],[129.17467862961558,-15.147439104394186],[129.17492879960884,-15.168358664545813],[129.15752910064757,-15.18434797466869],[129.15819921061384,-15.197587644764383],[129.18774883885578,-15.189398344694135],[129.18662872891719,-15.173898724582063],[129.19960834814017,-15.146669354380842],[129.1956385283787,-15.159289274473458],[129.23120828627415,-15.175919554587196],[129.21548824720202,-15.153829854429272],[129.2380977758611,-15.128726664243874],[129.2494173751905,-15.091521663972891],[129.23649757594904,-15.067775883801403],[129.25604748479861,-15.033938933554287],[129.25634755478166,-15.061976923758017],[129.27820729349935,-15.02927891352092],[129.29297731263173,-15.041748993613103],[129.30162722212512,-15.036518963576407],[129.28125727332076,-15.02682892350335],[129.26513740426552,-15.032888953546609],[129.23349738611773,-15.008278803369528],[129.24182690562043,-14.910678692659198],[129.228436666386,-14.83935863214235],[129.26291627439474,-14.850098162217352],[129.2572863747208,-14.864998232325906],[129.31739588124358,-14.859438242290969],[129.40863572592374,-14.924918162806573],[129.48248646161497,-14.941045752982141],[129.52478678904893,-15.028075153661186],[129.6039115542876,-15.107992584348459],[129.60222171435436,-15.128892554498531],[129.56020215679922,-15.155122444631326],[129.56359241656392,-15.179902424816538],[129.57894208568973,-15.15561247466013],[129.62624170292082,-15.138012594602044],[129.6849915894408,-15.142652674736816],[129.63983105223437,-15.071202694135978],[129.64054083224318,-15.042152733924857],[129.66334067093212,-15.028082803860535],[129.63526074256873,-15.032842753848216],[129.6230202934175,-14.953242953246985],[129.6085003342719,-14.947672953184146],[129.59325589513003,-14.967055163303522],[129.49971545077383,-14.79009561189702],[129.53384582879096,-14.806785152055767],[129.5921258553101,-14.89099517274607],[129.61839990381233,-14.875593232672115],[129.58615992573152,-14.83936317236026],[129.57755483628657,-14.798285172048178],[129.63205966307487,-14.843853382461191],[129.64857956213763,-14.834393472418704],[129.74456958656143,-14.852313522728716],[129.7681697952235,-14.841343172698389],[129.80254962319876,-14.858003602897828],[129.88137928875108,-14.820093842816046],[129.86395918980475,-14.801663902635035],[129.9028388776514,-14.773203982529632],[129.86835900962166,-14.7761939924594],[129.81269939270015,-14.822863782663863],[129.75841944582382,-14.82461369255479],[129.75414934611803,-14.803023802387472],[129.77681923483163,-14.795363862380196],[129.7938090739181,-14.769044002225192],[129.80403907333033,-14.769404012251345],[129.8099690130052,-14.763304022220407],[129.81005898300748,-14.760304052198606],[129.7246493878395,-14.791453852242396],[129.67240946089436,-14.7634540019399],[129.66467241140586,-14.726046281652529],[129.589199905817,-14.661244911061466],[129.58514365611578,-14.61381514070873],[129.692388790039,-14.612774740871346],[129.71891841859667,-14.58281477070136],[129.756308096512,-14.569704690680362],[129.7762357454622,-14.536822120481405],[129.66934875140322,-14.580474910593788],[129.52627967952395,-14.55227612018626],[129.48824383171754,-14.503325629789769],[129.52307336980306,-14.465545449548022],[129.49044354163627,-14.460155619475968],[129.50689350070294,-14.471725539576504],[129.48268382203224,-14.500935669767221],[129.48167354213717,-14.449635669391025],[129.454003693688,-14.446375829344234],[129.47446380250312,-14.490975719687134],[129.45319405368576,-14.505045839772645],[129.4511639238171,-14.483565859614037],[129.4226639954271,-14.467325999475417],[129.42073394554674,-14.449916019346935],[129.40061393668486,-14.428266119177016],[129.4023738665904,-14.42149609912848],[129.39785384684572,-14.416116149086749],[129.39795392683448,-14.426456149162371],[129.35677415913557,-14.423616369123733],[129.36888357849648,-14.333686288471068],[129.4194529757205,-14.291106008184716],[129.40930272631337,-14.235926077775098],[129.46386212334863,-14.193665747502143],[129.49639154163023,-14.127875587047688],[129.51204143077845,-14.127035497056422],[129.47748122272858,-14.049955696459858],[129.51584111062573,-14.075355486681133],[129.52508091014957,-14.052325116521542],[129.53560078957327,-14.058345126576848],[129.54224064917543,-14.091135106824755],[129.52767134992376,-14.129985397093996],[129.5567212583259,-14.142145247215673],[129.56716091783136,-14.083845106800318],[129.59487722631678,-14.091217406889932],[129.60929647556563,-14.069576706750754],[129.59064647662734,-14.0328469164556],[129.5988061562181,-14.01047685630213],[129.6092862556161,-14.035596716501086],[129.64088587388952,-14.047186426632605],[129.72652450933492,-14.008225646493221],[129.75240380805795,-13.952185506131157],[129.7412336387519,-13.906085665769407],[129.71693384006963,-13.89627589565093],[129.715533730178,-13.878865935520132],[129.74003311897752,-13.826855755183258],[129.79484220615325,-13.789505345020656],[129.79017206667595,-13.66689596410576],[129.83484084459485,-13.561176123424609],[129.81733069564245,-13.501746582945392],[129.87670977257682,-13.50241311309106],[129.86940988301183,-13.479756222905335],[129.89743929167457,-13.440396152684812],[129.9098995108314,-13.514325713264553],[129.95684890834278,-13.535795183552455],[130.00837807568465,-13.533324633686759],[130.06415675290236,-13.503684023645068],[130.10637560089748,-13.456293723436968],[130.14161529908444,-13.457103303568642],[130.1822344671913,-13.408622943359818],[130.23929673480902,-13.281950132641716],[130.1630636090698,-13.176904831564379],[130.1161842514649,-13.164125291300412],[130.1412028108255,-13.00065496017282],[130.12924275154054,-12.966564609876393],[130.14112229108014,-12.93344410967207],[130.17580155947095,-12.910263609626243],[130.19377127859156,-12.910493489695723],[130.21325125749132,-12.947013790043037],[130.2471306958239,-12.948363590187672],[130.33824871162358,-12.890102760139149],[130.35834816103207,-12.807223259609735],[130.35272727194442,-12.669533488554917],[130.40411674933338,-12.701463489029518],[130.39358643002714,-12.662273258686987],[130.41415556903408,-12.66451106880031],[130.43856460802357,-12.633642288686097],[130.4446746376728,-12.645502308804602],[130.46089395693218,-12.639161948836657],[130.51358305426933,-12.667751419317279],[130.51831360391623,-12.69136172951879],[130.50119477459432,-12.717952389629785],[130.51916522355836,-12.750122669963659],[130.51753462376908,-12.725602309771407],[130.52939434320274,-12.72503213982904],[130.5243347533966,-12.734072369870319],[130.52767483320298,-12.740172429933516],[130.53101483303158,-12.742152429965886],[130.53111430312075,-12.724922119837247],[130.5114243341448,-12.710242149624627],[130.53577399292936,-12.719011959817461],[130.55728301199213,-12.701981379804145],[130.55862354183546,-12.718571679935769],[130.5672429414904,-12.706361389890645],[130.58326301064957,-12.719231470074392],[130.56992409115153,-12.743762040185691],[130.59115347015688,-12.739181740267442],[130.5960327600441,-12.717981310135327],[130.6076626094751,-12.719891230214316],[130.59984298979757,-12.729051490239518],[130.60503299952723,-12.73270150029578],[130.6295424183789,-12.727781170396772],[130.63094281820833,-12.745291440536182],[130.62520307843593,-12.753531560565447],[130.62435379835009,-12.775091100722442],[130.64356250761108,-12.743681290596218],[130.6214619388992,-12.70519085018144],[130.68715124561228,-12.727940600732397],[130.67976178586116,-12.745240950818657],[130.68915166537113,-12.751480910921126],[130.7073406347146,-12.716500240767031],[130.7387702332457,-12.710529950913374],[130.70607054481,-12.710970160717833],[130.69020100551612,-12.719800450689347],[130.67914106608524,-12.713490450576483],[130.70271024506656,-12.695609940582218],[130.7019601651344,-12.69046987053909],[130.6740710363627,-12.707840410504215],[130.67393065646917,-12.691460140380327],[130.6334111984382,-12.686310400107411],[130.616471009351,-12.668700249879397],[130.58587196072259,-12.684430819827586],[130.57341112149984,-12.652230329517952],[130.5456710129212,-12.634290269234457],[130.54991026281988,-12.616089879120446],[130.58283009121672,-12.6229597193496],[130.58651119082853,-12.660440369651061],[130.60719931016587,-12.604299199343988],[130.61886948954603,-12.61562931949438],[130.63113929898802,-12.611399149531916],[130.63390942880918,-12.619419289607896],[130.64289948834784,-12.625169289702393],[130.63818974852626,-12.632859459733233],[130.6411900083165,-12.64414961983518],[130.64244987828465,-12.639409529806787],[130.64412942829753,-12.62378925969908],[130.63148918898543,-12.609019119516024],[130.58923927108765,-12.592109199153134],[130.6039490604694,-12.578378999131264],[130.568419452086,-12.590089329024588],[130.58284896183932,-12.51278877852257],[130.6057686608263,-12.50143847856347],[130.5809687022106,-12.4626285081356],[130.62324822031763,-12.447747938257699],[130.5785090726477,-12.405338927691869],[130.61930859088685,-12.381358727736531],[130.7651569237514,-12.4373568490211],[130.75739728382536,-12.482217159310629],[130.72707775497005,-12.526217709455494],[130.7788971328661,-12.474736999388783],[130.7744077026152,-12.545577759893972],[130.74891800359748,-12.5799581899938],[130.72929808451588,-12.581578219885523],[130.72937816445432,-12.59071830995477],[130.73203821428902,-12.596918360017646],[130.73005812447064,-12.583038239901143],[130.74903805356567,-12.584028230025169],[130.77856775233042,-12.559127920022192],[130.76736816258318,-12.601678380272073],[130.77471839214118,-12.615988530425948],[130.7771381221336,-12.599578330317684],[130.77992840187105,-12.619458580484935],[130.79185842128828,-12.621888570578943],[130.78038837186614,-12.616868540468346],[130.78820766194653,-12.54826777000143],[130.81016748096647,-12.539877610078706],[130.80511774104733,-12.563497890224125],[130.82885784975895,-12.588128130563415],[130.81606763056564,-12.55816782025458],[130.8414775093853,-12.555307720398863],[130.86802785781146,-12.601468160923053],[130.84722807871532,-12.613478380875101],[130.86930798768012,-12.611628271008207],[130.86976847733052,-12.658718711366156],[130.8798181670438,-12.631268411226976],[130.90000832591335,-12.655298571545407],[130.89622841602463,-12.665018701592823],[130.89522860594883,-12.682458851717444],[130.90818829551563,-12.65641856160998],[130.8822979371018,-12.6061881810547],[130.9329378146646,-12.611088001439718],[130.9452980338829,-12.637848251728244],[130.95470798344178,-12.636968201788044],[130.96685785291714,-12.629768071820058],[130.95332766380156,-12.59684779147556],[130.94545771410398,-12.606507911492933],[130.9230875653563,-12.579897721135879],[130.88465755721035,-12.574777820833873],[130.8778276376895,-12.552417080619156],[130.8933674768991,-12.560517620785477],[130.9000374465898,-12.559717600824937],[130.90142740654872,-12.556247540808274],[130.8795373676404,-12.547897530596607],[130.85921697888384,-12.506577070148944],[130.87959711782472,-12.521117200395077],[130.90361707675027,-12.513277070499152],[130.89560718701028,-12.529787270568978],[130.90707705656513,-12.5164370905467],[130.9080472663467,-12.540727350736594],[130.92262696588563,-12.509236990599591],[130.92736718546576,-12.536617260839082],[130.94703725450222,-12.541667261014775],[130.94601726450256,-12.548217321057031],[130.94073731473677,-12.550257351035347],[130.93897736479212,-12.554067411051763],[130.9472872844369,-12.549007341071928],[130.94945720440305,-12.53962723101642],[130.9538573540823,-12.55511737116438],[130.95515715420947,-12.529387110979364],[130.94193707488708,-12.521787070828902],[130.94728687481987,-12.496476810675436],[130.93058681567427,-12.486676750484607],[130.94673671503088,-12.471036560479515],[130.8838992978179,-12.49319292021353],[130.87032601852448,-12.483147290046444],[130.90789662688158,-12.466496570175531],[130.91695658652066,-12.457666440171224],[130.89075659769304,-12.465176550048643],[130.88600644807033,-12.443036359849435],[130.87868658826872,-12.46361653995529],[130.85005759977795,-12.438829869577422],[130.85192938947347,-12.470520559828746],[130.84117991995933,-12.473088739777227],[130.81513769130547,-12.454202609465243],[130.83556841053266,-12.427273419395034],[130.81638642156193,-12.407116519118407],[130.8431662203112,-12.40774629929762],[130.84215801055421,-12.378894199073414],[130.86115596969395,-12.37576606917532],[130.89601573839806,-12.33004583906458],[130.94603587600085,-12.342035799500403],[130.94606595588962,-12.357175879614978],[130.98280590430218,-12.341855739759804],[131.01877610241348,-12.37163571024574],[131.0089260329853,-12.356365730058304],[131.05505590091647,-12.347775400334044],[131.03074595204455,-12.347285560149654],[131.0297758522549,-12.325595529978452],[131.06096587076482,-12.332115400259871]]],[[[130.6606817047394,-11.403378110598892],[130.68499673347966,-11.443220121039236],[130.70164372278907,-11.441108121120172],[130.69451874295393,-11.46383111125027],[130.71093673210805,-11.48868510153439],[130.72231973174073,-11.469743101458661],[130.7519057204363,-11.477919101698408],[130.81036170763616,-11.527370102435373],[130.7333367015381,-11.426883121200397],[130.69665373308675,-11.426610110981429],[130.70481772299348,-11.384960120714345],[130.84908772713854,-11.354747101376658],[130.89934972534877,-11.309304111363625],[131.0325467193723,-11.367234102734653],[131.05196771875046,-11.341961112684928],[131.04047670940562,-11.318614112423191],[131.09191469737615,-11.304046112694376],[131.11295570685476,-11.258887112510386],[131.14833544546306,-11.249861242714067],[131.16591870460556,-11.266097122975046],[131.16837478412165,-11.313439453354722],[131.1876044431464,-11.334888803670124],[131.20812471248695,-11.311119113653241],[131.20943670216212,-11.343825113912862],[131.21924772204616,-11.308487113722897],[131.1908517032749,-11.302625113450329],[131.2043096932596,-11.23653310305452],[131.24707871164364,-11.218862113266635],[131.25176371167143,-11.192690123105574],[131.27628371068985,-11.189739113285865],[131.316033708717,-11.228907113919009],[131.30330768885284,-11.273739124153144],[131.35271470701804,-11.249983124394596],[131.37508468596513,-11.26433510469901],[131.38248469534602,-11.29901311502871],[131.40068870466212,-11.291130125129353],[131.40091668494398,-11.259140104887067],[131.4371107033759,-11.266914125270409],[131.42984771333664,-11.30368810548588],[131.4626924517444,-11.327997475969653],[131.46559869107742,-11.386017126439594],[131.52297168859454,-11.39425012703553],[131.54369368715282,-11.45291012768014],[131.52745768760752,-11.476624107707568],[131.49842068891047,-11.468796117375382],[131.46144868004708,-11.514028117379317],[131.45607868964916,-11.580614107838509],[131.47097068895286,-11.58689311802311],[131.46865169883904,-11.609403128173602],[131.42661370059645,-11.614323127828134],[131.38027370286315,-11.583696117181294],[131.3325906840272,-11.682548107518956],[131.2813066957472,-11.740056117520291],[131.25643467688354,-11.73368310726416],[131.1824917096213,-11.791745117103888],[131.08233468366083,-11.835742116660198],[131.0491466947688,-11.881672116760233],[131.01853768608458,-11.88647510657182],[130.95281870860026,-11.940328106510483],[130.86245672319785,-11.85487111524965],[130.6871647212749,-11.796534113719606],[130.68277074167943,-11.761133113426915],[130.59755178564723,-11.717212392616611],[130.586655736273,-11.689813112351137],[130.57183972685232,-11.701340112358714],[130.55726771763142,-11.674280102077743],[130.53209071868827,-11.680563111994147],[130.4926340705293,-11.654914731601377],[130.4767467213889,-11.620623111264782],[130.49105972109547,-11.557301110858479],[130.4324197338646,-11.503459110170128],[130.41026372546273,-11.364550099021582],[130.39032074629293,-11.365875108941001],[130.38406475664655,-11.345995098763321],[130.4110117156687,-11.314133108645356],[130.3637857179084,-11.254030107981436],[130.37306274790592,-11.169523097385817],[130.40177973674454,-11.165647107484801],[130.5161446014606,-11.280048998893935],[130.5430907203253,-11.283060099053888],[130.55436673994708,-11.266132098984489],[130.59593070809444,-11.289453109380435],[130.6039117275866,-11.321097119662495],[130.554839739416,-11.361816119709019],[130.56927472861494,-11.398028110057941],[130.63769473586956,-11.374927110254703],[130.65693571529064,-11.335603120065587],[130.6606817047394,-11.403378110598892]]],[[[130.6139313448236,-11.736861962854356],[130.64077661351794,-11.7603492431809],[130.60575972467115,-11.826991113488793],[130.56833072640367,-11.811199123167729],[130.49949873933096,-11.829616112950571],[130.3134797377733,-11.77070412164955],[130.13129175555613,-11.825031111361708],[130.04950576916033,-11.823989111088512],[130.02052875058044,-11.776352110645426],[130.03345376007763,-11.755744110529674],[130.07355272829471,-11.764846110721173],[130.06206274884306,-11.750647100578886],[130.07632873848667,-11.668890110011995],[130.1511587351077,-11.706910110545975],[130.20232002310254,-11.64942052029951],[130.21457274251554,-11.66421610045627],[130.2042577328424,-11.695453110651842],[130.22272275201206,-11.702681120775571],[130.2104347324846,-11.718610120848547],[130.23417576136399,-11.740507101103113],[130.21865172213,-11.717807110873524],[130.22610575187582,-11.69993611076789],[130.2075997427077,-11.692727120643882],[130.22048074223696,-11.670052110522368],[130.261829720293,-11.707412100963234],[130.28503572931882,-11.699108120994355],[130.29524572877563,-11.722597111212506],[130.30324273840608,-11.727570111282947],[130.29389873895053,-11.69515311100096],[130.26073075038042,-11.697706120886044],[130.24630949108376,-11.678599780685907],[130.25867474055917,-11.675780120713378],[130.26416072037898,-11.661733110629756],[130.25546573070426,-11.674293110689542],[130.22983174194076,-11.642451110350992],[130.19092172362954,-11.640336120189383],[130.20114475339403,-11.586260119821516],[130.17499174461994,-11.55841911951749],[130.19528574390628,-11.517223109282103],[130.21804173295615,-11.512019119327622],[130.2253127526795,-11.50350811929124],[130.23108373234675,-11.525663109479506],[130.2545147213171,-11.533049099625735],[130.2639447507962,-11.562010109880386],[130.2613247510526,-11.526573099603947],[130.23567072217284,-11.52013709945561],[130.23120575245474,-11.496855109263754],[130.2037847235674,-11.511049109267105],[130.18602375442282,-11.484602119003629],[130.1482727560376,-11.481661118847883],[130.1857177446624,-11.42367909854545],[130.2263517329935,-11.411685108605896],[130.2445247524068,-11.36647310833592],[130.24149174242618,-11.393735108528979],[130.2493587320658,-11.401080108614607],[130.25669673176756,-11.398382108622997],[130.25218475216892,-11.345599108208834],[130.30296475006247,-11.340994108377629],[130.33863973867065,-11.317995108354193],[130.36102474746264,-11.379031108910091],[130.4006207555892,-11.424078109425677],[130.37622272623716,-11.507581119944152],[130.40046872505232,-11.540131110298242],[130.46463175213262,-11.576096110870548],[130.46896572149308,-11.666717121573727],[130.5185717392152,-11.691809112009661],[130.55345273770573,-11.691134122184716],[130.59230176580147,-11.730502382688313],[130.60408155525946,-11.735672132791352],[130.61072138496223,-11.737072012838285],[130.6139313448236,-11.736861962854356]]],[[[132.58566465771892,-11.14429812755013],[132.58659066722115,-11.1763371378118],[132.62023563590995,-11.172104128252574],[132.63154365523437,-11.186834128527261],[132.603298646165,-11.202270118247728],[132.61974864506325,-11.231797118709178],[132.61962662426876,-11.286827129134643],[132.60012566487873,-11.300334128964158],[132.5883316345565,-11.356564139234653],[132.5564406364963,-11.31358311845613],[132.54285964794596,-11.251066127783139],[132.47018264222436,-11.158074116069356],[132.5081466509044,-11.14191412645961],[132.51347065140368,-11.090888126136617],[132.48541066270795,-11.078674135659767],[132.4620956642008,-11.038685125034842],[132.50282065228322,-11.058755125741929],[132.54824464069463,-11.041722126233307],[132.56461767092352,-10.979392125976243],[132.59487564984812,-10.970153136326724],[132.5796016398584,-11.012049126438502],[132.61388864679537,-11.12883312782682],[132.58566465771892,-11.14429812755013]]],[[[135.56041451279498,-12.036407195515054],[135.59401451371068,-11.950618205734441],[135.63100051141095,-11.974900196934236],[135.65616149056254,-11.96588919754883],[135.66551549098588,-11.936413197568093],[135.73361448792903,-11.939375199467419],[135.80389549630289,-11.889437211022097],[135.83519150642502,-11.838348201488648],[135.85163950540743,-11.848927202036913],[135.87086551500462,-11.834229192461244],[135.88931348509652,-11.803829202738488],[135.86613551667722,-11.783775201921014],[135.8757484870555,-11.756628211973927],[135.92834450424803,-11.775560203620216],[135.93840051296723,-11.80443520414004],[135.85817048426063,-11.878648192460519],[135.7978224744099,-11.964221201454034],[135.74264849650947,-11.975218190005954],[135.7358885160405,-12.001989190033825],[135.6366015099445,-12.018285187435316],[135.56660951153972,-12.071667195964931],[135.56041451279498,-12.036407195515054]]],[[[136.49738347069533,-11.435784217782913],[136.4982544720662,-11.391521217450032],[136.51575549129774,-11.393081228004744],[136.57747648074366,-11.331412219424983],[136.58330549209973,-11.281800209203457],[136.62059550201025,-11.237704220014065],[136.62613547280162,-11.20626720993222],[136.64423250195756,-11.20985621053164],[136.66167347207855,-11.184491210875727],[136.68698746076575,-11.193622221751955],[136.705862490774,-11.170139232160077],[136.70692847215946,-11.126358221836858],[136.69894946253774,-11.124510221568123],[136.6942494729062,-11.11894521137344],[136.7163594918276,-11.125011222126048],[136.72220347208903,-11.109884232188817],[136.70024649351146,-11.093035221352572],[136.72598947231043,-11.09850623221667],[136.73740050252923,-11.077972232413225],[136.73439447317688,-11.061819212185403],[136.72955749334253,-11.062607222037492],[136.71332247424195,-11.054729221455869],[136.72603349421678,-11.040118211741543],[136.7460064731656,-11.048141222444693],[136.7371414939757,-11.034085212046714],[136.76021146357937,-11.018436212656695],[136.7672764828321,-11.032717212999712],[136.7225544907843,-11.14937721252223],[136.7198534894115,-11.194679222805693],[136.66705949054457,-11.225087221377008],[136.68440745905616,-11.249336232124325],[136.62602849028661,-11.284277220564363],[136.62737248879336,-11.32879323096923],[136.5995094793092,-11.348048210250425],[136.58881348860672,-11.383470220203483],[136.53455448891384,-11.443536218998767],[136.5166254700092,-11.432399218351424],[136.49323349005215,-11.461417207862912],[136.4740224812361,-11.449144217170005],[136.49738347069533,-11.435784217782913]]]]}},{"type":"Feature","properties":{"STE_CODE21":"8","STE_NAME21":"Australian Capital Territory","AUS_CODE21":"AUS","AUS_NAME21":"Australia"},"geometry":{"type":"Polygon","coordinates":[[[148.80796586970712,-35.30977355391709],[149.1155089455695,-35.12623408865792],[149.13899202176643,-35.1279704106689],[149.18907816937266,-35.1655108851944],[149.2049915188788,-35.22908745698342],[149.2387028745903,-35.22221468981989],[149.23437914263835,-35.2427786995888],[149.2731844846067,-35.25916603302298],[149.27181343299372,-35.273471923002035],[149.31530585597508,-35.276218086752486],[149.36167134466874,-35.30901194096063],[149.39479073033593,-35.30317587377435],[149.39929254760474,-35.319076844269794],[149.35557136026276,-35.35070072071678],[149.2547497783921,-35.330108341921985],[149.20716704377455,-35.345286387953216],[149.13846943377624,-35.42848762265144],[149.1551007102549,-35.435978954119186],[149.13509793104936,-35.45402107253586],[149.15161561350712,-35.493187314206374],[149.13145903893013,-35.55358992289413],[149.14268707218548,-35.592776354113205],[149.07815327302689,-35.58640404857983],[149.1094232541008,-35.69657283197521],[149.0907150281938,-35.765604020844975],[149.0960244272905,-35.84421017182019],[149.04638631530827,-35.92051720811173],[149.01240047333633,-35.899610685091915],[148.96160460170265,-35.896707540775424],[148.90945125546787,-35.853060706084044],[148.88668449450802,-35.81005085388005],[148.90332515851105,-35.7579243449344],[148.88671079601522,-35.71922613327707],[148.87249125796274,-35.72141507209494],[148.85752895524047,-35.76144510110341],[148.79110332296855,-35.70341248514083],[148.7984537364574,-35.66658330551119],[148.7675040637034,-35.64739976279043],[148.78344799359044,-35.62849744399932],[148.7684393990962,-35.603292962574045],[148.78877883780612,-35.58832686417744],[148.76279568348403,-35.49548612138019],[148.78580004074823,-35.40889786272554],[148.80866523052111,-35.382441744464394],[148.79355220826756,-35.33910928290613],[148.80796586970712,-35.30977355391709]]]}}]}